feature_1,feature_2,correlation,absolute_correlation
Rk,Rk_stats_shooting,1.0,1.0
Rk,Rk_stats_misc,1.0,1.0
CrdY,CrdY_stats_misc,1.0,1.0
Age,Age_stats_shooting,1.0,1.0
Age,Age_stats_keeper,1.0,1.0
90s_stats_misc,90s_stats_playing_time,1.0,1.0
CrdR,CrdR_stats_misc,1.0,1.0
Starts,Starts_stats_playing_time,1.0,1.0
90s_stats_keeper,90s_stats_shooting,1.0,1.0
Born,Born_stats_playing_time,1.0,1.0
90s_stats_keeper,90s_stats_playing_time,1.0,1.0
90s_stats_keeper,90s_stats_misc,1.0,1.0
90s,90s_stats_shooting,1.0,1.0
Born_stats_keeper,Born_stats_shooting,1.0,1.0
90s,90s_stats_misc,1.0,1.0
90s,90s_stats_keeper,1.0,1.0
Born_stats_keeper,Born_stats_playing_time,1.0,1.0
Born_stats_misc,Born_stats_playing_time,1.0,1.0
MP_stats_keeper,MP_stats_playing_time,1.0,1.0
Born_stats_keeper,Born_stats_misc,1.0,1.0
90s,90s_stats_playing_time,1.0,1.0
90s_stats_playing_time,90s_stats_shooting,1.0,1.0
Born_stats_playing_time,Born_stats_shooting,1.0,1.0
Age_stats_playing_time,Age_stats_shooting,1.0,1.0
Born,Born_stats_keeper,1.0,1.0
Age_stats_keeper,Age_stats_playing_time,1.0,1.0
Age_stats_keeper,Age_stats_misc,1.0,1.0
90s_stats_misc,90s_stats_shooting,1.0,1.0
Age_stats_keeper,Age_stats_shooting,1.0,1.0
Age_stats_misc,Age_stats_shooting,1.0,1.0
Age,Age_stats_playing_time,1.0,1.0
Age,Age_stats_misc,1.0,1.0
MP,MP_stats_playing_time,1.0,1.0
PK,PK_stats_shooting,1.0,1.0
PKatt,PKatt_stats_shooting,1.0,1.0
Gls,Gls_stats_shooting,1.0,1.0
Age_stats_misc,Age_stats_playing_time,1.0,1.0
Born,Born_stats_misc,1.0,1.0
Rk_stats_misc,Rk_stats_shooting,1.0,1.0
Born_stats_misc,Born_stats_shooting,1.0,1.0
Min,Min_stats_keeper,1.0,1.0
Min,Min_stats_playing_time,1.0,1.0
MP,MP_stats_keeper,1.0,1.0
Starts_stats_keeper,Starts_stats_playing_time,1.0,1.0
Min_stats_keeper,Min_stats_playing_time,1.0,1.0
Starts,Starts_stats_keeper,1.0,1.0
Born,Born_stats_shooting,1.0,1.0
90s_stats_keeper,Min_stats_playing_time,0.9999992180602177,0.9999992180602177
90s,Min_stats_keeper,0.9999992180602177,0.9999992180602177
90s_stats_shooting,Min_stats_keeper,0.9999992180602175,0.9999992180602175
90s_stats_playing_time,Min_stats_keeper,0.9999992180602175,0.9999992180602175
90s_stats_misc,Min_stats_keeper,0.9999992180602175,0.9999992180602175
90s_stats_keeper,Min_stats_keeper,0.9999992180602175,0.9999992180602175
90s_stats_keeper,Min,0.9999992180602175,0.9999992180602175
90s_stats_shooting,Min_stats_playing_time,0.9999966184633726,0.9999966184633726
90s,Min_stats_playing_time,0.9999966184633726,0.9999966184633726
90s_stats_misc,Min_stats_playing_time,0.9999966184633724,0.9999966184633724
90s,Min,0.9999966184633724,0.9999966184633724
90s_stats_playing_time,Min_stats_playing_time,0.9999966184633724,0.9999966184633724
90s_stats_shooting,Min,0.9999966184633724,0.9999966184633724
90s_stats_playing_time,Min,0.9999966184633724,0.9999966184633724
90s_stats_misc,Min,0.9999966184633724,0.9999966184633724
Rk,Rk_stats_playing_time,0.9999609695288563,0.9999609695288563
Rk_stats_playing_time,Rk_stats_shooting,0.9999609695288563,0.9999609695288563
Rk_stats_misc,Rk_stats_playing_time,0.9999609695288563,0.9999609695288563
Compl,Min_stats_keeper,0.9996726696927598,0.9996726696927598
90s_stats_keeper,Compl,0.9996709819808581,0.9996709819808581
90s_stats_keeper,Starts,0.9996372310581488,0.9996372310581488
90s_stats_keeper,Starts_stats_keeper,0.9996372310581488,0.9996372310581488
90s,Starts_stats_keeper,0.9996372310581488,0.9996372310581488
90s_stats_misc,Starts_stats_keeper,0.9996372310581488,0.9996372310581488
90s_stats_keeper,Starts_stats_playing_time,0.9996372310581488,0.9996372310581488
90s_stats_shooting,Starts_stats_keeper,0.9996372310581488,0.9996372310581488
90s_stats_playing_time,Starts_stats_keeper,0.9996372310581488,0.9996372310581488
Min_stats_keeper,Starts_stats_keeper,0.9996364426524897,0.9996364426524897
Min_stats_keeper,Starts,0.9996364426524897,0.9996364426524897
Min_stats_playing_time,Starts_stats_keeper,0.9996364426524897,0.9996364426524897
Min_stats_keeper,Starts_stats_playing_time,0.9996364426524893,0.9996364426524893
Min,Starts_stats_keeper,0.9996364426524893,0.9996364426524893
MP_stats_keeper,Min,0.9996320867531205,0.9996320867531205
MP,Min_stats_keeper,0.9996320867531205,0.9996320867531205
MP_stats_keeper,Min_stats_keeper,0.9996320867531205,0.9996320867531205
MP_stats_playing_time,Min_stats_keeper,0.9996320867531205,0.9996320867531205
MP_stats_keeper,Min_stats_playing_time,0.9996320867531205,0.9996320867531205
90s_stats_playing_time,MP_stats_keeper,0.9996251672005583,0.9996251672005583
90s_stats_keeper,MP_stats_keeper,0.9996251672005583,0.9996251672005583
90s,MP_stats_keeper,0.9996251672005583,0.9996251672005583
90s_stats_keeper,MP_stats_playing_time,0.9996251672005583,0.9996251672005583
90s_stats_keeper,MP,0.9996251672005583,0.9996251672005583
90s_stats_shooting,MP_stats_keeper,0.9996251672005583,0.9996251672005583
90s_stats_misc,MP_stats_keeper,0.9996251672005583,0.9996251672005583
GA,onGA,0.9994777996949876,0.9994777996949876
MP_stats_playing_time,Starts_stats_keeper,0.9994061557291493,0.9994061557291493
MP_stats_keeper,Starts,0.9994061557291493,0.9994061557291493
MP_stats_keeper,Starts_stats_playing_time,0.9994061557291491,0.9994061557291491
MP,Starts_stats_keeper,0.9994061557291491,0.9994061557291491
MP_stats_keeper,Starts_stats_keeper,0.9994061557291491,0.9994061557291491
Compl,Starts_stats_keeper,0.9993411203076207,0.9993411203076207
Compl,MP_stats_keeper,0.9988625715433307,0.9988625715433307
Min,Min%,0.9963261505325092,0.9963261505325092
Min%,Min_stats_playing_time,0.9963261505325092,0.9963261505325092
90s_stats_shooting,Min%,0.9963205338424215,0.9963205338424215
90s,Min%,0.9963205338424215,0.9963205338424215
90s_stats_misc,Min%,0.9963205338424215,0.9963205338424215
90s_stats_playing_time,Min%,0.9963205338424215,0.9963205338424215
Rk_stats_keeper,Rk_stats_playing_time,0.9962036843268642,0.9962036843268642
90s_stats_keeper,Min%,0.9961504305738249,0.9961504305738249
Min%,Min_stats_keeper,0.9961471194363201,0.9961471194363201
MP_stats_keeper,Min%,0.9960679236505999,0.9960679236505999
Min%,Starts_stats_keeper,0.9958776431494581,0.9958776431494581
Rk,Rk_stats_keeper,0.9955575257662453,0.9955575257662453
Rk_stats_keeper,Rk_stats_shooting,0.9955575257662453,0.9955575257662453
Rk_stats_keeper,Rk_stats_misc,0.9955575257662453,0.9955575257662453
Age_stats_keeper,Born_stats_playing_time,-0.9950043347610497,0.9950043347610497
Age,Born_stats_keeper,-0.9950043347610497,0.9950043347610497
Age_stats_keeper,Born_stats_misc,-0.9950043347610497,0.9950043347610497
Age_stats_keeper,Born_stats_shooting,-0.9950043347610497,0.9950043347610497
Age_stats_keeper,Born_stats_keeper,-0.9950043347610497,0.9950043347610497
Age_stats_playing_time,Born_stats_keeper,-0.9950043347610488,0.9950043347610488
Age_stats_shooting,Born_stats_keeper,-0.9950043347610488,0.9950043347610488
Age_stats_keeper,Born,-0.9950043347610488,0.9950043347610488
Age_stats_misc,Born_stats_keeper,-0.9950043347610488,0.9950043347610488
Age_stats_playing_time,Born,-0.9947485923493941,0.9947485923493941
Age_stats_misc,Born_stats_playing_time,-0.9947485923493941,0.9947485923493941
Age_stats_misc,Born,-0.9947485923493941,0.9947485923493941
Age_stats_playing_time,Born_stats_shooting,-0.9947485923493941,0.9947485923493941
Age_stats_shooting,Born,-0.9947485923493941,0.9947485923493941
Age_stats_misc,Born_stats_shooting,-0.9947485923493941,0.9947485923493941
Age,Born_stats_shooting,-0.9947485923493927,0.9947485923493927
Age_stats_shooting,Born_stats_shooting,-0.9947485923493927,0.9947485923493927
Age_stats_playing_time,Born_stats_misc,-0.9947485923493927,0.9947485923493927
Age,Born,-0.9947485923493927,0.9947485923493927
Age,Born_stats_playing_time,-0.9947485923493927,0.9947485923493927
Age_stats_playing_time,Born_stats_playing_time,-0.9947485923493927,0.9947485923493927
Age,Born_stats_misc,-0.9947485923493927,0.9947485923493927
Age_stats_shooting,Born_stats_misc,-0.9947485923493927,0.9947485923493927
Age_stats_shooting,Born_stats_playing_time,-0.9947485923493927,0.9947485923493927
Age_stats_misc,Born_stats_misc,-0.9947485923493927,0.9947485923493927
Saves,SoTA,0.994669238672829,0.994669238672829
90s_stats_shooting,Starts_stats_playing_time,0.9939283677440114,0.9939283677440114
90s_stats_playing_time,Starts_stats_playing_time,0.9939283677440114,0.9939283677440114
90s,Starts_stats_playing_time,0.9939283677440114,0.9939283677440114
90s_stats_shooting,Starts,0.993928367744011,0.993928367744011
90s_stats_playing_time,Starts,0.993928367744011,0.993928367744011
90s_stats_misc,Starts,0.993928367744011,0.993928367744011
90s_stats_misc,Starts_stats_playing_time,0.993928367744011,0.993928367744011
90s,Starts,0.993928367744011,0.993928367744011
Min_stats_playing_time,Starts,0.9939259279654815,0.9939259279654815
Min,Starts_stats_playing_time,0.9939259279654815,0.9939259279654815
Min_stats_playing_time,Starts_stats_playing_time,0.9939259279654815,0.9939259279654815
Min,Starts,0.9939259279654815,0.9939259279654815
Min%,Starts,0.9903946279320658,0.9903946279320658
Min%,Starts_stats_playing_time,0.9903946279320657,0.9903946279320657
+/-90,On-Off,0.9865219119103051,0.9865219119103051
G-PK,Gls_stats_shooting,0.9774072301490737,0.9774072301490737
G-PK,Gls,0.9774072301490735,0.9774072301490735
GA,SoTA,0.9738885551025405,0.9738885551025405
SoTA,onGA,0.9735804941712571,0.9735804941712571
PK,PKatt,0.9655412708971787,0.9655412708971787
PK,PKatt_stats_shooting,0.9655412708971787,0.9655412708971787
PK_stats_shooting,PKatt_stats_shooting,0.9655412708971787,0.9655412708971787
PK_stats_shooting,PKatt,0.9655412708971787,0.9655412708971787
Min%,SoTA,0.9644418429274446,0.9644418429274446
Compl,SoTA,0.963302483116827,0.963302483116827
Min,SoTA,0.9630282146720186,0.9630282146720186
Min_stats_keeper,SoTA,0.9630282146720186,0.9630282146720186
Min_stats_playing_time,SoTA,0.9630282146720186,0.9630282146720186
90s_stats_keeper,SoTA,0.9629944079916017,0.9629944079916017
90s_stats_misc,SoTA,0.9629944079916017,0.9629944079916017
90s_stats_playing_time,SoTA,0.9629944079916017,0.9629944079916017
90s_stats_shooting,SoTA,0.9629944079916017,0.9629944079916017
90s,SoTA,0.9629944079916017,0.9629944079916017
Compl,Saves,0.9627164399953178,0.9627164399953178
SoTA,Starts,0.9626379934006967,0.9626379934006967
SoTA,Starts_stats_playing_time,0.9626379934006967,0.9626379934006967
SoTA,Starts_stats_keeper,0.9626379934006967,0.9626379934006967
MP_stats_keeper,SoTA,0.9625444762410355,0.9625444762410355
MP,SoTA,0.9625444762410355,0.9625444762410355
MP_stats_playing_time,SoTA,0.9625444762410355,0.9625444762410355
Min_stats_playing_time,Saves,0.962430464450796,0.962430464450796
Min,Saves,0.962430464450796,0.962430464450796
Min_stats_keeper,Saves,0.962430464450796,0.962430464450796
90s_stats_keeper,Saves,0.9623881817378416,0.9623881817378416
90s,Saves,0.9623881817378416,0.9623881817378416
90s_stats_playing_time,Saves,0.9623881817378415,0.9623881817378415
90s_stats_misc,Saves,0.9623881817378415,0.9623881817378415
90s_stats_shooting,Saves,0.9623881817378415,0.9623881817378415
Saves,Starts_stats_keeper,0.9619764798323396,0.9619764798323396
Saves,Starts_stats_playing_time,0.9619764798323396,0.9619764798323396
Saves,Starts,0.9619764798323396,0.9619764798323396
MP_stats_keeper,Saves,0.9618780437127206,0.9618780437127206
MP,Saves,0.9618780437127206,0.9618780437127206
MP_stats_playing_time,Saves,0.9618780437127203,0.9618780437127203
Min%,Saves,0.9616356569920663,0.9616356569920663
Sh,SoT,0.9540898783533259,0.9540898783533259
W,onG,0.9495783690776844,0.9495783690776844
PKA,PKatt_stats_keeper,0.94712822084362,0.94712822084362
GA,Saves,0.9467838012988627,0.9467838012988627
Saves,onGA,0.9465906954372029,0.9465906954372029
GA,Min%,0.9358432995357403,0.9358432995357403
GA,L,0.9351520608916704,0.9351520608916704
L,onGA,0.9342364270361352,0.9342364270361352
Min%,onGA,0.9310289558313001,0.9310289558313001
Compl,GA,0.9289968620022975,0.9289968620022975
GA,Min_stats_playing_time,0.9286192360744896,0.9286192360744896
GA,Min_stats_keeper,0.9286192360744895,0.9286192360744895
GA,Min,0.9286192360744895,0.9286192360744895
90s,GA,0.9286144993841569,0.9286144993841569
90s_stats_shooting,GA,0.9286144993841569,0.9286144993841569
90s_stats_misc,GA,0.9286144993841569,0.9286144993841569
90s_stats_playing_time,GA,0.9286144993841569,0.9286144993841569
90s_stats_keeper,GA,0.9286144993841569,0.9286144993841569
GA,Starts,0.9283410654839369,0.9283410654839369
GA,Starts_stats_keeper,0.9283410654839369,0.9283410654839369
GA,Starts_stats_playing_time,0.9283410654839368,0.9283410654839368
GA,MP_stats_playing_time,0.9282010834829242,0.9282010834829242
GA,MP_stats_keeper,0.9282010834829242,0.9282010834829242
GA,MP,0.9282010834829242,0.9282010834829242
Min_stats_keeper,onGA,0.9277338590762371,0.9277338590762371
90s_stats_keeper,onGA,0.9277246134877699,0.9277246134877699
Starts_stats_keeper,onGA,0.9271899513902382,0.9271899513902382
MP_stats_keeper,onGA,0.9270976370520113,0.9270976370520113
Min_stats_playing_time,onGA,0.9253524737083086,0.9253524737083086
Min,onGA,0.9253524737083086,0.9253524737083086
90s_stats_misc,onGA,0.925336732780487,0.925336732780487
90s_stats_shooting,onGA,0.925336732780487,0.925336732780487
90s_stats_playing_time,onGA,0.925336732780487,0.925336732780487
90s,onGA,0.925336732780487,0.925336732780487
G+A,Gls_stats_shooting,0.9209934544784576,0.9209934544784576
G+A,Gls,0.9209934544784575,0.9209934544784575
L,SoTA,0.9174394073056042,0.9174394073056042
Starts_stats_playing_time,onGA,0.916472245474709,0.916472245474709
Starts,onGA,0.916472245474709,0.916472245474709
MP,Min,0.9163560443662621,0.9163560443662621
MP_stats_playing_time,Min_stats_playing_time,0.9163560443662621,0.9163560443662621
MP,Min_stats_playing_time,0.9163560443662621,0.9163560443662621
MP_stats_playing_time,Min,0.9163560443662621,0.9163560443662621
90s_stats_shooting,MP,0.916341069144059,0.916341069144059
90s_stats_shooting,MP_stats_playing_time,0.916341069144059,0.916341069144059
90s_stats_misc,MP,0.916341069144059,0.916341069144059
90s,MP,0.916341069144059,0.916341069144059
90s_stats_playing_time,MP,0.916341069144059,0.916341069144059
90s_stats_misc,MP_stats_playing_time,0.916341069144059,0.916341069144059
90s_stats_playing_time,MP_stats_playing_time,0.916341069144059,0.916341069144059
90s,MP_stats_playing_time,0.916341069144059,0.916341069144059
Gls_stats_shooting,SoT,0.9156613648429749,0.9156613648429749
Gls,SoT,0.9156613648429749,0.9156613648429749
MP_stats_playing_time,Min%,0.9109241353227631,0.9109241353227631
MP,Min%,0.9109241353227631,0.9109241353227631
G+A,G-PK,0.9093083169899145,0.9093083169899145
G-PK,SoT,0.9045761733305531,0.9045761733305531
G+A,SoT,0.8990465326715226,0.8990465326715226
CS,W,0.8986779108428044,0.8986779108428044
MP_stats_playing_time,Starts_stats_playing_time,0.8975512666373315,0.8975512666373315
MP,Starts,0.8975512666373315,0.8975512666373315
MP,Starts_stats_playing_time,0.8975512666373315,0.8975512666373315
MP_stats_playing_time,Starts,0.8975512666373315,0.8975512666373315
L,Saves,0.8946029859378783,0.8946029859378783
MP_stats_keeper,onG,0.8839902589781082,0.8839902589781082
90s_stats_keeper,onG,0.8828841979047134,0.8828841979047134
Min_stats_keeper,onG,0.8828332072953498,0.8828332072953498
Starts_stats_keeper,onG,0.8825433038966775,0.8825433038966775
Compl,D,0.8823487611003272,0.8823487611003272
D,Min_stats_playing_time,0.8816734885225762,0.8816734885225762
D,Min,0.8816734885225762,0.8816734885225762
D,Min_stats_keeper,0.8816734885225762,0.8816734885225762
90s_stats_shooting,D,0.8816094355818397,0.8816094355818397
90s,D,0.8816094355818397,0.8816094355818397
90s_stats_keeper,D,0.8816094355818397,0.8816094355818397
90s_stats_playing_time,D,0.8816094355818397,0.8816094355818397
90s_stats_misc,D,0.8816094355818397,0.8816094355818397
Min%,onG,0.8816007627044106,0.8816007627044106
D,Starts_stats_playing_time,0.8815313678390492,0.8815313678390492
D,Starts,0.8815313678390492,0.8815313678390492
D,Starts_stats_keeper,0.8815313678390492,0.8815313678390492
G+A,Sh,0.8812344798922656,0.8812344798922656
D,MP_stats_playing_time,0.8810826819102173,0.8810826819102173
D,MP,0.8810826819102173,0.8810826819102173
D,MP_stats_keeper,0.8810826819102173,0.8810826819102173
90s_stats_playing_time,Compl,0.8795078166893,0.8795078166893
90s,Compl,0.8795078166893,0.8795078166893
90s_stats_shooting,Compl,0.8795078166893,0.8795078166893
90s_stats_misc,Compl,0.8795078166892999,0.8795078166892999
Compl,Min_stats_playing_time,0.8794729441486945,0.8794729441486945
Compl,Min,0.8794729441486945,0.8794729441486945
Compl,Min%,0.8772848058728057,0.8772848058728057
Min,onG,0.876633983309042,0.876633983309042
Min_stats_playing_time,onG,0.876633983309042,0.876633983309042
90s_stats_playing_time,onG,0.8765975506707344,0.8765975506707344
90s_stats_misc,onG,0.8765975506707344,0.8765975506707344
90s_stats_shooting,onG,0.8765975506707344,0.8765975506707344
90s,onG,0.8765975506707344,0.8765975506707344
D,SoTA,0.8754759217905059,0.8754759217905059
D,Min%,0.8750292429953755,0.8750292429953755
D,Saves,0.8740550234298566,0.8740550234298566
Starts_stats_playing_time,onG,0.8677146592094637,0.8677146592094637
Starts,onG,0.8677146592094637,0.8677146592094637
Compl,Starts_stats_playing_time,0.8626703544220583,0.8626703544220583
Compl,Starts,0.8626703544220583,0.8626703544220583
Gls_stats_shooting,Sh,0.8587783667464421,0.8587783667464421
Gls,Sh,0.8587783667464421,0.8587783667464421
G-PK,Sh,0.8539526690546401,0.8539526690546401
MP_stats_playing_time,onGA,0.8512812398405791,0.8512812398405791
MP,onGA,0.8512812398405791,0.8512812398405791
Starts_stats_keeper,unSub,-0.8500217047079777,0.8500217047079777
MP_stats_keeper,unSub,-0.8484137113556233,0.8484137113556233
90s_stats_keeper,unSub,-0.8473045010915008,0.8473045010915008
Min_stats_keeper,unSub,-0.8472580394877675,0.8472580394877675
D,GA,0.846982764698004,0.846982764698004
D,onGA,0.8464083610153426,0.8464083610153426
CS,onG,0.8435241998992242,0.8435241998992242
L,Starts,0.842843711434387,0.842843711434387
L,Starts_stats_playing_time,0.842843711434387,0.842843711434387
L,Starts_stats_keeper,0.842843711434387,0.842843711434387
Compl,L,0.8427696112636975,0.8427696112636975
L,Min_stats_playing_time,0.8420113755944341,0.8420113755944341
L,Min,0.8420113755944341,0.8420113755944341
L,Min_stats_keeper,0.8420113755944341,0.8420113755944341
90s_stats_shooting,L,0.8419995669306068,0.8419995669306068
90s_stats_keeper,L,0.8419995669306068,0.8419995669306068
90s,L,0.8419995669306068,0.8419995669306068
90s_stats_misc,L,0.8419995669306068,0.8419995669306068
90s_stats_playing_time,L,0.8419995669306068,0.8419995669306068
L,MP_stats_keeper,0.841447443142562,0.841447443142562
L,MP,0.841447443142562,0.841447443142562
L,MP_stats_playing_time,0.841447443142562,0.841447443142562
L,Min%,0.8413692515862836,0.8413692515862836
CS,MP_stats_keeper,0.8298166403555425,0.8298166403555425
CS,MP_stats_playing_time,0.8298166403555425,0.8298166403555425
CS,MP,0.8298166403555425,0.8298166403555425
CS,Starts,0.8294577709855369,0.8294577709855369
CS,Starts_stats_keeper,0.8294577709855369,0.8294577709855369
CS,Starts_stats_playing_time,0.8294577709855369,0.8294577709855369
CS,Min,0.8293804154302928,0.8293804154302928
CS,Min_stats_keeper,0.8293804154302928,0.8293804154302928
CS,Min_stats_playing_time,0.8293804154302928,0.8293804154302928
90s_stats_misc,CS,0.8293711548955651,0.8293711548955651
90s_stats_shooting,CS,0.8293711548955651,0.8293711548955651
90s_stats_playing_time,CS,0.8293711548955651,0.8293711548955651
90s_stats_keeper,CS,0.829371154895565,0.829371154895565
90s,CS,0.829371154895565,0.829371154895565
CS,Compl,0.8280343039125452,0.8280343039125452
Compl,onGA,0.8241228731285403,0.8241228731285403
CS,Min%,0.8193829597938364,0.8193829597938364
SoTA,unSub,-0.8168920196260434,0.8168920196260434
Int,TklW,0.816817459002539,0.816817459002539
Saves,unSub,-0.8160391455462703,0.8160391455462703
MP_stats_playing_time,onG,0.8123549091323523,0.8123549091323523
MP,onG,0.8123549091323523,0.8123549091323523
MP_stats_playing_time,W,0.8123441884815921,0.8123441884815921
MP_stats_keeper,W,0.8123441884815921,0.8123441884815921
MP,W,0.8123441884815921,0.8123441884815921
Starts,W,0.8120385260272899,0.8120385260272899
Starts_stats_playing_time,W,0.8120385260272899,0.8120385260272899
Starts_stats_keeper,W,0.8120385260272899,0.8120385260272899
90s_stats_playing_time,W,0.811995322170414,0.811995322170414
90s,W,0.811995322170414,0.811995322170414
90s_stats_keeper,W,0.811995322170414,0.811995322170414
90s_stats_misc,W,0.811995322170414,0.811995322170414
90s_stats_shooting,W,0.811995322170414,0.811995322170414
Min_stats_playing_time,W,0.8119459776403757,0.8119459776403757
Min_stats_keeper,W,0.8119459776403756,0.8119459776403756
Min,W,0.8119459776403756,0.8119459776403756
PKatt_stats_keeper,onGA,0.8104980224497662,0.8104980224497662
GA,PKatt_stats_keeper,0.8103022020331607,0.8103022020331607
Compl,W,0.8102585529536449,0.8102585529536449
Min%,W,0.8083636112952799,0.8083636112952799
G/Sh,G/SoT,0.8013339934652013,0.8013339934652013
GA,PKA,0.7970480968527857,0.7970480968527857
PKA,onGA,0.7968978770622099,0.7968978770622099
PKatt_stats_keeper,Saves,0.7964897771203021,0.7964897771203021
Min%,PKatt_stats_keeper,0.7961597226196363,0.7961597226196363
PKatt_stats_keeper,SoTA,0.7959478925031681,0.7959478925031681
GA,unSub,-0.7879135116139347,0.7879135116139347
Compl,PKatt_stats_keeper,0.7868216654321655,0.7868216654321655
90s,PKatt_stats_keeper,0.7853187680992605,0.7853187680992605
90s_stats_playing_time,PKatt_stats_keeper,0.7853187680992605,0.7853187680992605
90s_stats_keeper,PKatt_stats_keeper,0.7853187680992605,0.7853187680992605
90s_stats_misc,PKatt_stats_keeper,0.7853187680992605,0.7853187680992605
90s_stats_shooting,PKatt_stats_keeper,0.7853187680992605,0.7853187680992605
Min,PKatt_stats_keeper,0.7852941141913047,0.7852941141913047
Min_stats_playing_time,PKatt_stats_keeper,0.7852941141913047,0.7852941141913047
Min_stats_keeper,PKatt_stats_keeper,0.7852941141913047,0.7852941141913047
PKatt_stats_keeper,Starts_stats_playing_time,0.7845229928741588,0.7845229928741588
PKatt_stats_keeper,Starts,0.7845229928741587,0.7845229928741587
PKatt_stats_keeper,Starts_stats_keeper,0.7845229928741587,0.7845229928741587
MP,PKatt_stats_keeper,0.7839300241494238,0.7839300241494238
MP_stats_keeper,PKatt_stats_keeper,0.7839300241494238,0.7839300241494238
MP_stats_playing_time,PKatt_stats_keeper,0.7839300241494237,0.7839300241494237
Saves,onG,0.7824947331931342,0.7824947331931342
Ast,G+A,0.7819994671861614,0.7819994671861614
SoTA,onG,0.7800185550670274,0.7800185550670274
Mn/MP,Mn/Start,0.7748850246898769,0.7748850246898769
PKA,SoTA,0.7717918640960355,0.7717918640960355
+/-90,GA90,-0.769874041080865,0.769874041080865
PKA,Saves,0.7676590372356293,0.7676590372356293
Mn/MP,Starts_stats_playing_time,0.7675604488240153,0.7675604488240153
Mn/MP,Starts,0.7675604488240152,0.7675604488240152
Min%,PKA,0.7649459680163585,0.7649459680163585
Compl,onG,0.7642995345596751,0.7642995345596751
Min%,Mn/MP,0.7617796168895273,0.7617796168895273
90s_stats_playing_time,Mn/MP,0.7592920322677233,0.7592920322677233
90s,Mn/MP,0.7592920322677233,0.7592920322677233
90s_stats_misc,Mn/MP,0.7592920322677233,0.7592920322677233
90s_stats_shooting,Mn/MP,0.7592920322677233,0.7592920322677233
Min_stats_playing_time,Mn/MP,0.7592827819778238,0.7592827819778238
Min,Mn/MP,0.7592827819778238,0.7592827819778238
Compl,PKA,0.7573182853835606,0.7573182853835606
90s_stats_keeper,PKA,0.756511799384613,0.756511799384613
90s_stats_playing_time,PKA,0.756511799384613,0.756511799384613
90s_stats_shooting,PKA,0.756511799384613,0.756511799384613
90s_stats_misc,PKA,0.756511799384613,0.756511799384613
90s,PKA,0.756511799384613,0.756511799384613
PKA,Starts_stats_keeper,0.7564763980454721,0.7564763980454721
PKA,Starts,0.7564763980454721,0.7564763980454721
PKA,Starts_stats_playing_time,0.7564763980454718,0.7564763980454718
Min,PKA,0.7564365392138868,0.7564365392138868
Min_stats_playing_time,PKA,0.7564365392138868,0.7564365392138868
Min_stats_keeper,PKA,0.7564365392138868,0.7564365392138868
MP_stats_playing_time,PKA,0.7556962638728645,0.7556962638728645
MP,PKA,0.7556962638728645,0.7556962638728645
MP_stats_keeper,PKA,0.7556962638728645,0.7556962638728645
Fls,TklW,0.7551757406123767,0.7551757406123767
GA,onG,0.7462217312626973,0.7462217312626973
D,L,0.7442401805027169,0.7442401805027169
onG,onGA,0.7433813490700774,0.7433813490700774
D,unSub,-0.7433589020228198,0.7433589020228198
L,PKatt_stats_keeper,0.7429290362967411,0.7429290362967411
CrdY_stats_misc,Fls,0.7392185059199672,0.7392185059199672
CrdY,Fls,0.7392185059199672,0.7392185059199672
Compl,Mn/MP,0.7391035209840932,0.7391035209840932
CS,Saves,0.7369406339540884,0.7369406339540884
90s_stats_keeper,SoT%,-0.7352525329898252,0.7352525329898252
Min_stats_keeper,SoT%,-0.732341105862064,0.732341105862064
Fls,MP,0.7264727562079846,0.7264727562079846
Fls,MP_stats_playing_time,0.7264727562079846,0.7264727562079846
SoT%,Starts_stats_keeper,-0.7240661880382168,0.7240661880382168
MP_stats_keeper,SoT%,-0.7240661880382168,0.7240661880382168
D,PKatt_stats_keeper,0.7233180673116268,0.7233180673116268
L,PKA,0.7180652348031339,0.7180652348031339
L,unSub,-0.7121459656745814,0.7121459656745814
Mn/MP,onGA,0.711073871262054,0.711073871262054
PKA,SoT%,-0.7106690545187013,0.7106690545187013
CS,unSub,-0.7080766387356786,0.7080766387356786
Starts_stats_playing_time,TklW,0.7074502888127271,0.7074502888127271
Starts,TklW,0.7074502888127271,0.7074502888127271
90s,TklW,0.7062860445059332,0.7062860445059332
90s_stats_misc,TklW,0.7062860445059332,0.7062860445059332
90s_stats_playing_time,TklW,0.7062860445059332,0.7062860445059332
90s_stats_shooting,TklW,0.7062860445059332,0.7062860445059332
Min_stats_playing_time,TklW,0.7062762059813706,0.7062762059813706
Min,TklW,0.7062762059813706,0.7062762059813706
D,PKA,0.7048857789460201,0.7048857789460201
Fls,Starts,0.7046110245847693,0.7046110245847693
Fls,Starts_stats_playing_time,0.7046110245847693,0.7046110245847693
Fld,Starts_stats_keeper,0.7044594252181381,0.7044594252181381
CS,SoTA,0.7041789100210087,0.7041789100210087
Fld,MP_stats_keeper,0.7040617140439246,0.7040617140439246
Min%,TklW,0.7035227655958848,0.7035227655958848
Fld,Fls,0.7030347853304706,0.7030347853304706
90s_stats_keeper,Fld,0.7027636396472876,0.7027636396472876
Fld,Min_stats_keeper,0.7027137017051466,0.7027137017051466
90s_stats_playing_time,Fls,0.6995142568491023,0.6995142568491023
90s_stats_shooting,Fls,0.6995142568491023,0.6995142568491023
90s_stats_misc,Fls,0.6995142568491023,0.6995142568491023
90s,Fls,0.6995142568491023,0.6995142568491023
Fls,Min_stats_playing_time,0.6994744662015513,0.6994744662015513
Fls,Min,0.6994744662015513,0.6994744662015513
D,onG,0.6993447811100221,0.6993447811100221
W,unSub,-0.6977630617263484,0.6977630617263484
Fls,Min%,0.6922224800208719,0.6922224800208719
Int,Min%,0.6913785463678412,0.6913785463678412
90s_stats_playing_time,Int,0.6890489442585525,0.6890489442585525
90s,Int,0.6890489442585525,0.6890489442585525
90s_stats_misc,Int,0.6890489442585525,0.6890489442585525
90s_stats_shooting,Int,0.6890489442585525,0.6890489442585525
Int,Min,0.6890193268489732,0.6890193268489732
Int,Min_stats_playing_time,0.6890193268489732,0.6890193268489732
Int,Starts_stats_playing_time,0.6872877901155768,0.6872877901155768
Int,Starts,0.6872877901155768,0.6872877901155768
Saves,W,0.6872277607487108,0.6872277607487108
Off,SoT,0.6841633497656526,0.6841633497656526
CrdY_stats_misc,TklW,0.6813360264914857,0.6813360264914857
CrdY,TklW,0.6813360264914857,0.6813360264914857
Fld,MP,0.6796822447248957,0.6796822447248957
Fld,MP_stats_playing_time,0.6796822447248957,0.6796822447248957
CS,D,0.679133390440259,0.679133390440259
Compl,MP,0.6775810182706241,0.6775810182706241
Compl,MP_stats_playing_time,0.6775810182706241,0.6775810182706241
MP,TklW,0.674611276365703,0.674611276365703
MP_stats_playing_time,TklW,0.674611276365703,0.674611276365703
Off,Sh,0.6720386276877502,0.6720386276877502
Fld,Sh,0.6694168506901571,0.6694168506901571
SoTA,W,0.6664997336646065,0.6664997336646065
GA90,Save%,-0.6646208982032538,0.6646208982032538
GA90,On-Off,-0.6619105556780475,0.6619105556780475
Fld,SoTA,0.661043506273151,0.661043506273151
Mn/MP,onG,0.6605355263167042,0.6605355263167042
Fld,Saves,0.6603082578566113,0.6603082578566113
TklW,onGA,0.6592051717731996,0.6592051717731996
PKatt_stats_keeper,unSub,-0.6587934263241396,0.6587934263241396
Int,onGA,0.6575891349067845,0.6575891349067845
CrdY,Starts,0.6547193697976266,0.6547193697976266
CrdY,Starts_stats_playing_time,0.6547193697976266,0.6547193697976266
CrdY_stats_misc,Starts,0.6547193697976266,0.6547193697976266
CrdY_stats_misc,Starts_stats_playing_time,0.6547193697976266,0.6547193697976266
Fld,Starts_stats_playing_time,0.6537079571767428,0.6537079571767428
Fld,Starts,0.6537079571767428,0.6537079571767428
90s_stats_misc,CrdY,0.65290353499491,0.65290353499491
90s_stats_playing_time,CrdY,0.65290353499491,0.65290353499491
90s_stats_shooting,CrdY,0.65290353499491,0.65290353499491
90s_stats_shooting,CrdY_stats_misc,0.6529035349949099,0.6529035349949099
90s_stats_playing_time,CrdY_stats_misc,0.6529035349949099,0.6529035349949099
90s,CrdY,0.6529035349949099,0.6529035349949099
90s,CrdY_stats_misc,0.6529035349949099,0.6529035349949099
90s_stats_misc,CrdY_stats_misc,0.6529035349949099,0.6529035349949099
CrdY_stats_misc,Min,0.6528971291652218,0.6528971291652218
CrdY_stats_misc,Min_stats_playing_time,0.6528971291652218,0.6528971291652218
CrdY,Min,0.6528971291652218,0.6528971291652218
CrdY,Min_stats_playing_time,0.6528971291652218,0.6528971291652218
Gls_stats_shooting,Off,0.651992660832034,0.651992660832034
Gls,Off,0.651992660832034,0.651992660832034
PKatt_stats_keeper,onG,0.650498800041781,0.650498800041781
Fld,Min,0.6496300593209853,0.6496300593209853
Fld,Min_stats_playing_time,0.6496300593209853,0.6496300593209853
90s_stats_playing_time,Fld,0.6496243008166812,0.6496243008166812
90s,Fld,0.6496243008166812,0.6496243008166812
90s_stats_shooting,Fld,0.6496243008166812,0.6496243008166812
90s_stats_misc,Fld,0.6496243008166812,0.6496243008166812
CrdY_stats_misc,Int,0.6494682044198837,0.6494682044198837
CrdY,Int,0.6494682044198837,0.6494682044198837
CrdY_stats_misc,Min%,0.6479513634494287,0.6479513634494287
CrdY,Min%,0.6479513634494286,0.6479513634494286
Compl,Int,0.6468858673033318,0.6468858673033318
Fls,Int,0.6462392215134048,0.6462392215134048
PKA,onG,0.6439450562031331,0.6439450562031331
Fld,Min%,0.6438579954979876,0.6438579954979876
G-PK,Off,0.6417043266691299,0.6417043266691299
Gls,PKatt,0.6387473429853995,0.6387473429853995
Gls,PKatt_stats_shooting,0.6387473429853995,0.6387473429853995
Gls_stats_shooting,PKatt,0.6387473429853995,0.6387473429853995
Gls_stats_shooting,PKatt_stats_shooting,0.6387473429853995,0.6387473429853995
Compl,Mn/Start,0.6382829875759354,0.6382829875759354
CS,Fld,0.6374535992413817,0.6374535992413817
Fls,onGA,0.6371245026371395,0.6371245026371395
PKA,unSub,-0.6368611296678064,0.6368611296678064
CrdY,MP_stats_playing_time,0.6302549457545302,0.6302549457545302
CrdY_stats_misc,MP,0.6302549457545301,0.6302549457545301
CrdY_stats_misc,MP_stats_playing_time,0.6302549457545301,0.6302549457545301
CrdY,MP,0.6302549457545301,0.6302549457545301
Fld,GA,0.6297661987711218,0.6297661987711218
G+A,Off,0.6273960355318792,0.6273960355318792
Ast,Crs,0.6260147694173935,0.6260147694173935
PKatt_stats_keeper,PKsv,0.6201417963620611,0.6201417963620611
D,Fld,0.6142549760339354,0.6142549760339354
Ast,Sh,0.6136629504421829,0.6136629504421829
Gls_stats_shooting,PK,0.6100237855372697,0.6100237855372697
Gls_stats_shooting,PK_stats_shooting,0.6100237855372697,0.6100237855372697
Gls,PK,0.6100237855372697,0.6100237855372697
Gls,PK_stats_shooting,0.6100237855372697,0.6100237855372697
MP_stats_playing_time,Sh,0.6097713568134067,0.6097713568134067
MP,Sh,0.6097713568134066,0.6097713568134066
CrdY_stats_misc,onGA,0.6081230673904099,0.6081230673904099
CrdY,onGA,0.6081230673904098,0.6081230673904098
Int,MP_stats_playing_time,0.6081102415717752,0.6081102415717752
Int,MP,0.6081102415717752,0.6081102415717752
Fld,TklW,0.6031531561987017,0.6031531561987017
CS%,GA90,-0.602824887600777,0.602824887600777
CS,GA,0.5998978833257576,0.5998978833257576
CS,onGA,0.5975810716567451,0.5975810716567451
TklW,onG,0.5951384686156602,0.5951384686156602
GA,W,0.5941107396941561,0.5941107396941561
W,onGA,0.5927993855251662,0.5927993855251662
2CrdY,CrdR,0.5892500882657355,0.5892500882657355
2CrdY,CrdR_stats_misc,0.5892500882657355,0.5892500882657355
Fld,SoT,0.587436308217727,0.587436308217727
G+A-PK,G/Sh,0.5863390698571859,0.5863390698571859
Fls,Sh,0.5860812701116171,0.5860812701116171
Fld,L,0.5860591320430596,0.5860591320430596
Fls,onG,0.5840575879995059,0.5840575879995059
Int,onG,0.5833994315889707,0.5833994315889707
PKatt_stats_keeper,SoT%,-0.5830724136632028,0.5830724136632028
Fld,W,0.5810295923644627,0.5810295923644627
Fld,onGA,0.5805733474865924,0.5805733474865924
CrdY_stats_misc,MP_stats_keeper,0.5782435094794375,0.5782435094794375
CrdY,MP_stats_keeper,0.5782435094794375,0.5782435094794375
90s_stats_keeper,CrdY,0.5775678257235508,0.5775678257235508
90s_stats_keeper,CrdY_stats_misc,0.5775678257235506,0.5775678257235506
CrdY,Min_stats_keeper,0.5775404608180381,0.5775404608180381
CrdY_stats_misc,Min_stats_keeper,0.5775404608180381,0.5775404608180381
CrdY_stats_misc,Starts_stats_keeper,0.5774835448300215,0.5774835448300215
CrdY,Starts_stats_keeper,0.5774835448300215,0.5774835448300215
MP,Mn/MP,0.5772555591318158,0.5772555591318158
MP_stats_playing_time,Mn/MP,0.5772555591318158,0.5772555591318158
+/-,W,0.5768612568159315,0.5768612568159315
G+A,onG,0.5755997189641578,0.5755997189641578
D,W,0.574407455195007,0.574407455195007
Compl,TklW,0.5718400526733729,0.5718400526733729
Fld,G+A,0.5714711719704727,0.5714711719704727
Mn/MP,Mn/Sub,0.5705672807691515,0.5705672807691515
CS%,Save%,0.5679977491127187,0.5679977491127187
+/-,PPM,0.5663420040063277,0.5663420040063277
PKatt,SoT,0.5655768227828947,0.5655768227828947
PKatt_stats_shooting,SoT,0.5655768227828946,0.5655768227828946
Ast,SoT,0.5628315805842068,0.5628315805842068
Min%,Mn/Start,0.5578318423630607,0.5578318423630607
G+A,PKatt,0.5569099621480778,0.5569099621480778
G+A,PKatt_stats_shooting,0.5569099621480778,0.5569099621480778
90s_stats_misc,Mn/Start,0.5543811559665377,0.5543811559665377
90s_stats_shooting,Mn/Start,0.5543811559665375,0.5543811559665375
90s_stats_playing_time,Mn/Start,0.5543811559665375,0.5543811559665375
90s,Mn/Start,0.5543811559665375,0.5543811559665375
Min,Mn/Start,0.5543791923265541,0.5543791923265541
Min_stats_playing_time,Mn/Start,0.5543791923265541,0.5543791923265541
Fld,onG,0.5516890367496219,0.5516890367496219
CrdY_stats_misc,onG,0.5490110049158302,0.5490110049158302
CrdY,onG,0.5490110049158302,0.5490110049158302
Sh,onG,0.5489840691970023,0.5489840691970023
L,onG,0.5467340500118298,0.5467340500118298
Ast,onG,0.5461987660136954,0.5461987660136954
Int,Mn/MP,0.5460924939921513,0.5460924939921513
CrdY,Saves,0.5443593867596072,0.5443593867596072
CrdY_stats_misc,Saves,0.544359386759607,0.544359386759607
CrdY,Fld,0.5436880109922588,0.5436880109922588
CrdY_stats_misc,Fld,0.5436880109922588,0.5436880109922588
PKatt_stats_keeper,W,0.5414636424883325,0.5414636424883325
CrdY,SoTA,0.5390707620603357,0.5390707620603357
CrdY_stats_misc,SoTA,0.5390707620603357,0.5390707620603357
+/-90,CS%,0.5383183172126741,0.5383183172126741
CrdY,D,0.538034673326768,0.538034673326768
CrdY_stats_misc,D,0.538034673326768,0.538034673326768
Sh,Starts_stats_playing_time,0.5372484461991008,0.5372484461991008
Sh,Starts,0.5372484461991008,0.5372484461991008
CS,PKatt_stats_keeper,0.5345455551181053,0.5345455551181053
Compl,CrdY_stats_misc,0.5343241231783351,0.5343241231783351
Compl,CrdY,0.5343241231783351,0.5343241231783351
D,SoT%,-0.5333333333333333,0.5333333333333333
MP_stats_playing_time,SoT,0.5328315022285629,0.5328315022285629
MP,SoT,0.5328315022285629,0.5328315022285629
Min,Sh,0.5326915105022035,0.5326915105022035
Min_stats_playing_time,Sh,0.5326915105022035,0.5326915105022035
90s,Sh,0.5326446544210199,0.5326446544210199
90s_stats_shooting,Sh,0.5326446544210199,0.5326446544210199
90s_stats_misc,Sh,0.5326446544210199,0.5326446544210199
90s_stats_playing_time,Sh,0.5326446544210199,0.5326446544210199
G+A,MP_stats_playing_time,0.531171228601441,0.531171228601441
G+A,MP,0.531171228601441,0.531171228601441
Min%,Sh,0.5311451674184132,0.5311451674184132
Mn/Start,Starts_stats_playing_time,0.5284501732812228,0.5284501732812228
Mn/Start,Starts,0.5284501732812228,0.5284501732812228
CS%,PPM,0.5281542095325091,0.5281542095325091
G+A,PK_stats_shooting,0.5276281037965418,0.5276281037965418
G+A,PK,0.5276281037965418,0.5276281037965418
Sh/90,SoT/90,0.5246346844541825,0.5246346844541825
PK_stats_shooting,SoT,0.5225778883310145,0.5225778883310145
PK,SoT,0.5225778883310145,0.5225778883310145
Mn/Start,onGA,0.5215050564679294,0.5215050564679294
Mn/MP,TklW,0.517891317899378,0.517891317899378
PKA,W,0.5149944208790411,0.5149944208790411
PKsv,Saves,0.5136335390160313,0.5136335390160313
PKatt_stats_shooting,Sh,0.5126655040633237,0.5126655040633237
PKatt,Sh,0.5126655040633237,0.5126655040633237
Min%,PKsv,0.5106378608431942,0.5106378608431942
CrdY,GA,0.5075506242302471,0.5075506242302471
CrdY_stats_misc,GA,0.507550624230247,0.507550624230247
Compl,PKsv,0.5059351387964632,0.5059351387964632
SoT,onG,0.5040446220855737,0.5040446220855737
Ast,Fld,0.5036700313835392,0.5036700313835392
Min_stats_keeper,PKsv,0.5036096900965519,0.5036096900965519
Min_stats_playing_time,PKsv,0.5036096900965519,0.5036096900965519
Min,PKsv,0.5036096900965519,0.5036096900965519
90s_stats_playing_time,PKsv,0.5035145320547687,0.5035145320547687
90s,PKsv,0.5035145320547687,0.5035145320547687
90s_stats_shooting,PKsv,0.5035145320547687,0.5035145320547687
90s_stats_misc,PKsv,0.5035145320547687,0.5035145320547687
90s_stats_keeper,PKsv,0.5035145320547687,0.5035145320547687
CS,PKA,0.5031492359901758,0.5031492359901758
Fls,SoT,0.5030383887892207,0.5030383887892207
PKsv,Starts,0.5018562537909553,0.5018562537909553
PKsv,Starts_stats_keeper,0.5018562537909553,0.5018562537909553
PKsv,Starts_stats_playing_time,0.5018562537909553,0.5018562537909553
MP_stats_keeper,PKsv,0.5015778041044077,0.5015778041044077
MP,PKsv,0.5015778041044077,0.5015778041044077
MP_stats_playing_time,PKsv,0.5015778041044077,0.5015778041044077
PKsv,SoTA,0.4973998825870772,0.4973998825870772
Fld,G-PK,0.49630410876436104,0.49630410876436104
Fls,G+A,0.49245388644586346,0.49245388644586346
CS,L,0.49165556916463415,0.49165556916463415
CrdY_stats_misc,W,0.4916342838436315,0.4916342838436315
CrdY,W,0.4916342838436315,0.4916342838436315
Fld,Gls,0.4908311775113406,0.4908311775113406
Fld,Gls_stats_shooting,0.4908311775113406,0.4908311775113406
PKatt_stats_keeper,PKm,0.4895683734513159,0.4895683734513159
CrdY,Mn/MP,0.48784649074576364,0.48784649074576364
CrdY_stats_misc,Mn/MP,0.4878464907457636,0.4878464907457636
CS,CrdY,0.48730562908028574,0.48730562908028574
CS,CrdY_stats_misc,0.48730562908028574,0.48730562908028574
Ast,G-PK,0.4871907094000615,0.4871907094000615
GA,SoT%,-0.48601139601034693,0.48601139601034693
Crs,TklW,0.4834618546284011,0.4834618546284011
Ast,MP_stats_playing_time,0.48238633791941743,0.48238633791941743
Ast,MP,0.48238633791941743,0.48238633791941743
L,PKsv,0.4822758585562494,0.4822758585562494
G-PK,onG,0.48054298821876673,0.48054298821876673
+/-,onG,0.47848312766378326,0.47848312766378326
Fls,Mn/MP,0.47791052313012367,0.47791052313012367
Ast,Gls_stats_shooting,0.4774005354801547,0.4774005354801547
Ast,Gls,0.4774005354801547,0.4774005354801547
Mn/Start,onG,0.4773007903634803,0.4773007903634803
Fld,PKatt_stats_keeper,0.4771898283233395,0.4771898283233395
G+A,Starts,0.4765897058429641,0.4765897058429641
G+A,Starts_stats_playing_time,0.4765897058429641,0.4765897058429641
Fld,Int,0.4760640237791796,0.4760640237791796
G+A,Min%,0.47565875362115334,0.47565875362115334
Compl,Fls,0.47508761230935204,0.47508761230935204
G+A,Min,0.4723156218590377,0.4723156218590377
G+A,Min_stats_playing_time,0.47231562185903764,0.47231562185903764
90s_stats_shooting,G+A,0.472266982492686,0.472266982492686
90s_stats_playing_time,G+A,0.472266982492686,0.472266982492686
90s_stats_misc,G+A,0.472266982492686,0.472266982492686
90s,G+A,0.472266982492686,0.472266982492686
G-PK,PKatt_stats_shooting,0.4706999786829782,0.4706999786829782
G-PK,PKatt,0.4706999786829782,0.4706999786829782
Crs,Fld,0.4705104171361969,0.4705104171361969
PKsv,onGA,0.47044960094092836,0.47044960094092836
GA,PKsv,0.47044482015976385,0.47044482015976385
Gls_stats_shooting,onG,0.47006910488069553,0.47006910488069553
Gls,onG,0.47006910488069553,0.47006910488069553
Crs,MP_stats_playing_time,0.4693125430383815,0.4693125430383815
Crs,MP,0.4693125430383815,0.4693125430383815
PK_stats_shooting,Sh,0.4692296304639569,0.4692296304639569
PK,Sh,0.4692296304639569,0.4692296304639569
SoT%,SoT/90,0.46703313374804145,0.46703313374804145
+/-,L,-0.464914888617494,0.464914888617494
SoT,Starts_stats_playing_time,0.46074685236530016,0.46074685236530016
SoT,Starts,0.4607468523653001,0.4607468523653001
G-PK,MP_stats_playing_time,0.4595518618922022,0.4595518618922022
G-PK,MP,0.4595518618922022,0.4595518618922022
G/Sh,SoT%,0.45806255802689855,0.45806255802689855
Min%,SoT,0.457609493123688,0.457609493123688
Min,SoT,0.4573308629290081,0.4573308629290081
Min_stats_playing_time,SoT,0.4573308629290081,0.4573308629290081
90s_stats_shooting,SoT,0.45729504925249526,0.45729504925249526
90s_stats_misc,SoT,0.45729504925249526,0.45729504925249526
90s_stats_playing_time,SoT,0.45729504925249526,0.45729504925249526
90s,SoT,0.45729504925249526,0.45729504925249526
D,PKsv,0.45571854131805667,0.45571854131805667
Ast,Min%,0.4519999654497551,0.4519999654497551
Fld,PKA,0.45024297684871545,0.45024297684871545
Ast,Starts_stats_playing_time,0.4500293564944677,0.4500293564944677
Ast,Starts,0.4500293564944677,0.4500293564944677
Min%,unSub,-0.4492900384206586,0.4492900384206586
Sh,onGA,0.44906944477377425,0.44906944477377425
Starts_stats_playing_time,unSub,-0.44738958243530064,0.44738958243530064
Starts,unSub,-0.44738958243530064,0.44738958243530064
Gls_stats_shooting,MP_stats_playing_time,0.4473204482840137,0.4473204482840137
Gls,MP_stats_playing_time,0.4473204482840137,0.4473204482840137
Gls_stats_shooting,MP,0.4473204482840137,0.4473204482840137
Gls,MP,0.4473204482840137,0.4473204482840137
Ast,Min,0.447017022891613,0.447017022891613
Ast,Min_stats_playing_time,0.44701702289161294,0.44701702289161294
90s_stats_misc,Ast,0.44696933131396027,0.44696933131396027
90s_stats_shooting,Ast,0.44696933131396027,0.44696933131396027
90s_stats_playing_time,Ast,0.44696933131396027,0.44696933131396027
90s,Ast,0.4469693313139602,0.4469693313139602
CrdY_stats_misc,PKA,0.4456387960352237,0.4456387960352237
CrdY,PKA,0.4456387960352237,0.4456387960352237
Crs,Starts,0.4452601908960866,0.4452601908960866
Crs,Starts_stats_playing_time,0.4452601908960866,0.4452601908960866
Crs,G+A,0.44313885929737995,0.44313885929737995
Crs,Min,0.44284810583211276,0.44284810583211276
Crs,Min_stats_playing_time,0.44284810583211276,0.44284810583211276
90s,Crs,0.4428189365904959,0.4428189365904959
90s_stats_playing_time,Crs,0.4428189365904959,0.4428189365904959
90s_stats_shooting,Crs,0.4428189365904959,0.4428189365904959
90s_stats_misc,Crs,0.4428189365904959,0.4428189365904959
Fls,G-PK,0.4424594830950496,0.4424594830950496
Crs,Min%,0.44239817538280296,0.44239817538280296
90s_stats_misc,unSub,-0.44236211885653925,0.44236211885653925
90s,unSub,-0.4423621188565392,0.4423621188565392
90s_stats_playing_time,unSub,-0.4423621188565392,0.4423621188565392
90s_stats_shooting,unSub,-0.4423621188565392,0.4423621188565392
Min_stats_playing_time,unSub,-0.4423575905058121,0.4423575905058121
Min,unSub,-0.4423575905058121,0.4423575905058121
CrdY,PKatt_stats_keeper,0.44122589198712986,0.44122589198712986
CrdY_stats_misc,PKatt_stats_keeper,0.44122589198712986,0.44122589198712986
CrdY_stats_misc,L,0.4405718950219985,0.4405718950219985
CrdY,L,0.4405718950219985,0.4405718950219985
90s_stats_shooting,Mn/Sub,0.4321694282153109,0.4321694282153109
90s_stats_playing_time,Mn/Sub,0.4321694282153109,0.4321694282153109
90s_stats_misc,Mn/Sub,0.4321694282153109,0.4321694282153109
90s,Mn/Sub,0.4321694282153109,0.4321694282153109
Min_stats_playing_time,Mn/Sub,0.43214207168095087,0.43214207168095087
Min,Mn/Sub,0.43214207168095087,0.43214207168095087
Fls,Gls,0.43087984611346136,0.43087984611346136
Fls,Gls_stats_shooting,0.43087984611346136,0.43087984611346136
Min%,Mn/Sub,0.43040581268966005,0.43040581268966005
G-PK,G/Sh,0.42981733491983226,0.42981733491983226
PKsv,unSub,-0.42935997191188685,0.42935997191188685
G-PK,PK_stats_shooting,0.4287597105108064,0.4287597105108064
G-PK,PK,0.4287597105108064,0.4287597105108064
Fld,Mn/MP,0.4265642765491515,0.4265642765491515
Crs,Sh,0.4215395229836288,0.4215395229836288
Ast,Fls,0.42136314895694965,0.42136314895694965
+/-90,Save%,0.4213410826482385,0.4213410826482385
MP,unSub,-0.41921767728409404,0.41921767728409404
MP_stats_playing_time,unSub,-0.41921767728409404,0.41921767728409404
+/-,CS,0.4170057792644767,0.4170057792644767
L,W,0.414220703596227,0.414220703596227
Mn/Sub,Starts,0.4097333219841124,0.4097333219841124
Mn/Sub,Starts_stats_playing_time,0.4097333219841124,0.4097333219841124
Off,PKatt_stats_shooting,0.40918210961789864,0.40918210961789864
Off,PKatt,0.40918210961789864,0.40918210961789864
Compl,Fld,0.4060390917375418,0.4060390917375418
CS,PKsv,0.4048634747264268,0.4048634747264268
Int,Mn/Start,0.40312862471454763,0.40312862471454763
Crs,onGA,0.402368139383127,0.402368139383127
SoT,SoT/90,0.4012301117354362,0.4012301117354362
onGA,unSub,-0.4009426273454255,0.4009426273454255
Fld,Off,0.40066549074548063,0.40066549074548063
PPM,W,0.3989241197056304,0.3989241197056304
GA90,PPM,-0.39753139473249643,0.39753139473249643
Crs,onG,0.39729952625376885,0.39729952625376885
Save%,SoT%,0.3969893431315435,0.3969893431315435
Int,PKatt_stats_keeper,0.3960751583649729,0.3960751583649729
onG,unSub,-0.3957787906355075,0.3957787906355075
G-PK,Starts_stats_playing_time,0.39463427614177077,0.39463427614177077
G-PK,Starts,0.39463427614177077,0.39463427614177077
Mn/Sub,onG,0.3932933754015892,0.3932933754015892
G-PK,Min%,0.3926550094555236,0.3926550094555236
G/Sh,Gls_stats_shooting,0.3915099334139261,0.3915099334139261
G/Sh,Gls,0.3915099334139261,0.3915099334139261
G-PK,Min_stats_playing_time,0.3912896230045846,0.3912896230045846
G-PK,Min,0.3912896230045846,0.3912896230045846
90s_stats_playing_time,G-PK,0.39124643557392796,0.39124643557392796
90s_stats_shooting,G-PK,0.39124643557392796,0.39124643557392796
90s_stats_misc,G-PK,0.39124643557392796,0.39124643557392796
90s,G-PK,0.3912464355739279,0.3912464355739279
GA,Int,0.3908633144086403,0.3908633144086403
Gls_stats_shooting,Starts_stats_playing_time,0.39059716136751377,0.39059716136751377
Gls,Starts_stats_playing_time,0.39059716136751377,0.39059716136751377
Gls,Starts,0.3905971613675137,0.3905971613675137
Gls_stats_shooting,Starts,0.3905971613675137,0.3905971613675137
Gls_stats_shooting,Min%,0.38805300339013615,0.38805300339013615
Gls,Min%,0.38805300339013615,0.38805300339013615
Fld,unSub,-0.38772963688150214,0.38772963688150214
PKA,PKsv,0.3866941291034566,0.3866941291034566
Gls,Min,0.38645449422267897,0.38645449422267897
Gls_stats_shooting,Min,0.38645449422267897,0.38645449422267897
Gls_stats_shooting,Min_stats_playing_time,0.3864544942226789,0.3864544942226789
Gls,Min_stats_playing_time,0.3864544942226789,0.3864544942226789
90s_stats_playing_time,Gls,0.3864157328898411,0.3864157328898411
90s_stats_misc,Gls_stats_shooting,0.3864157328898411,0.3864157328898411
90s_stats_shooting,Gls_stats_shooting,0.3864157328898411,0.3864157328898411
90s_stats_playing_time,Gls_stats_shooting,0.3864157328898411,0.3864157328898411
90s,Gls,0.3864157328898411,0.3864157328898411
90s,Gls_stats_shooting,0.3864157328898411,0.3864157328898411
90s_stats_shooting,Gls,0.3864157328898411,0.3864157328898411
90s_stats_misc,Gls,0.3864157328898411,0.3864157328898411
Ast,TklW,0.38316998726031104,0.38316998726031104
SoT%,SoTA,-0.38241171026584075,0.38241171026584075
CS%,On-Off,0.3824041732220594,0.3824041732220594
PKsv,SoT%,-0.3818813079129867,0.3818813079129867
Crs,Fls,0.38131340503875116,0.38131340503875116
Mn/MP,Subs,-0.38129067442169445,0.38129067442169445
Off,PK,0.3810785254438879,0.3810785254438879
Off,PK_stats_shooting,0.3810785254438879,0.3810785254438879
G+A,onGA,0.3809547350804075,0.3809547350804075
+/-90,W,0.38065220120068405,0.38065220120068405
Fls,unSub,-0.379977353099566,0.379977353099566
Sh,unSub,-0.3795565044571656,0.3795565044571656
Mn/Sub,onGA,0.37922419960559234,0.37922419960559234
G+A-PK,G/SoT,0.3787584124728796,0.3787584124728796
SoT,onGA,0.37826926483331635,0.37826926483331635
MP_stats_playing_time,Off,0.37494781377868913,0.37494781377868913
MP,Off,0.37494781377868913,0.37494781377868913
Ast,Off,0.37196805116939197,0.37196805116939197
Int,Min_stats_keeper,0.3714080248214811,0.3714080248214811
90s_stats_keeper,Int,0.37140165932703345,0.37140165932703345
Int,PKA,0.37119401679158764,0.37119401679158764
Int,MP_stats_keeper,0.3711175705931089,0.3711175705931089
Mn/Start,Subs,-0.37094866620479544,0.37094866620479544
Int,Starts_stats_keeper,0.36976410747956856,0.36976410747956856
Fls,Off,0.3668727253425926,0.3668727253425926
Fls,PKA,0.3659854327900645,0.3659854327900645
Ast,onGA,0.3646523450603373,0.3646523450603373
Compl,Subs,-0.36419520938938044,0.36419520938938044
Gls,SoT/90,0.36142736573238604,0.36142736573238604
Gls_stats_shooting,SoT/90,0.36142736573238604,0.36142736573238604
G-PK,SoT/90,0.35892944084198697,0.35892944084198697
Sh,TklW,0.35853591962579107,0.35853591962579107
PKsv,onG,0.35627906651747515,0.35627906651747515
Int,SoTA,0.35603439434795653,0.35603439434795653
MP,Mn/Sub,0.35578917219473305,0.35578917219473305
MP_stats_playing_time,Mn/Sub,0.35578917219473305,0.35578917219473305
MP,Mn/Start,0.3544712498198719,0.3544712498198719
MP_stats_playing_time,Mn/Start,0.3544712498198719,0.3544712498198719
SoT,SoT%,0.35446211901610164,0.35446211901610164
Saves,SoT%,-0.3532736331613295,0.3532736331613295
Starts_stats_keeper,TklW,0.3530876074432265,0.3530876074432265
MP_stats_keeper,TklW,0.35199266005509683,0.35199266005509683
Min_stats_keeper,TklW,0.3508190987671027,0.3508190987671027
90s_stats_keeper,TklW,0.35065765500611407,0.35065765500611407
CrdY_stats_misc,Sh,0.3484580020942328,0.3484580020942328
CrdY,Sh,0.3484580020942328,0.3484580020942328
Saves,TklW,0.34757128594629844,0.34757128594629844
CS%,SoT%,0.34662711459360834,0.34662711459360834
PKsv,W,0.346020224195763,0.346020224195763
L,SoT%,-0.34542463985387867,0.34542463985387867
G+A,unSub,-0.34523332385951605,0.34523332385951605
Mn/Start,TklW,0.3444458677622189,0.3444458677622189
SoT,unSub,-0.34438133620134603,0.34438133620134603
Crs,SoT,0.343707572890133,0.343707572890133
On-Off,Save%,0.34157245217380383,0.34157245217380383
SoTA,TklW,0.340948505978056,0.340948505978056
D,Int,0.3405219389872203,0.3405219389872203
G-PK,G/SoT,0.3400098337093994,0.3400098337093994
Sh,SoT/90,0.3395393488979638,0.3395393488979638
Int,Saves,0.33949229767945055,0.33949229767945055
Compl,Mn/Sub,0.33890220857321,0.33890220857321
Mn/Start,Sh/90,-0.33767504727004927,0.33767504727004927
+/-,G+A,0.33703199077099405,0.33703199077099405
TklW,unSub,-0.33636168532588406,0.33636168532588406
Fld,PKsv,0.3359633149630031,0.3359633149630031
Rk_stats_keeper,SoT%,0.3348708870189501,0.3348708870189501
Crs,Int,0.33374966409157464,0.33374966409157464
Fls,L,0.331764956769644,0.331764956769644
PKm,SoT%,-0.3311330892662609,0.3311330892662609
CS,TklW,0.33080540348215176,0.33080540348215176
Fls,Mn/Sub,0.3293374164229508,0.3293374164229508
Fld,Mn/Sub,0.32902122834344527,0.32902122834344527
CrdY,Crs,0.328533293056628,0.328533293056628
CrdY_stats_misc,Crs,0.328533293056628,0.328533293056628
G+A,G/Sh,0.32610024127516046,0.32610024127516046
Fls,MP_stats_keeper,0.3241632056347921,0.3241632056347921
Fls,PKatt_stats_keeper,0.3240940271309895,0.3240940271309895
Fls,Starts_stats_keeper,0.3240459952507871,0.3240459952507871
PPM,onG,0.3240184616086165,0.3240184616086165
Fls,Saves,0.3228660638280215,0.3228660638280215
G+A,SoT/90,0.3222083356187052,0.3222083356187052
PPM,Save%,0.3213525183272941,0.3213525183272941
Compl,unSub,-0.32057900628645813,0.32057900628645813
TklW,W,0.32030685000810716,0.32030685000810716
G+A,PKsv,0.31963240707755103,0.31963240707755103
Ast,PKsv,0.31963240707755103,0.31963240707755103
Mn/MP,Starts_stats_keeper,0.31955402024808727,0.31955402024808727
Born_stats_shooting,Mn/MP,-0.3193980466295377,0.3193980466295377
Born_stats_playing_time,Mn/MP,-0.3193980466295377,0.3193980466295377
Born,Mn/MP,-0.3193980466295377,0.3193980466295377
Born_stats_misc,Mn/MP,-0.3193980466295375,0.3193980466295375
Fls,SoTA,0.31828516102719023,0.31828516102719023
Age_stats_playing_time,Mn/MP,0.31775132626686414,0.31775132626686414
Age_stats_shooting,Mn/MP,0.31775132626686414,0.31775132626686414
Age,Mn/MP,0.31775132626686414,0.31775132626686414
Age_stats_misc,Mn/MP,0.31775132626686414,0.31775132626686414
90s_stats_keeper,Mn/MP,0.31774444801994856,0.31774444801994856
Fls,Min_stats_keeper,0.31774431444376416,0.31774431444376416
90s_stats_keeper,Fls,0.31763887766691534,0.31763887766691534
Min_stats_keeper,Mn/MP,0.31750402118844756,0.31750402118844756
Mn/Sub,Sh,0.3161289475834486,0.3161289475834486
+/-,Ast,0.3156731353898584,0.3156731353898584
Min%,PKm,0.31493624575261625,0.31493624575261625
PKm,onGA,0.31478806581415686,0.31478806581415686
Ast,CrdY,0.3144957033698914,0.3144957033698914
Ast,CrdY_stats_misc,0.3144957033698914,0.3144957033698914
CrdY,unSub,-0.3143405252826418,0.3143405252826418
CrdY_stats_misc,unSub,-0.3143405252826418,0.3143405252826418
G+A-PK,SoT%,0.3139549126688129,0.3139549126688129
GA,PKm,0.31300506716898246,0.31300506716898246
Int,L,0.3128015574582028,0.3128015574582028
Fls,GA,0.31024686807607005,0.31024686807607005
PKA,PKm,0.3093274118772641,0.3093274118772641
Gls,onGA,0.30913753750375844,0.30913753750375844
Gls_stats_shooting,onGA,0.30913753750375844,0.30913753750375844
G-PK,onGA,0.3089604884591766,0.3089604884591766
Mn/MP,Sh,0.3078183344284358,0.3078183344284358
+/-,CS%,0.3077251451537506,0.3077251451537506
Mn/MP,SoTA,0.30696590090681236,0.30696590090681236
CS,CS%,0.30659414470816637,0.30659414470816637
GA,TklW,0.3058194605508297,0.3058194605508297
MP_stats_keeper,Mn/MP,0.3053947989326795,0.3053947989326795
GA,Mn/MP,0.30426855284551085,0.30426855284551085
G-PK,unSub,-0.3041541943578353,0.3041541943578353
Mn/Sub,TklW,0.30376516691431543,0.30376516691431543
PKm,SoTA,0.3033029222619783,0.3033029222619783
Compl,PKm,0.30322810802828015,0.30322810802828015
Mn/MP,Saves,0.3029656161610394,0.3029656161610394
Int,unSub,-0.3025045052569431,0.3025045052569431
Min_stats_playing_time,PKm,0.3020581139228861,0.3020581139228861
Min_stats_keeper,PKm,0.3020581139228861,0.3020581139228861
Min,PKm,0.3020581139228861,0.3020581139228861
90s_stats_shooting,PKm,0.30200658317530327,0.30200658317530327
90s_stats_misc,PKm,0.30200658317530327,0.30200658317530327
90s_stats_playing_time,PKm,0.30200658317530327,0.30200658317530327
90s,PKm,0.3020065831753032,0.3020065831753032
90s_stats_keeper,PKm,0.3020065831753032,0.3020065831753032
MP_stats_playing_time,PKm,0.3007329909703192,0.3007329909703192
MP,PKm,0.3007329909703192,0.3007329909703192
MP_stats_keeper,PKm,0.3007329909703192,0.3007329909703192
PKm,Starts,0.3001787314869715,0.3001787314869715
PKm,Starts_stats_keeper,0.3001787314869715,0.3001787314869715
PKm,Starts_stats_playing_time,0.3001787314869715,0.3001787314869715
PKm,Saves,0.3000286023814962,0.3000286023814962
Gls,unSub,-0.2999593653569366,0.2999593653569366
Gls_stats_shooting,unSub,-0.2999593653569366,0.2999593653569366
CrdY_stats_misc,Mn/Start,0.2996198553837816,0.2996198553837816
CrdY,Mn/Start,0.29961985538378155,0.29961985538378155
G-PK,SoT%,0.2994924053095219,0.2994924053095219
Starts_stats_keeper,Subs,-0.2990266384509257,0.2990266384509257
L,TklW,0.2988928735332392,0.2988928735332392
Ast,unSub,-0.29876738610653336,0.29876738610653336
+/-90,CS,0.2985802229569123,0.2985802229569123
Gls_stats_shooting,SoT%,0.2968612790054203,0.2968612790054203
Gls,SoT%,0.2968612790054203,0.2968612790054203
G+A-PK,SoT/90,0.294599385131035,0.294599385131035
G/SoT,Gls,0.2934916460661801,0.2934916460661801
G/SoT,Gls_stats_shooting,0.2934916460661801,0.2934916460661801
+/-,GA90,-0.29348213763796943,0.29348213763796943
+/-,G-PK,0.2932960974660363,0.2932960974660363
G+A,Mn/Sub,0.29259019973918116,0.29259019973918116
Off,Starts_stats_playing_time,0.29236046113903547,0.29236046113903547
Off,Starts,0.29236046113903547,0.29236046113903547
CrdY,G+A,0.29197994567945684,0.29197994567945684
CrdY_stats_misc,G+A,0.29197994567945684,0.29197994567945684
Min,Off,0.2919644520105042,0.2919644520105042
Min_stats_playing_time,Off,0.2919644520105042,0.2919644520105042
90s_stats_playing_time,Off,0.29193882506391416,0.29193882506391416
90s_stats_misc,Off,0.29193882506391416,0.29193882506391416
90s_stats_shooting,Off,0.29193882506391416,0.29193882506391416
90s,Off,0.29193882506391416,0.29193882506391416
CS,PPM,0.2909494102636782,0.2909494102636782
Min%,Off,0.2905524822738125,0.2905524822738125
G+A,TklW,0.28924245440000385,0.28924245440000385
Int,W,0.28805280560230007,0.28805280560230007
Mn/Sub,SoT,0.28594419773274526,0.28594419773274526
Off,onG,0.2839191533368616,0.2839191533368616
90s_stats_keeper,Subs,-0.2828127711597617,0.2828127711597617
Min_stats_keeper,Subs,-0.2825990904184506,0.2825990904184506
Born,Min_stats_playing_time,-0.2822221168388905,0.2822221168388905
Born,Min,-0.2822221168388905,0.2822221168388905
Born_stats_playing_time,Min_stats_playing_time,-0.2822221168388905,0.2822221168388905
Born_stats_shooting,Min_stats_playing_time,-0.2822221168388905,0.2822221168388905
Born_stats_misc,Min,-0.2822221168388899,0.2822221168388899
Born_stats_shooting,Min,-0.2822221168388899,0.2822221168388899
Born_stats_misc,Min_stats_playing_time,-0.2822221168388899,0.2822221168388899
Born_stats_playing_time,Min,-0.2822221168388899,0.2822221168388899
90s_stats_playing_time,Born,-0.282200337810865,0.282200337810865
90s_stats_playing_time,Born_stats_playing_time,-0.282200337810865,0.282200337810865
90s_stats_shooting,Born_stats_shooting,-0.282200337810865,0.282200337810865
90s_stats_misc,Born_stats_shooting,-0.282200337810865,0.282200337810865
90s_stats_misc,Born_stats_misc,-0.282200337810865,0.282200337810865
90s,Born,-0.282200337810865,0.282200337810865
90s_stats_misc,Born_stats_playing_time,-0.282200337810865,0.282200337810865
90s_stats_misc,Born,-0.282200337810865,0.282200337810865
90s_stats_playing_time,Born_stats_shooting,-0.282200337810865,0.282200337810865
90s_stats_shooting,Born,-0.282200337810865,0.282200337810865
90s_stats_playing_time,Born_stats_misc,-0.28220033781086373,0.28220033781086373
90s_stats_shooting,Born_stats_playing_time,-0.28220033781086373,0.28220033781086373
90s,Born_stats_playing_time,-0.28220033781086373,0.28220033781086373
90s_stats_shooting,Born_stats_misc,-0.28220033781086373,0.28220033781086373
90s,Born_stats_shooting,-0.28220033781086373,0.28220033781086373
90s,Born_stats_misc,-0.28220033781086373,0.28220033781086373
D,Fls,0.2819722673533661,0.2819722673533661
D,Mn/MP,0.2810358249165474,0.2810358249165474
MP,Subs,0.2802637600670779,0.2802637600670779
MP_stats_playing_time,Subs,0.2802637600670779,0.2802637600670779
Age_stats_playing_time,Min,0.2796692928405425,0.2796692928405425
Age_stats_shooting,Min,0.2796692928405425,0.2796692928405425
Age_stats_misc,Min,0.2796692928405425,0.2796692928405425
Age_stats_misc,Min_stats_playing_time,0.2796692928405425,0.2796692928405425
Age_stats_playing_time,Min_stats_playing_time,0.2796692928405424,0.2796692928405424
Age_stats_shooting,Min_stats_playing_time,0.2796692928405424,0.2796692928405424
Age,Min_stats_playing_time,0.2796692928405424,0.2796692928405424
Age,Min,0.2796692928405424,0.2796692928405424
90s_stats_misc,Age_stats_playing_time,0.27965248607711607,0.27965248607711607
90s_stats_misc,Age_stats_misc,0.27965248607711607,0.27965248607711607
90s_stats_playing_time,Age,0.27965248607711607,0.27965248607711607
90s_stats_playing_time,Age_stats_shooting,0.27965248607711607,0.27965248607711607
90s_stats_playing_time,Age_stats_playing_time,0.27965248607711607,0.27965248607711607
90s_stats_misc,Age_stats_shooting,0.27965248607711607,0.27965248607711607
90s_stats_shooting,Age_stats_shooting,0.27965248607711607,0.27965248607711607
90s,Age,0.27965248607711607,0.27965248607711607
90s_stats_shooting,Age,0.27965248607711607,0.27965248607711607
90s_stats_misc,Age,0.27965248607711607,0.27965248607711607
90s,Age_stats_misc,0.279652486077116,0.279652486077116
90s,Age_stats_playing_time,0.279652486077116,0.279652486077116
90s_stats_shooting,Age_stats_playing_time,0.279652486077116,0.279652486077116
90s_stats_playing_time,Age_stats_misc,0.279652486077116,0.279652486077116
90s,Age_stats_shooting,0.279652486077116,0.279652486077116
90s_stats_shooting,Age_stats_misc,0.279652486077116,0.279652486077116
G+A,Mn/MP,0.2792557035134107,0.2792557035134107
Born_stats_playing_time,Starts_stats_playing_time,-0.27918869884674824,0.27918869884674824
Born_stats_shooting,Starts_stats_playing_time,-0.27918869884674824,0.27918869884674824
Born,Starts,-0.27918869884674824,0.27918869884674824
Born,Starts_stats_playing_time,-0.27918869884674824,0.27918869884674824
Born_stats_misc,Starts,-0.2791886988467469,0.2791886988467469
Born_stats_playing_time,Starts,-0.2791886988467469,0.2791886988467469
Born_stats_shooting,Starts,-0.2791886988467469,0.2791886988467469
Born_stats_misc,Starts_stats_playing_time,-0.2791886988467469,0.2791886988467469
Ast,Mn/Sub,0.279092186143572,0.279092186143572
Ast,Mn/MP,0.2789943076398978,0.2789943076398978
CrdY_stats_misc,Mn/Sub,0.2789747310222864,0.2789747310222864
CrdY,Mn/Sub,0.2789747310222864,0.2789747310222864
GA90,SoT%,-0.2788014991754522,0.2788014991754522
Born,Min%,-0.27848796693649797,0.27848796693649797
Born_stats_playing_time,Min%,-0.27848796693649797,0.27848796693649797
Born_stats_shooting,Min%,-0.27848796693649797,0.27848796693649797
Born_stats_misc,Min%,-0.278487966936497,0.278487966936497
+/-,Gls,0.27783042859812296,0.27783042859812296
+/-,Gls_stats_shooting,0.27783042859812296,0.27783042859812296
L,Subs,-0.2768389074406316,0.2768389074406316
Age_stats_misc,Starts_stats_playing_time,0.2767531780720358,0.2767531780720358
Age_stats_shooting,Starts,0.2767531780720358,0.2767531780720358
Age_stats_misc,Starts,0.2767531780720358,0.2767531780720358
Age_stats_playing_time,Starts,0.2767531780720358,0.2767531780720358
Age,Starts,0.27675317807203575,0.27675317807203575
Age_stats_shooting,Starts_stats_playing_time,0.27675317807203575,0.27675317807203575
Age_stats_playing_time,Starts_stats_playing_time,0.27675317807203575,0.27675317807203575
Age,Starts_stats_playing_time,0.27675317807203575,0.27675317807203575
CrdR,CrdY_stats_misc,0.2766904114821051,0.2766904114821051
CrdR_stats_misc,CrdY_stats_misc,0.276690411482105,0.276690411482105
CrdR_stats_misc,CrdY,0.276690411482105,0.276690411482105
CrdR,CrdY,0.276690411482105,0.276690411482105
Age_stats_misc,Min%,0.2759426010681951,0.2759426010681951
Age_stats_playing_time,Min%,0.275942601068195,0.275942601068195
Age,Min%,0.275942601068195,0.275942601068195
Age_stats_shooting,Min%,0.275942601068195,0.275942601068195
Crs,Mn/MP,0.27500961273501867,0.27500961273501867
SoTA,Subs,-0.27461318410883984,0.27461318410883984
Saves,Subs,-0.2745624745068863,0.2745624745068863
L,Mn/MP,0.27448228952628706,0.27448228952628706
CrdY_stats_misc,SoT,0.27374031756338896,0.27374031756338896
CrdY,SoT,0.2737403175633889,0.2737403175633889
Off,SoT/90,0.2736544430226132,0.2736544430226132
Int,Mn/Sub,0.2728572593290443,0.2728572593290443
L,Sh,0.27227554061033327,0.27227554061033327
2CrdY,CrdY_stats_misc,0.2704877359613188,0.2704877359613188
2CrdY,CrdY,0.2704877359613188,0.2704877359613188
L,Sh/90,0.27032038753053883,0.27032038753053883
Born_stats_playing_time,MP_stats_playing_time,-0.26822679097462676,0.26822679097462676
Born,MP_stats_playing_time,-0.26822679097462676,0.26822679097462676
Born,MP,-0.26822679097462676,0.26822679097462676
Born_stats_shooting,MP_stats_playing_time,-0.26822679097462676,0.26822679097462676
Born_stats_playing_time,MP,-0.2682267909746264,0.2682267909746264
Born_stats_shooting,MP,-0.2682267909746264,0.2682267909746264
Born_stats_misc,MP,-0.2682267909746264,0.2682267909746264
Born_stats_misc,MP_stats_playing_time,-0.2682267909746264,0.2682267909746264
GA,Subs,-0.26620827688104176,0.26620827688104176
Age_stats_shooting,MP,0.2661261141812727,0.2661261141812727
Age_stats_misc,MP,0.2661261141812727,0.2661261141812727
Age_stats_playing_time,MP,0.2661261141812727,0.2661261141812727
Age_stats_misc,MP_stats_playing_time,0.2661261141812727,0.2661261141812727
Age,MP_stats_playing_time,0.2661261141812726,0.2661261141812726
Age_stats_playing_time,MP_stats_playing_time,0.2661261141812726,0.2661261141812726
Age,MP,0.2661261141812726,0.2661261141812726
Age_stats_shooting,MP_stats_playing_time,0.2661261141812726,0.2661261141812726
MP_stats_keeper,Subs,-0.2659679446028405,0.2659679446028405
L,PKm,0.2658554738122388,0.2658554738122388
PKm,onG,0.26575875260422327,0.26575875260422327
G+A,SoT%,0.265554644631819,0.265554644631819
+/-,GA,-0.2640202116294007,0.2640202116294007
Fld,PKatt,0.26285699411433555,0.26285699411433555
Fld,PKatt_stats_shooting,0.26285699411433555,0.26285699411433555
Ast,Int,0.26214024248862516,0.26214024248862516
Mn/Start,SoT/90,-0.26165829467783935,0.26165829467783935
D,Subs,-0.2615297331026328,0.2615297331026328
Off,onGA,0.2609388546383743,0.2609388546383743
Born,onGA,-0.26091365012115075,0.26091365012115075
Born_stats_shooting,onGA,-0.26091365012115075,0.26091365012115075
Born_stats_misc,onGA,-0.26091365012115075,0.26091365012115075
Born_stats_playing_time,onGA,-0.26091365012115075,0.26091365012115075
PKm,PKsv,0.2600286511181,0.2600286511181
Born_stats_shooting,Compl,-0.25876083359491836,0.25876083359491836
Born,Compl,-0.25876083359491836,0.25876083359491836
Born_stats_playing_time,Compl,-0.25876083359491836,0.25876083359491836
Born_stats_misc,Compl,-0.25876083359491825,0.25876083359491825
L,PPM,-0.25838593129079584,0.25838593129079584
Age_stats_shooting,onGA,0.2581971379508034,0.2581971379508034
Age_stats_playing_time,onGA,0.2581971379508034,0.2581971379508034
Age,onGA,0.2581971379508034,0.2581971379508034
Age_stats_misc,onGA,0.25819713795080335,0.25819713795080335
Mn/MP,SoT,0.2581046987585134,0.2581046987585134
Mn/Sub,Rk_stats_keeper,0.2569948093752137,0.2569948093752137
Born_stats_keeper,Mn/Sub,0.2562018643300469,0.2562018643300469
D,TklW,0.25610557934619127,0.25610557934619127
Crs,unSub,-0.25600946625541626,0.25600946625541626
Age,Compl,0.2553694891916246,0.2553694891916246
Age_stats_playing_time,Compl,0.2553694891916246,0.2553694891916246
Age_stats_misc,Compl,0.2553694891916246,0.2553694891916246
Age_stats_shooting,Compl,0.2553694891916246,0.2553694891916246
Mn/MP,W,0.25526221380356723,0.25526221380356723
SoT,TklW,0.25525998614920564,0.25525998614920564
Fls,Mn/Start,0.2544290793895419,0.2544290793895419
G/Sh,SoT/90,0.2543978774790719,0.2543978774790719
D,PKm,0.25412514920236495,0.25412514920236495
Mn/MP,PKatt_stats_keeper,0.25331628527435407,0.25331628527435407
Age_stats_keeper,SoT%,0.25301215685249484,0.25301215685249484
CS,GA90,-0.2523802649652756,0.2523802649652756
Crs,Mn/Sub,0.2519809255565201,0.2519809255565201
CS,Crs,0.2502041099843334,0.2502041099843334
GA,Sh,0.24979594445330003,0.24979594445330003
Off,unSub,-0.24907931507231126,0.24907931507231126
CS,Mn/MP,0.2490142318854387,0.2490142318854387
G+A,G+A-PK,0.2479311247477444,0.2479311247477444
Compl,Crs,0.24767223830069285,0.24767223830069285
GA,Sh/90,0.24704095303486373,0.24704095303486373
Age_stats_keeper,Mn/Sub,-0.2463197838972482,0.2463197838972482
G/Sh,SoT,0.24551363546451815,0.24551363546451815
Int,PKm,0.24349961495570283,0.24349961495570283
Mn/MP,PKA,0.24254387369619124,0.24254387369619124
G-PK,Mn/Sub,0.24191720142738107,0.24191720142738107
PKm,W,0.2396673942031766,0.2396673942031766
CrdY_stats_misc,PKsv,0.23948814787649314,0.23948814787649314
CrdY,PKsv,0.23948814787649314,0.23948814787649314
Int,Sh,0.23909450952475242,0.23909450952475242
Mn/Start,Mn/Sub,0.23836835765895423,0.23836835765895423
Sh,SoTA,0.2381779281486083,0.2381779281486083
Gls_stats_shooting,Mn/Sub,0.23814305693700666,0.23814305693700666
Gls,Mn/Sub,0.23814305693700666,0.23814305693700666
PKatt_stats_keeper,Subs,-0.2381126413717966,0.2381126413717966
Born_stats_misc,onG,-0.2378354348380875,0.2378354348380875
Born_stats_playing_time,onG,-0.23783543483808717,0.23783543483808717
Born_stats_shooting,onG,-0.23783543483808717,0.23783543483808717
Born,onG,-0.23783543483808717,0.23783543483808717
Fld,PK_stats_shooting,0.237328991856394,0.237328991856394
Fld,PK,0.237328991856394,0.237328991856394
Sh/90,SoTA,0.2371000822897841,0.2371000822897841
Age_stats_shooting,onG,0.2369091670249478,0.2369091670249478
Age_stats_playing_time,onG,0.2369091670249478,0.2369091670249478
Age,onG,0.2369091670249478,0.2369091670249478
Age_stats_misc,onG,0.23690916702494777,0.23690916702494777
+/-,SoT,0.23648762751921795,0.23648762751921795
Ast,Starts_stats_keeper,0.23647295704125193,0.23647295704125193
G+A,Starts_stats_keeper,0.23647295704125193,0.23647295704125193
GA90,W,-0.2355094701345898,0.2355094701345898
PKA,Subs,-0.23537040939482315,0.23537040939482315
G+A-PK,G-PK,0.23480570123713174,0.23480570123713174
Ast,MP_stats_keeper,0.23454175577937147,0.23454175577937147
G+A,MP_stats_keeper,0.23454175577937147,0.23454175577937147
90s_stats_keeper,Ast,0.2343497252410677,0.2343497252410677
90s_stats_keeper,G+A,0.2343497252410677,0.2343497252410677
G+A,Min_stats_keeper,0.2342770484065248,0.2342770484065248
Ast,Min_stats_keeper,0.2342770484065248,0.2342770484065248
Ast,PKatt,0.2341790206736258,0.2341790206736258
Ast,PKatt_stats_shooting,0.2341790206736258,0.2341790206736258
G+A,G/SoT,0.23358799847266143,0.23358799847266143
Ast,PKatt_stats_keeper,0.23351605961080335,0.23351605961080335
G+A,PKatt_stats_keeper,0.23351605961080335,0.23351605961080335
Crs,Gls_stats_shooting,0.23343989734511203,0.23343989734511203
Crs,Gls,0.23343989734511203,0.23343989734511203
PKm,unSub,-0.23261577481058618,0.23261577481058618
Ast,CS,0.2325920231120931,0.2325920231120931
CS,G+A,0.2325920231120931,0.2325920231120931
+/-,onGA,-0.23163522980934867,0.23163522980934867
GA,OG,0.23110691508731837,0.23110691508731837
Saves,Sh,0.23092303686311674,0.23092303686311674
Saves,Sh/90,0.23024797555651352,0.23024797555651352
Ast,Compl,0.22854702930583282,0.22854702930583282
Compl,Sh,0.2274471544018993,0.2274471544018993
CS,Int,0.2274264059440401,0.2274264059440401
Int,PKsv,0.22485170112227956,0.22485170112227956
CS,Subs,-0.2244509313695657,0.2244509313695657
G+A-PK,Gls,0.22421909238409984,0.22421909238409984
G+A-PK,Gls_stats_shooting,0.22421909238409984,0.22421909238409984
Mn/Sub,PKA,-0.22361497786737328,0.22361497786737328
Int,OG,0.22316907885859913,0.22316907885859913
L,OG,0.22307976740437177,0.22307976740437177
CrdR_stats_misc,Fls,0.2223206332760503,0.2223206332760503
CrdR,Fls,0.2223206332760503,0.2223206332760503
Crs,G-PK,0.2216284005763868,0.2216284005763868
PKatt,onG,0.22117719149873075,0.22117719149873075
PKatt_stats_shooting,onG,0.22117719149873075,0.22117719149873075
Subs,W,-0.22100204952724115,0.22100204952724115
Crs,Off,0.2207837125909623,0.2207837125909623
Gls,Mn/MP,0.2193045820734649,0.2193045820734649
Gls_stats_shooting,Mn/MP,0.2193045820734649,0.2193045820734649
G-PK,Mn/MP,0.2188424021247218,0.2188424021247218
G+A,W,0.21835688226370578,0.21835688226370578
Ast,W,0.21835688226370578,0.21835688226370578
CrdY,G-PK,0.2183408099001117,0.2183408099001117
CrdY_stats_misc,G-PK,0.2183408099001117,0.2183408099001117
SoT/90,Subs,0.21659277734200394,0.21659277734200394
G+A-PK,PKsv,0.21574078305484368,0.21574078305484368
PKatt_stats_keeper,Sh,0.21571917639067126,0.21571917639067126
CrdY_stats_misc,Gls,0.21505294960222882,0.21505294960222882
CrdY,Gls,0.21505294960222882,0.21505294960222882
CrdY_stats_misc,Gls_stats_shooting,0.21505294960222882,0.21505294960222882
CrdY,Gls_stats_shooting,0.21505294960222882,0.21505294960222882
Fld,Mn/Start,0.21497224498289683,0.21497224498289683
D,OG,0.21491843467788613,0.21491843467788613
PKatt_stats_shooting,SoT/90,0.21490685173825333,0.21490685173825333
PKatt,SoT/90,0.21490685173825327,0.21490685173825327
Compl,OG,0.2147717354475685,0.2147717354475685
Ast,PK,0.21408866889778083,0.21408866889778083
Ast,PK_stats_shooting,0.21408866889778083,0.21408866889778083
On-Off,W,0.21231764587403382,0.21231764587403382
Ast,GA,0.2123032268015565,0.2123032268015565
G+A,GA,0.2123032268015565,0.2123032268015565
PKA,TklW,0.2114242945331962,0.2114242945331962
Fls,W,0.21121834365746633,0.21121834365746633
Sh/90,SoT,0.21043742463532647,0.21043742463532647
Mn/Sub,Off,0.20987638849300802,0.20987638849300802
Crs,W,0.2098286170907224,0.2098286170907224
Fls,PKatt,0.20940356849296357,0.20940356849296357
Fls,PKatt_stats_shooting,0.20940356849296357,0.20940356849296357
G+A,SoTA,0.20940295740878298,0.20940295740878298
Ast,SoTA,0.20940295740878298,0.20940295740878298
+/-,Sh,0.20890042596133576,0.20890042596133576
Sh,Sh/90,0.20827678755691933,0.20827678755691933
Mn/MP,unSub,-0.20794564431708443,0.20794564431708443
PK_stats_shooting,onG,0.20767412785418796,0.20767412785418796
PK,onG,0.20767412785418796,0.20767412785418796
PKatt_stats_keeper,Sh/90,0.20761445382447033,0.20761445382447033
MP,PKatt,0.20730193881331735,0.20730193881331735
MP,PKatt_stats_shooting,0.20730193881331735,0.20730193881331735
MP_stats_playing_time,PKatt_stats_shooting,0.2073019388133173,0.2073019388133173
MP_stats_playing_time,PKatt,0.2073019388133173,0.2073019388133173
PKA,Sh,0.20717038294127946,0.20717038294127946
G+A,Saves,0.20712760762326368,0.20712760762326368
Ast,Saves,0.20712760762326368,0.20712760762326368
PKatt,Starts,0.20625342105256933,0.20625342105256933
PKatt_stats_shooting,Starts,0.20625342105256933,0.20625342105256933
PKatt,Starts_stats_playing_time,0.20625342105256933,0.20625342105256933
PKatt_stats_shooting,Starts_stats_playing_time,0.20625342105256933,0.20625342105256933
CS,Save%,0.2058061836931774,0.2058061836931774
Sh,SoT%,0.20578182659780558,0.20578182659780558
Mn/MP,Sh/90,-0.20551506280535337,0.20551506280535337
OG,SoTA,0.20518617679242865,0.20518617679242865
Min%,PKatt,0.20408561147332951,0.20408561147332951
Min%,PKatt_stats_shooting,0.20408561147332951,0.20408561147332951
CS%,W,0.20366134890620158,0.20366134890620158
On-Off,Sh/90,-0.20296089821711594,0.20296089821711594
CrdR_stats_misc,Int,0.20254985096911698,0.20254985096911698
CrdR,Int,0.20254985096911698,0.20254985096911698
PKatt_stats_keeper,TklW,0.20246740182654868,0.20246740182654868
CS,Fls,0.20234009492088595,0.20234009492088595
90s_stats_misc,PKatt_stats_shooting,0.20132972091974433,0.20132972091974433
90s_stats_playing_time,PKatt,0.20132972091974433,0.20132972091974433
90s_stats_shooting,PKatt,0.20132972091974433,0.20132972091974433
90s_stats_misc,PKatt,0.20132972091974433,0.20132972091974433
90s_stats_playing_time,PKatt_stats_shooting,0.20132972091974433,0.20132972091974433
90s_stats_shooting,PKatt_stats_shooting,0.20132972091974427,0.20132972091974427
90s,PKatt,0.20132972091974427,0.20132972091974427
90s,PKatt_stats_shooting,0.20132972091974427,0.20132972091974427
Min,PKatt_stats_shooting,0.20129638698606334,0.20129638698606334
Min,PKatt,0.20129638698606334,0.20129638698606334
Min_stats_playing_time,PKatt_stats_shooting,0.2012963869860633,0.2012963869860633
Min_stats_playing_time,PKatt,0.2012963869860633,0.2012963869860633
Off,Subs,0.2012581893834481,0.2012581893834481
PKA,Sh/90,0.20072952550041953,0.20072952550041953
Ast,G+A-PK,0.2004796839008802,0.2004796839008802
Born_stats_keeper,SoT%,-0.20043114219672212,0.20043114219672212
Mn/Sub,PKatt_stats_keeper,-0.19993421664827224,0.19993421664827224
PK,SoT/90,0.19923164368765733,0.19923164368765733
PK_stats_shooting,SoT/90,0.19923164368765733,0.19923164368765733
Compl,G+A,0.19901978122605554,0.19901978122605554
+/-90,Sh/90,-0.19759954702337662,0.19759954702337662
G+A,PPM,0.19678979402298916,0.19678979402298916
G+A-PK,SoT,0.19647331076149802,0.19647331076149802
CS,On-Off,0.19511746552173045,0.19511746552173045
Min_stats_keeper,OG,0.19472831901691104,0.19472831901691104
90s_stats_keeper,OG,0.19471077107456183,0.19471077107456183
CrdR_stats_misc,TklW,0.19427919463242382,0.19427919463242382
CrdR,TklW,0.19427919463242382,0.19427919463242382
CrdR,Starts,0.19338152848192774,0.19338152848192774
CrdR_stats_misc,Starts_stats_playing_time,0.19338152848192774,0.19338152848192774
CrdR,Starts_stats_playing_time,0.19338152848192774,0.19338152848192774
CrdR_stats_misc,Starts,0.19338152848192774,0.19338152848192774
Ast,PPM,0.19332725179373933,0.19332725179373933
OG,Starts_stats_keeper,0.19324240938147227,0.19324240938147227
+/-,Save%,0.1929886765508164,0.1929886765508164
Off,SoT%,0.19292684153008136,0.19292684153008136
Sh,Subs,0.1927827469981209,0.1927827469981209
MP_stats_keeper,OG,0.1919042912545273,0.1919042912545273
Min_stats_keeper,Sh,0.1913863870461208,0.1913863870461208
90s_stats_keeper,Sh,0.19136856461770257,0.19136856461770257
Gls,Sh/90,0.19071573430702204,0.19071573430702204
Gls_stats_shooting,Sh/90,0.19071573430702204,0.19071573430702204
G+A,L,0.19054662551137483,0.19054662551137483
Ast,L,0.19054662551137483,0.19054662551137483
Sh,Starts_stats_keeper,0.1902209170679354,0.1902209170679354
Min_stats_keeper,Sh/90,0.19013129707458123,0.19013129707458123
90s_stats_keeper,Sh/90,0.19009248714926347,0.19009248714926347
PK,Starts,0.19005616821953272,0.19005616821953272
PK_stats_shooting,Starts,0.19005616821953272,0.19005616821953272
PK_stats_shooting,Starts_stats_playing_time,0.19005616821953264,0.19005616821953264
PK,Starts_stats_playing_time,0.19005616821953264,0.19005616821953264
G-PK,Sh/90,0.1898104436828746,0.1898104436828746
MP_stats_keeper,Sh,0.18942825884968503,0.18942825884968503
Born,CrdY_stats_misc,-0.18930736850551735,0.18930736850551735
Born_stats_playing_time,CrdY_stats_misc,-0.18930736850551735,0.18930736850551735
Born,CrdY,-0.18930736850551735,0.18930736850551735
Born_stats_shooting,CrdY_stats_misc,-0.18930736850551735,0.18930736850551735
Born_stats_misc,CrdY_stats_misc,-0.18930736850551735,0.18930736850551735
Born_stats_shooting,CrdY,-0.18930736850551624,0.18930736850551624
Born_stats_playing_time,CrdY,-0.18930736850551624,0.18930736850551624
Born_stats_misc,CrdY,-0.18930736850551624,0.18930736850551624
MP,PK_stats_shooting,0.18913488306935508,0.18913488306935508
MP_stats_playing_time,PK,0.18913488306935508,0.18913488306935508
MP,PK,0.18913488306935508,0.18913488306935508
MP_stats_playing_time,PK_stats_shooting,0.18913488306935508,0.18913488306935508
Sh/90,Starts_stats_keeper,0.18904032221139552,0.18904032221139552
Age_stats_playing_time,CrdY_stats_misc,0.1886975999610935,0.1886975999610935
Age,CrdY_stats_misc,0.1886975999610935,0.1886975999610935
Age_stats_shooting,CrdY_stats_misc,0.1886975999610935,0.1886975999610935
Age_stats_playing_time,CrdY,0.1886975999610935,0.1886975999610935
Age,CrdY,0.1886975999610935,0.1886975999610935
Age_stats_shooting,CrdY,0.1886975999610935,0.1886975999610935
Age_stats_misc,CrdY_stats_misc,0.1886975999610935,0.1886975999610935
Age_stats_misc,CrdY,0.1886975999610935,0.1886975999610935
MP_stats_keeper,Sh/90,0.1882148768289693,0.1882148768289693
SoT,Subs,0.18742620696641896,0.18742620696641896
OG,Saves,0.1866957830442325,0.1866957830442325
90s_stats_playing_time,CrdR,0.18669392568403412,0.18669392568403412
90s_stats_misc,CrdR,0.18669392568403412,0.18669392568403412
90s_stats_shooting,CrdR_stats_misc,0.18669392568403412,0.18669392568403412
90s,CrdR_stats_misc,0.18669392568403412,0.18669392568403412
90s_stats_playing_time,CrdR_stats_misc,0.18669392568403412,0.18669392568403412
90s_stats_shooting,CrdR,0.18669392568403412,0.18669392568403412
90s_stats_misc,CrdR_stats_misc,0.18669392568403412,0.18669392568403412
90s,CrdR,0.18669392568403412,0.18669392568403412
CrdR_stats_misc,Min%,0.1866538804475057,0.1866538804475057
CrdR,Min%,0.1866538804475056,0.1866538804475056
CrdR,Min,0.18660286813387347,0.18660286813387347
CrdR_stats_misc,Min,0.18660286813387347,0.18660286813387347
CrdR_stats_misc,Min_stats_playing_time,0.18660286813387347,0.18660286813387347
CrdR,Min_stats_playing_time,0.18660286813387342,0.18660286813387342
Min%,PK_stats_shooting,0.18660194190281226,0.18660194190281226
Min%,PK,0.18660194190281226,0.18660194190281226
OG,onGA,0.18641505921746043,0.18641505921746043
Min_stats_playing_time,PK,0.1848882525856137,0.1848882525856137
Min_stats_playing_time,PK_stats_shooting,0.1848882525856137,0.1848882525856137
Min,PK,0.18488825258561367,0.18488825258561367
Min,PK_stats_shooting,0.18488825258561367,0.18488825258561367
90s_stats_misc,PK_stats_shooting,0.18488448319117706,0.18488448319117706
90s_stats_playing_time,PK,0.18488448319117706,0.18488448319117706
90s_stats_shooting,PK_stats_shooting,0.18488448319117706,0.18488448319117706
90s,PK,0.18488448319117706,0.18488448319117706
90s,PK_stats_shooting,0.18488448319117706,0.18488448319117706
90s_stats_shooting,PK,0.18488448319117706,0.18488448319117706
90s_stats_playing_time,PK_stats_shooting,0.18488448319117706,0.18488448319117706
90s_stats_misc,PK,0.18488448319117706,0.18488448319117706
+/-90,PPM,0.1842628963014477,0.1842628963014477
Fls,PK_stats_shooting,0.1829416439959804,0.1829416439959804
Fls,PK,0.1829416439959804,0.1829416439959804
D,G+A,0.18096797942757117,0.18096797942757117
Ast,D,0.18096797942757117,0.18096797942757117
G-PK,TklW,0.18040979184824785,0.18040979184824785
+/-,SoTA,-0.18031358054815136,0.18031358054815136
Fld,PKm,0.17985116373257795,0.17985116373257795
G+A,PKA,0.1788374854719349,0.1788374854719349
Ast,PKA,0.1788374854719349,0.1788374854719349
CrdR_stats_misc,onGA,0.1785368366234472,0.1785368366234472
CrdR,onGA,0.17853683662344716,0.17853683662344716
CrdR,MP,0.17563500839833276,0.17563500839833276
CrdR,MP_stats_playing_time,0.17563500839833276,0.17563500839833276
CrdR_stats_misc,MP,0.17563500839833276,0.17563500839833276
CrdR_stats_misc,MP_stats_playing_time,0.17563500839833276,0.17563500839833276
PKatt_stats_shooting,onGA,0.17563221344725635,0.17563221344725635
PKatt,onGA,0.17563221344725635,0.17563221344725635
Born_stats_keeper,Save%,-0.17543483440184052,0.17543483440184052
Born,Save%,-0.17543483440184052,0.17543483440184052
Born_stats_misc,Save%,-0.17543483440183955,0.17543483440183955
Born_stats_shooting,Save%,-0.17543483440183955,0.17543483440183955
Born_stats_playing_time,Save%,-0.17543483440183955,0.17543483440183955
Mn/MP,OG,0.17528098651229834,0.17528098651229834
G+A-PK,Sh,0.17523862341563395,0.17523862341563395
90s_stats_misc,OG,0.17374760624658084,0.17374760624658084
90s,OG,0.17374760624658084,0.17374760624658084
90s_stats_playing_time,OG,0.17374760624658084,0.17374760624658084
90s_stats_shooting,OG,0.17374760624658084,0.17374760624658084
Min_stats_playing_time,OG,0.17366345742499914,0.17366345742499914
Min,OG,0.17366345742499914,0.17366345742499914
Crs,PKatt_stats_shooting,0.17290310157250094,0.17290310157250094
Crs,PKatt,0.17290310157250094,0.17290310157250094
Compl,SoT,0.17287921247751556,0.17287921247751556
Starts,Subs,-0.17168867473805585,0.17168867473805585
Starts_stats_playing_time,Subs,-0.17168867473805585,0.17168867473805585
Min%,OG,0.17155562626206736,0.17155562626206736
Mn/Sub,unSub,-0.17150354929625036,0.17150354929625036
OG,Starts_stats_playing_time,0.1712479418119582,0.1712479418119582
OG,Starts,0.1712479418119582,0.1712479418119582
90s_stats_keeper,On-Off,0.17093200088688068,0.17093200088688068
Min_stats_keeper,On-Off,0.1707602375585252,0.1707602375585252
G/Sh,Sh,0.17016897369303982,0.17016897369303982
G+A,Sh/90,0.16995015486993198,0.16995015486993198
G+A,Int,0.1699152617354017,0.1699152617354017
On-Off,Starts_stats_keeper,0.16985655387784754,0.16985655387784754
2CrdY,Fls,0.16982483973563084,0.16982483973563084
G+A-PK,PKatt_stats_keeper,0.16978144969965409,0.16978144969965409
+/-,G/Sh,0.16930004745026384,0.16930004745026384
MP_stats_keeper,On-Off,0.16902106831894553,0.16902106831894553
CrdR,Fld,0.16891840810586375,0.16891840810586375
CrdR_stats_misc,Fld,0.16891840810586375,0.16891840810586375
Fls,PKsv,0.1685093263269981,0.1685093263269981
Age,Save%,0.16845144096361847,0.16845144096361847
Age_stats_keeper,Save%,0.16845144096361847,0.16845144096361847
Age_stats_playing_time,Save%,0.1684514409636184,0.1684514409636184
Age_stats_misc,Save%,0.1684514409636184,0.1684514409636184
Age_stats_shooting,Save%,0.1684514409636184,0.1684514409636184
Gls_stats_shooting,TklW,0.16826911166081143,0.16826911166081143
Gls,TklW,0.16826911166081143,0.16826911166081143
G-PK,PPM,0.16819862544340722,0.16819862544340722
G-PK,Subs,0.16762955208995314,0.16762955208995314
Crs,PK,0.16691202780589542,0.16691202780589542
Crs,PK_stats_shooting,0.16691202780589542,0.16691202780589542
G+A-PK,W,0.1667121924266298,0.1667121924266298
CS,G+A-PK,0.16593022327993265,0.16593022327993265
G/Sh,Off,0.16490705601599825,0.16490705601599825
D,On-Off,0.16439389556823444,0.16439389556823444
Born,Int,-0.16407121275098094,0.16407121275098094
Born_stats_playing_time,Int,-0.16407121275098094,0.16407121275098094
Born_stats_misc,Int,-0.16407121275098094,0.16407121275098094
Born_stats_shooting,Int,-0.16407121275098094,0.16407121275098094
CS,PKm,0.1631150352304442,0.1631150352304442
PK_stats_shooting,onGA,0.16306173321051765,0.16306173321051765
PK,onGA,0.16306173321051765,0.16306173321051765
Compl,Sh/90,-0.1624076071086617,0.1624076071086617
Age_stats_misc,Int,0.161958806987446,0.161958806987446
Age,Int,0.161958806987446,0.161958806987446
Age_stats_shooting,Int,0.161958806987446,0.161958806987446
Age_stats_playing_time,Int,0.161958806987446,0.161958806987446
CrdR_stats_misc,Mn/MP,0.16141249972126737,0.16141249972126737
CrdR,Mn/MP,0.16141249972126734,0.16141249972126734
GA90,onG,-0.1613577610606177,0.1613577610606177
+/-90,G/SoT,0.1606483135442329,0.1606483135442329
G+A-PK,Starts_stats_keeper,0.16034506240811386,0.16034506240811386
Born_stats_misc,Mn/Start,-0.15953813099612993,0.15953813099612993
Born,Mn/Start,-0.1595381309961297,0.1595381309961297
Born_stats_shooting,Mn/Start,-0.1595381309961297,0.1595381309961297
Born_stats_playing_time,Mn/Start,-0.1595381309961297,0.1595381309961297
Age_stats_misc,Mn/Start,0.15936230165599008,0.15936230165599008
Age_stats_playing_time,Mn/Start,0.15936230165599008,0.15936230165599008
Age_stats_shooting,Mn/Start,0.15936230165599008,0.15936230165599008
Age,Mn/Start,0.15936230165599008,0.15936230165599008
90s_stats_keeper,G+A-PK,0.1585466046765137,0.1585466046765137
G+A-PK,Min_stats_keeper,0.1584474052881523,0.1584474052881523
G+A-PK,MP_stats_keeper,0.1580191021255223,0.1580191021255223
Mn/MP,PKsv,0.1574943833712419,0.1574943833712419
Gls,PPM,0.15659171560192703,0.15659171560192703
Gls_stats_shooting,PPM,0.15659171560192703,0.15659171560192703
Age,Mn/Sub,0.1554424502377095,0.1554424502377095
Age_stats_playing_time,Mn/Sub,0.1554424502377095,0.1554424502377095
Age_stats_shooting,Mn/Sub,0.1554424502377095,0.1554424502377095
Age_stats_misc,Mn/Sub,0.15544245023770947,0.15544245023770947
Born_stats_misc,Mn/Sub,-0.15519142493508248,0.15519142493508248
Born_stats_shooting,Mn/Sub,-0.15519142493508187,0.15519142493508187
Born_stats_playing_time,Mn/Sub,-0.15519142493508187,0.15519142493508187
Born,Mn/Sub,-0.15519142493508187,0.15519142493508187
Mn/Start,On-Off,0.15498334214740134,0.15498334214740134
Off,Sh/90,0.15488037790878956,0.15488037790878956
+/-,G/SoT,0.15419260435865775,0.15419260435865775
G+A-PK,Mn/Start,-0.1535812504930437,0.1535812504930437
CrdY_stats_misc,Off,0.1533728189166625,0.1533728189166625
CrdY,Off,0.1533728189166625,0.1533728189166625
PKatt_stats_shooting,unSub,-0.15326946391731416,0.15326946391731416
PKatt,unSub,-0.15326946391731416,0.15326946391731416
Compl,SoT/90,-0.15317950315757195,0.15317950315757195
PKatt,SoT%,0.15309167778609956,0.15309167778609956
PKatt_stats_shooting,SoT%,0.15309167778609956,0.15309167778609956
G/Sh,onG,0.15253751845579025,0.15253751845579025
Born_stats_playing_time,D,-0.15248437797956907,0.15248437797956907
Born_stats_shooting,D,-0.15248437797956907,0.15248437797956907
Born_stats_misc,D,-0.15248437797956907,0.15248437797956907
Born_stats_keeper,D,-0.15248437797956896,0.15248437797956896
Born,D,-0.15248437797956896,0.15248437797956896
G/Sh,PPM,0.15241012798637724,0.15241012798637724
Mn/MP,SoT/90,-0.15204553553341024,0.15204553553341024
Mn/Start,OG,0.15194858850618925,0.15194858850618925
Compl,CrdR_stats_misc,0.15170508484251694,0.15170508484251694
Compl,CrdR,0.15170508484251694,0.15170508484251694
On-Off,Saves,0.1507942797708031,0.1507942797708031
Born_stats_shooting,PKA,-0.14999480918582372,0.14999480918582372
Born_stats_playing_time,PKA,-0.14999480918582372,0.14999480918582372
Born_stats_misc,PKA,-0.14999480918582372,0.14999480918582372
Born,PKA,-0.14999480918582261,0.14999480918582261
Born_stats_keeper,PKA,-0.14999480918582261,0.14999480918582261
OG,PKA,0.14974230438059305,0.14974230438059305
PKsv,Subs,-0.14952630060275246,0.14952630060275246
G+A,Subs,0.1492244505283442,0.1492244505283442
Gls_stats_shooting,Subs,0.14908955293063195,0.14908955293063195
Gls,Subs,0.14908955293063195,0.14908955293063195
Ast,SoT/90,0.14849339102428713,0.14849339102428713
+/-,PKatt_stats_keeper,-0.1484610413693167,0.1484610413693167
Age,PKA,0.14827262159087182,0.14827262159087182
Age_stats_keeper,PKA,0.14827262159087182,0.14827262159087182
Age_stats_misc,PKA,0.14827262159087176,0.14827262159087176
Age_stats_shooting,PKA,0.14827262159087176,0.14827262159087176
Age_stats_playing_time,PKA,0.14827262159087176,0.14827262159087176
+/-90,L,-0.14787855158530347,0.14787855158530347
Mn/MP,Off,0.14688744849597843,0.14688744849597843
OG,TklW,0.14642050028957476,0.14642050028957476
Age_stats_misc,D,0.14641615230977723,0.14641615230977723
Age_stats_playing_time,D,0.14641615230977723,0.14641615230977723
Age,D,0.14641615230977723,0.14641615230977723
Age_stats_keeper,D,0.14641615230977723,0.14641615230977723
Age_stats_shooting,D,0.14641615230977723,0.14641615230977723
L,Mn/Sub,-0.14596784382363684,0.14596784382363684
Born_stats_keeper,Starts,-0.14506522341194117,0.14506522341194117
Born_stats_shooting,Starts_stats_keeper,-0.14506522341194117,0.14506522341194117
Born_stats_playing_time,Starts_stats_keeper,-0.14506522341194117,0.14506522341194117
Born_stats_misc,Starts_stats_keeper,-0.14506522341194117,0.14506522341194117
Born_stats_keeper,Starts_stats_keeper,-0.14506522341194067,0.14506522341194067
Born_stats_keeper,Starts_stats_playing_time,-0.14506522341194067,0.14506522341194067
Born,Starts_stats_keeper,-0.14506522341194067,0.14506522341194067
Save%,W,0.14502295375411006,0.14502295375411006
PK_stats_shooting,SoT%,0.14478055337210063,0.14478055337210063
PK,SoT%,0.14478055337210063,0.14478055337210063
+/-,+/-90,0.14401314181610383,0.14401314181610383
CrdY_stats_misc,PKm,0.1438022662874606,0.1438022662874606
CrdY,PKm,0.14380226628746057,0.14380226628746057
Born_stats_keeper,Sh/90,-0.14297883609815512,0.14297883609815512
Age_stats_keeper,Sh/90,0.14278931174691376,0.14278931174691376
Int,SoT,0.14273412912733557,0.14273412912733557
Born,Fls,-0.14223212129444432,0.14223212129444432
Born_stats_misc,Fls,-0.14223212129444432,0.14223212129444432
Born_stats_shooting,Fls,-0.14223212129444432,0.14223212129444432
Born_stats_playing_time,Fls,-0.14223212129444432,0.14223212129444432
Born_stats_playing_time,MP_stats_keeper,-0.1420917660619728,0.1420917660619728
Born_stats_shooting,MP_stats_keeper,-0.1420917660619728,0.1420917660619728
Born_stats_misc,MP_stats_keeper,-0.1420917660619728,0.1420917660619728
Born_stats_keeper,MP,-0.1420917660619728,0.1420917660619728
Born,MP_stats_keeper,-0.14209176606197246,0.14209176606197246
Born_stats_keeper,MP_stats_keeper,-0.14209176606197246,0.14209176606197246
Born_stats_keeper,MP_stats_playing_time,-0.14209176606197246,0.14209176606197246
G+A-PK,GA,0.14186753712341693,0.14186753712341693
GA90,Mn/MP,-0.14186331276700123,0.14186331276700123
PK,unSub,-0.14185052149941174,0.14185052149941174
PK_stats_shooting,unSub,-0.14185052149941174,0.14185052149941174
2CrdY,TklW,0.1414007173866885,0.1414007173866885
Age_stats_shooting,Fls,0.141034124790197,0.141034124790197
Age,Fls,0.141034124790197,0.141034124790197
Age_stats_misc,Fls,0.141034124790197,0.141034124790197
Age_stats_playing_time,Fls,0.141034124790197,0.141034124790197
Born_stats_keeper,Sh,-0.1405192718518371,0.1405192718518371
+/-,Saves,-0.14044962577819253,0.14044962577819253
Crs,Min_stats_keeper,0.1403240232563877,0.1403240232563877
90s_stats_keeper,Crs,0.14031043209801597,0.14031043209801597
G+A-PK,Off,0.1401948758447136,0.1401948758447136
G/SoT,PPM,0.14015367647377033,0.14015367647377033
Age_stats_keeper,Sh,0.13987945533226714,0.13987945533226714
+/-,PKA,-0.1396599566559192,0.1396599566559192
90s_stats_keeper,Born_stats_misc,-0.13936550491625788,0.13936550491625788
90s_stats_keeper,Born_stats_shooting,-0.13936550491625788,0.13936550491625788
90s,Born_stats_keeper,-0.13936550491625788,0.13936550491625788
90s_stats_keeper,Born_stats_playing_time,-0.13936550491625788,0.13936550491625788
90s_stats_keeper,Born_stats_keeper,-0.13936550491625752,0.13936550491625752
90s_stats_playing_time,Born_stats_keeper,-0.13936550491625752,0.13936550491625752
90s_stats_misc,Born_stats_keeper,-0.13936550491625752,0.13936550491625752
90s_stats_shooting,Born_stats_keeper,-0.13936550491625752,0.13936550491625752
90s_stats_keeper,Born,-0.13936550491625752,0.13936550491625752
Born_stats_keeper,Min,-0.13936081829286634,0.13936081829286634
Born_stats_playing_time,Min_stats_keeper,-0.13936081829286634,0.13936081829286634
Born_stats_misc,Min_stats_keeper,-0.13936081829286634,0.13936081829286634
Born_stats_shooting,Min_stats_keeper,-0.13936081829286634,0.13936081829286634
Born_stats_keeper,Min_stats_playing_time,-0.13936081829286595,0.13936081829286595
Born_stats_keeper,Min_stats_keeper,-0.13936081829286595,0.13936081829286595
Born,Min_stats_keeper,-0.13936081829286595,0.13936081829286595
Crs,Starts_stats_keeper,0.13925865379508096,0.13925865379508096
Crs,MP_stats_keeper,0.13914802468730134,0.13914802468730134
PPM,SoT,0.13902389437094773,0.13902389437094773
Age_stats_misc,Starts_stats_keeper,0.1389966939949101,0.1389966939949101
Age_stats_keeper,Starts,0.1389966939949101,0.1389966939949101
Age_stats_keeper,Starts_stats_keeper,0.1389966939949101,0.1389966939949101
Age,Starts_stats_keeper,0.1389966939949101,0.1389966939949101
Age_stats_shooting,Starts_stats_keeper,0.1389966939949101,0.1389966939949101
Age_stats_playing_time,Starts_stats_keeper,0.1389966939949101,0.1389966939949101
Age_stats_keeper,Starts_stats_playing_time,0.1389966939949101,0.1389966939949101
Sh/90,Subs,0.13886678100049923,0.13886678100049923
Born_stats_keeper,Mn/Start,0.13872670720997102,0.13872670720997102
On-Off,SoTA,0.13822745162858718,0.13822745162858718
Compl,Gls_stats_shooting,0.13772152694855594,0.13772152694855594
Compl,Gls,0.13772152694855594,0.13772152694855594
CS,SoT%,0.1376204706407951,0.1376204706407951
Int,Subs,-0.13758543621674535,0.13758543621674535
+/-90,Mn/Start,0.13742951966594913,0.13742951966594913
Born_stats_keeper,Compl,-0.13728731195003943,0.13728731195003943
CS%,L,-0.13689035374924816,0.13689035374924816
G+A-PK,PKA,0.1367819334446512,0.1367819334446512
G+A-PK,SoTA,0.13656662155868543,0.13656662155868543
2CrdY,Int,0.13649448144678375,0.13649448144678375
Age_stats_shooting,MP_stats_keeper,0.13641234351287246,0.13641234351287246
Age_stats_keeper,MP_stats_playing_time,0.13641234351287246,0.13641234351287246
Age_stats_keeper,MP_stats_keeper,0.13641234351287246,0.13641234351287246
Age_stats_playing_time,MP_stats_keeper,0.13641234351287246,0.13641234351287246
Age_stats_misc,MP_stats_keeper,0.13641234351287246,0.13641234351287246
Age_stats_keeper,MP,0.13641234351287246,0.13641234351287246
Age,MP_stats_keeper,0.13641234351287246,0.13641234351287246
Age_stats_misc,PKm,0.13594785560854472,0.13594785560854472
Age_stats_playing_time,PKm,0.13594785560854472,0.13594785560854472
Age_stats_shooting,PKm,0.13594785560854472,0.13594785560854472
Age_stats_keeper,PKm,0.1359478556085447,0.1359478556085447
Age,PKm,0.1359478556085447,0.1359478556085447
Crs,D,0.1356521218313469,0.1356521218313469
Int,SoT/90,-0.1347877212260454,0.1347877212260454
Compl,G-PK,0.13469765913746815,0.13469765913746815
G+A-PK,Saves,0.1342627044745424,0.1342627044745424
Born_stats_keeper,Min%,-0.13388447974575066,0.13388447974575066
PPM,Sh,0.13383312367150763,0.13383312367150763
90s_stats_keeper,Age_stats_playing_time,0.133673444880874,0.133673444880874
90s_stats_keeper,Age_stats_misc,0.133673444880874,0.133673444880874
90s,Age_stats_keeper,0.133673444880874,0.133673444880874
90s_stats_keeper,Age_stats_shooting,0.133673444880874,0.133673444880874
90s_stats_keeper,Age,0.13367344488087396,0.13367344488087396
90s_stats_keeper,Age_stats_keeper,0.13367344488087396,0.13367344488087396
90s_stats_shooting,Age_stats_keeper,0.13367344488087396,0.13367344488087396
90s_stats_misc,Age_stats_keeper,0.13367344488087396,0.13367344488087396
90s_stats_playing_time,Age_stats_keeper,0.13367344488087396,0.13367344488087396
Age_stats_playing_time,Min_stats_keeper,0.1336588639162106,0.1336588639162106
Age_stats_keeper,Min_stats_keeper,0.1336588639162106,0.1336588639162106
Age_stats_keeper,Min,0.1336588639162106,0.1336588639162106
Age,Min_stats_keeper,0.1336588639162106,0.1336588639162106
Age_stats_keeper,Min_stats_playing_time,0.1336588639162106,0.1336588639162106
Age_stats_shooting,Min_stats_keeper,0.1336588639162106,0.1336588639162106
Age_stats_misc,Min_stats_keeper,0.1336588639162106,0.1336588639162106
Age_stats_playing_time,PKatt,0.13352645267441088,0.13352645267441088
Age_stats_playing_time,PKatt_stats_shooting,0.13352645267441088,0.13352645267441088
Age,PKatt,0.13352645267441088,0.13352645267441088
Age_stats_shooting,PKatt_stats_shooting,0.13352645267441088,0.13352645267441088
Age_stats_misc,PKatt,0.13352645267441088,0.13352645267441088
Age_stats_misc,PKatt_stats_shooting,0.13352645267441088,0.13352645267441088
Age,PKatt_stats_shooting,0.13352645267441088,0.13352645267441088
Age_stats_shooting,PKatt,0.13352645267441088,0.13352645267441088
Born_stats_misc,PKm,-0.13347087407971106,0.13347087407971106
Born_stats_shooting,PKm,-0.13347087407971106,0.13347087407971106
Born_stats_playing_time,PKm,-0.13347087407971106,0.13347087407971106
Born,PKm,-0.13347087407971078,0.13347087407971078
Born_stats_keeper,PKm,-0.13347087407971078,0.13347087407971078
CrdR,onG,0.13316544163506414,0.13316544163506414
CrdR_stats_misc,onG,0.1331654416350641,0.1331654416350641
Born_stats_shooting,PKatt,-0.1327146247731486,0.1327146247731486
Born_stats_misc,PKatt,-0.1327146247731486,0.1327146247731486
Born_stats_playing_time,PKatt,-0.1327146247731486,0.1327146247731486
Born_stats_misc,PKatt_stats_shooting,-0.1327146247731486,0.1327146247731486
Born_stats_playing_time,PKatt_stats_shooting,-0.1327146247731486,0.1327146247731486
Born,PKatt_stats_shooting,-0.1327146247731481,0.1327146247731481
Born,PKatt,-0.1327146247731481,0.1327146247731481
Born_stats_shooting,PKatt_stats_shooting,-0.1327146247731481,0.1327146247731481
Crs,Mn/Start,0.13221266079246008,0.13221266079246008
Age_stats_keeper,Compl,0.131597078073738,0.131597078073738
Age_stats_keeper,Mn/Start,-0.13139343285666097,0.13139343285666097
Born_stats_misc,Saves,-0.13139052827423217,0.13139052827423217
Born_stats_shooting,Saves,-0.13139052827423217,0.13139052827423217
Born_stats_playing_time,Saves,-0.13139052827423217,0.13139052827423217
Born,Saves,-0.13139052827423173,0.13139052827423173
Born_stats_keeper,Saves,-0.13139052827423173,0.13139052827423173
Mn/MP,Save%,0.13138192821558475,0.13138192821558475
PKm,Sh,0.1310500824510975,0.1310500824510975
D,Off,0.13102468981982565,0.13102468981982565
CrdY,OG,0.12966076501692647,0.12966076501692647
CrdY_stats_misc,OG,0.12966076501692647,0.12966076501692647
Int,Sh/90,-0.12864979562140486,0.12864979562140486
GA,Off,0.1285280321325717,0.1285280321325717
Born_stats_misc,SoTA,-0.1283474190508007,0.1283474190508007
Born_stats_playing_time,SoTA,-0.1283474190508007,0.1283474190508007
Born_stats_shooting,SoTA,-0.1283474190508007,0.1283474190508007
Born,SoTA,-0.1283474190508003,0.1283474190508003
Born_stats_keeper,SoTA,-0.1283474190508003,0.1283474190508003
Born,TklW,-0.12811125659034653,0.12811125659034653
Born_stats_shooting,TklW,-0.12811125659034653,0.12811125659034653
Born_stats_misc,TklW,-0.12811125659034653,0.12811125659034653
Born_stats_playing_time,TklW,-0.12811125659034653,0.12811125659034653
D,Sh,0.1277954712547849,0.1277954712547849
Age_stats_keeper,Min%,0.1277645979929572,0.1277645979929572
Mn/MP,PKatt,0.1268929888243496,0.1268929888243496
Mn/MP,PKatt_stats_shooting,0.1268929888243496,0.1268929888243496
+/-,D,-0.1260693576069478,0.1260693576069478
Born_stats_playing_time,PKatt_stats_keeper,-0.1259044528283139,0.1259044528283139
Born_stats_shooting,PKatt_stats_keeper,-0.1259044528283139,0.1259044528283139
Born_stats_misc,PKatt_stats_keeper,-0.1259044528283139,0.1259044528283139
Born_stats_keeper,PKatt_stats_keeper,-0.12590445282831297,0.12590445282831297
Born,PKatt_stats_keeper,-0.12590445282831297,0.12590445282831297
+/-90,MP_stats_keeper,0.1254608530630941,0.1254608530630941
Age_stats_shooting,TklW,0.125438782715184,0.125438782715184
Age_stats_misc,TklW,0.125438782715184,0.125438782715184
Age_stats_playing_time,TklW,0.125438782715184,0.125438782715184
Age,TklW,0.125438782715184,0.125438782715184
Age_stats_keeper,PKatt_stats_keeper,0.12538156176039542,0.12538156176039542
Age,PKatt_stats_keeper,0.12538156176039542,0.12538156176039542
Age_stats_playing_time,PKatt_stats_keeper,0.1253815617603954,0.1253815617603954
Age_stats_misc,PKatt_stats_keeper,0.1253815617603954,0.1253815617603954
Age_stats_shooting,PKatt_stats_keeper,0.1253815617603954,0.1253815617603954
D,Sh/90,0.1248301175101262,0.1248301175101262
+/-90,90s_stats_keeper,0.12473809693784038,0.12473809693784038
+/-90,Min_stats_keeper,0.12462328303178381,0.12462328303178381
PKm,Sh/90,0.12454535362374508,0.12454535362374508
+/-90,Starts_stats_keeper,0.12448245470736895,0.12448245470736895
G/SoT,onG,0.12448097682131654,0.12448097682131654
Age_stats_playing_time,PK,0.12437454298822193,0.12437454298822193
Age_stats_misc,PK,0.12437454298822193,0.12437454298822193
Age_stats_misc,PK_stats_shooting,0.12437454298822193,0.12437454298822193
Age_stats_shooting,PK,0.12437454298822193,0.12437454298822193
Age_stats_playing_time,PK_stats_shooting,0.12437454298822193,0.12437454298822193
Age_stats_shooting,PK_stats_shooting,0.12437454298822191,0.12437454298822191
Age,PK_stats_shooting,0.12437454298822191,0.12437454298822191
Age,PK,0.12437454298822191,0.12437454298822191
G+A-PK,L,0.12419657575420712,0.12419657575420712
Born_stats_misc,L,-0.12341905353336236,0.12341905353336236
Born_stats_playing_time,L,-0.12341905353336236,0.12341905353336236
Born_stats_shooting,L,-0.12341905353336236,0.12341905353336236
Born_stats_keeper,L,-0.12341905353336184,0.12341905353336184
Born,L,-0.12341905353336184,0.12341905353336184
Born_stats_keeper,Subs,0.12333722414402461,0.12333722414402461
G/SoT,On-Off,0.12316411427626839,0.12316411427626839
Age_stats_shooting,Saves,0.123155892244529,0.123155892244529
Age_stats_playing_time,Saves,0.123155892244529,0.123155892244529
Age_stats_misc,Saves,0.123155892244529,0.123155892244529
Age_stats_keeper,Saves,0.12315589224452896,0.12315589224452896
Age,Saves,0.12315589224452896,0.12315589224452896
GA,PPM,-0.12296571499022278,0.12296571499022278
Born_stats_playing_time,PK,-0.12260900061824623,0.12260900061824623
Born_stats_misc,PK,-0.12260900061824623,0.12260900061824623
Born_stats_shooting,PK,-0.12260900061824623,0.12260900061824623
Born_stats_playing_time,PK_stats_shooting,-0.12260900061824623,0.12260900061824623
Born_stats_misc,PK_stats_shooting,-0.12260900061824623,0.12260900061824623
Born,PK,-0.12260900061824619,0.12260900061824619
Born_stats_shooting,PK_stats_shooting,-0.12260900061824619,0.12260900061824619
Born,PK_stats_shooting,-0.12260900061824619,0.12260900061824619
G+A-PK,Sh/90,0.12119636479490768,0.12119636479490768
Min%,Subs,-0.12089665198951591,0.12089665198951591
MP,OG,0.12051723178919832,0.12051723178919832
MP_stats_playing_time,OG,0.12051723178919832,0.12051723178919832
Age_stats_keeper,SoTA,0.12042704119614651,0.12042704119614651
Age,SoTA,0.12042704119614651,0.12042704119614651
Age_stats_shooting,SoTA,0.12042704119614649,0.12042704119614649
Age_stats_misc,SoTA,0.12042704119614649,0.12042704119614649
Age_stats_playing_time,SoTA,0.12042704119614649,0.12042704119614649
Born_stats_keeper,onGA,-0.12034770177361893,0.12034770177361893
+/-90,G/Sh,0.1201374408126179,0.1201374408126179
Age_stats_keeper,Rk,-0.12005092784172648,0.12005092784172648
Age_stats_keeper,Rk_stats_misc,-0.12005092784172644,0.12005092784172644
Age_stats_keeper,Rk_stats_shooting,-0.12005092784172644,0.12005092784172644
SoT/90,unSub,-0.1193407046734158,0.1193407046734158
Age_stats_keeper,Rk_stats_playing_time,-0.11934059844065516,0.11934059844065516
G/Sh,unSub,-0.11847697874765184,0.11847697874765184
Born_stats_playing_time,Crs,-0.11810911884134764,0.11810911884134764
Born,Crs,-0.11810911884134764,0.11810911884134764
Born_stats_misc,Crs,-0.11810911884134764,0.11810911884134764
Born_stats_shooting,Crs,-0.11810911884134764,0.11810911884134764
Born_stats_playing_time,GA,-0.11797827646470205,0.11797827646470205
Born_stats_shooting,GA,-0.11797827646470205,0.11797827646470205
Born_stats_misc,GA,-0.11797827646470205,0.11797827646470205
Born_stats_keeper,GA,-0.11797827646470156,0.11797827646470156
Born,GA,-0.11797827646470156,0.11797827646470156
Ast,Mn/Start,0.1177932055421106,0.1177932055421106
Born_stats_keeper,onG,-0.11751005738656037,0.11751005738656037
+/-,PKsv,-0.11698766330527119,0.11698766330527119
Mn/MP,PK_stats_shooting,0.1169390667740029,0.1169390667740029
Mn/MP,PK,0.1169390667740029,0.1169390667740029
Mn/Sub,PKatt,0.11648752850280396,0.11648752850280396
Mn/Sub,PKatt_stats_shooting,0.11648752850280396,0.11648752850280396
90s_stats_misc,Subs,-0.1164867260310429,0.1164867260310429
90s,Subs,-0.11648672603104286,0.11648672603104286
90s_stats_shooting,Subs,-0.11648672603104286,0.11648672603104286
90s_stats_playing_time,Subs,-0.11648672603104286,0.11648672603104286
Min,Subs,-0.11644795427633223,0.11644795427633223
Min_stats_playing_time,Subs,-0.11644795427633223,0.11644795427633223
CS%,onG,0.11624850776009459,0.11624850776009459
Age_stats_playing_time,Rk_stats_keeper,-0.11621165600300909,0.11621165600300909
Age_stats_misc,Rk_stats_keeper,-0.11621165600300909,0.11621165600300909
Age_stats_shooting,Rk_stats_keeper,-0.11621165600300909,0.11621165600300909
Age,Rk_stats_keeper,-0.11621165600300909,0.11621165600300909
Age_stats_keeper,Rk_stats_keeper,-0.11621165600300909,0.11621165600300909
Ast,SoT%,0.11612836303162007,0.11612836303162007
Age_stats_keeper,onG,0.11534883153604598,0.11534883153604598
Age_stats_keeper,L,0.11469696893586023,0.11469696893586023
Age,L,0.11469696893586023,0.11469696893586023
Age_stats_misc,L,0.11469696893586016,0.11469696893586016
Age_stats_shooting,L,0.11469696893586016,0.11469696893586016
Age_stats_playing_time,L,0.11469696893586016,0.11469696893586016
Born_stats_keeper,unSub,0.11458359869500849,0.11458359869500849
2CrdY,MP_stats_playing_time,0.11446204532797648,0.11446204532797648
2CrdY,MP,0.11446204532797648,0.11446204532797648
Age_stats_keeper,onGA,0.11444713682332046,0.11444713682332046
Age,GA90,-0.11402313591884139,0.11402313591884139
Age_stats_keeper,GA90,-0.11402313591884139,0.11402313591884139
Age_stats_misc,GA90,-0.11402313591884136,0.11402313591884136
Age_stats_playing_time,GA90,-0.11402313591884136,0.11402313591884136
Age_stats_shooting,GA90,-0.11402313591884136,0.11402313591884136
PKatt_stats_shooting,Sh/90,0.11351511992506957,0.11351511992506957
PKatt,Sh/90,0.11351511992506957,0.11351511992506957
Mn/Sub,W,0.11297976451741695,0.11297976451741695
2CrdY,Starts,0.11277162055749286,0.11277162055749286
2CrdY,Starts_stats_playing_time,0.11277162055749286,0.11277162055749286
CS%,Mn/MP,-0.11250908798189632,0.11250908798189632
PPM,Rk_stats_keeper,-0.11250752115218575,0.11250752115218575
Age_stats_misc,GA,0.11174354182076561,0.11174354182076561
Age,GA,0.11174354182076561,0.11174354182076561
Age_stats_playing_time,GA,0.11174354182076561,0.11174354182076561
Age_stats_shooting,GA,0.11174354182076561,0.11174354182076561
Age_stats_keeper,GA,0.11174354182076561,0.11174354182076561
Mn/MP,PKm,0.1116240737613714,0.1116240737613714
Age,Crs,0.1115472423262596,0.1115472423262596
Age_stats_playing_time,Crs,0.1115472423262596,0.1115472423262596
Age_stats_misc,Crs,0.1115472423262596,0.1115472423262596
Age_stats_shooting,Crs,0.1115472423262596,0.1115472423262596
2CrdY,90s_stats_shooting,0.11153018612575538,0.11153018612575538
2CrdY,90s,0.11153018612575538,0.11153018612575538
2CrdY,90s_stats_misc,0.11153018612575538,0.11153018612575538
2CrdY,90s_stats_playing_time,0.11153018612575538,0.11153018612575538
2CrdY,Min_stats_playing_time,0.11148904712954412,0.11148904712954412
2CrdY,Min,0.11148904712954412,0.11148904712954412
+/-,G+A-PK,0.11146538700005743,0.11146538700005743
Mn/Sub,PK,0.1114618981728557,0.1114618981728557
Mn/Sub,PK_stats_shooting,0.1114618981728557,0.1114618981728557
2CrdY,Min%,0.11135398377303807,0.11135398377303807
OG,onG,0.11135149266746519,0.11135149266746519
2CrdY,onGA,0.11100915230853543,0.11100915230853543
Age_stats_keeper,Subs,-0.11084676136047596,0.11084676136047596
OG,PKatt_stats_keeper,0.11059707324713385,0.11059707324713385
Sh/90,onGA,-0.11025061748443638,0.11025061748443638
Born_stats_playing_time,GA90,0.1100957010719554,0.1100957010719554
Born_stats_misc,GA90,0.1100957010719554,0.1100957010719554
Born_stats_shooting,GA90,0.1100957010719554,0.1100957010719554
Born_stats_keeper,GA90,0.11009570107195538,0.11009570107195538
Born,GA90,0.11009570107195538,0.11009570107195538
PKsv,TklW,0.10994880041342865,0.10994880041342865
90s,GA90,-0.10959323774369599,0.10959323774369599
90s_stats_keeper,GA90,-0.10959323774369599,0.10959323774369599
90s_stats_misc,GA90,-0.10959323774369596,0.10959323774369596
90s_stats_playing_time,GA90,-0.10959323774369596,0.10959323774369596
90s_stats_shooting,GA90,-0.10959323774369596,0.10959323774369596
GA90,Min,-0.10950967016385951,0.10950967016385951
GA90,Min_stats_playing_time,-0.10950967016385951,0.10950967016385951
GA90,Min_stats_keeper,-0.10950967016385951,0.10950967016385951
CS%,onGA,-0.10944007442857084,0.10944007442857084
GA90,Starts_stats_playing_time,-0.1092700543453322,0.1092700543453322
GA90,Starts_stats_keeper,-0.10927005434533217,0.10927005434533217
GA90,Starts,-0.10927005434533217,0.10927005434533217
Born,G+A,-0.10921020961043015,0.10921020961043015
Born_stats_shooting,G+A,-0.10921020961043006,0.10921020961043006
Born_stats_misc,G+A,-0.10921020961043006,0.10921020961043006
Born_stats_playing_time,G+A,-0.10921020961043006,0.10921020961043006
MP,PPM,0.10915567298935101,0.10915567298935101
MP_stats_playing_time,PPM,0.10915567298935101,0.10915567298935101
Age_stats_keeper,unSub,-0.10885282915906493,0.10885282915906493
PKsv,Sh,0.10885085481928146,0.10885085481928146
Compl,GA90,-0.1084775407072677,0.1084775407072677
GA90,MP_stats_playing_time,-0.10846075205875721,0.10846075205875721
GA90,MP_stats_keeper,-0.10846075205875719,0.10846075205875719
GA90,MP,-0.10846075205875719,0.10846075205875719
+/-,SoT/90,0.10832647894335694,0.10832647894335694
Age_stats_misc,G+A,0.10826336944662987,0.10826336944662987
Age_stats_shooting,G+A,0.10826336944662987,0.10826336944662987
Age_stats_playing_time,G+A,0.10826336944662987,0.10826336944662987
Age,G+A,0.10826336944662986,0.10826336944662986
Mn/Start,Save%,0.10791221004571337,0.10791221004571337
Fld,SoT/90,0.10750090966266744,0.10750090966266744
CS%,GA,-0.10671361798024034,0.10671361798024034
SoT%,onG,0.10649092816485137,0.10649092816485137
+/-90,SoT%,0.10646526979135469,0.10646526979135469
GA90,Mn/Sub,-0.1056619900761502,0.1056619900761502
+/-,SoT%,0.10563134711031666,0.10563134711031666
2CrdY,Fld,0.10558160795303187,0.10558160795303187
+/-90,onG,0.10470385176535227,0.10470385176535227
CrdY,PKatt_stats_shooting,0.10462310314107541,0.10462310314107541
CrdY_stats_misc,PKatt,0.10462310314107538,0.10462310314107538
CrdY_stats_misc,PKatt_stats_shooting,0.10462310314107538,0.10462310314107538
CrdY,PKatt,0.10462310314107538,0.10462310314107538
Born_stats_keeper,Rk_stats_misc,0.10436489054879491,0.10436489054879491
Born_stats_keeper,Rk_stats_shooting,0.10436489054879491,0.10436489054879491
Born_stats_keeper,Rk,0.1043648905487949,0.1043648905487949
Age,Off,0.10424321114183215,0.10424321114183215
Age_stats_shooting,Off,0.10424321114183215,0.10424321114183215
Age_stats_misc,Off,0.10424321114183215,0.10424321114183215
Age_stats_playing_time,Off,0.10424321114183215,0.10424321114183215
Born_stats_misc,Fld,-0.10396359464014467,0.10396359464014467
Born_stats_shooting,Fld,-0.10396359464014467,0.10396359464014467
Born_stats_playing_time,Fld,-0.10396359464014467,0.10396359464014467
Born,Fld,-0.10396359464014467,0.10396359464014467
Born_stats_keeper,Fld,-0.10381534347535572,0.10381534347535572
Born_stats_shooting,Off,-0.10371546312086759,0.10371546312086759
Born_stats_playing_time,Off,-0.10371546312086759,0.10371546312086759
Born_stats_misc,Off,-0.10371546312086759,0.10371546312086759
Born,Off,-0.10371546312086759,0.10371546312086759
Born_stats_keeper,Rk_stats_playing_time,0.10369870490221311,0.10369870490221311
PK_stats_shooting,Sh/90,0.10358177285690955,0.10358177285690955
PK,Sh/90,0.10358177285690955,0.10358177285690955
OG,Subs,-0.10355203939705057,0.10355203939705057
MP,SoT%,0.10322207716653038,0.10322207716653038
MP_stats_playing_time,SoT%,0.10322207716653038,0.10322207716653038
G/Sh,On-Off,0.10248819361090443,0.10248819361090443
Mn/Start,PKsv,0.10201486386633964,0.10201486386633964
PKsv,Sh/90,0.10186279521154117,0.10186279521154117
SoT%,Subs,0.10181960588003891,0.10181960588003891
Born_stats_playing_time,W,-0.10175169784327417,0.10175169784327417
Born_stats_shooting,W,-0.10175169784327417,0.10175169784327417
Born_stats_misc,W,-0.10175169784327417,0.10175169784327417
Born_stats_keeper,W,-0.10175169784327416,0.10175169784327416
Born,W,-0.10175169784327416,0.10175169784327416
G/Sh,MP_stats_playing_time,0.10172140371411964,0.10172140371411964
G/Sh,MP,0.10172140371411961,0.10172140371411961
GA90,Min%,-0.10171314200825503,0.10171314200825503
Born,Rk_stats_keeper,0.10123383725361211,0.10123383725361211
Born_stats_shooting,Rk_stats_keeper,0.10123383725361193,0.10123383725361193
Born_stats_keeper,Rk_stats_keeper,0.10123383725361193,0.10123383725361193
Born_stats_misc,Rk_stats_keeper,0.10123383725361193,0.10123383725361193
Born_stats_playing_time,Rk_stats_keeper,0.10123383725361193,0.10123383725361193
D,G+A-PK,0.10067191067580736,0.10067191067580736
Age_stats_playing_time,W,0.10066226469165034,0.10066226469165034
Age,W,0.10066226469165034,0.10066226469165034
Age_stats_misc,W,0.10066226469165034,0.10066226469165034
Age_stats_shooting,W,0.10066226469165034,0.10066226469165034
Age_stats_keeper,W,0.10066226469165034,0.10066226469165034
CrdY,PK_stats_shooting,0.10064709455732178,0.10064709455732178
CrdY_stats_misc,PK,0.10064709455732176,0.10064709455732176
CrdY,PK,0.10064709455732176,0.10064709455732176
CrdY_stats_misc,PK_stats_shooting,0.10064709455732176,0.10064709455732176
Born_stats_shooting,Sh,-0.10047326544710929,0.10047326544710929
Born,Sh,-0.10047326544710929,0.10047326544710929
Born_stats_playing_time,Sh,-0.10047326544710909,0.10047326544710909
Born_stats_misc,Sh,-0.10047326544710909,0.10047326544710909
G+A,Mn/Start,0.10042975833710036,0.10042975833710036
Mn/Sub,PKsv,-0.10028375610588766,0.10028375610588766
Sh/90,Starts,-0.10026111560450339,0.10026111560450339
Sh/90,Starts_stats_playing_time,-0.10026111560450338,0.10026111560450338
Age_stats_misc,Fld,0.10011631128734134,0.10011631128734134
Age,Fld,0.10011631128734134,0.10011631128734134
Age_stats_shooting,Fld,0.10011631128734134,0.10011631128734134
Age_stats_playing_time,Fld,0.10011631128734134,0.10011631128734134
Min%,PPM,0.0999038690947854,0.0999038690947854
GA,On-Off,0.09988359033730397,0.09988359033730397
Age,Sh,0.09956964502789437,0.09956964502789437
Age_stats_shooting,Sh,0.09956964502789437,0.09956964502789437
Age_stats_playing_time,Sh,0.09956964502789434,0.09956964502789434
Age_stats_misc,Sh,0.09956964502789434,0.09956964502789434
Min_stats_playing_time,PPM,0.09927234253985232,0.09927234253985232
Min,PPM,0.09927234253985232,0.09927234253985232
Sh/90,unSub,-0.09926434007832279,0.09926434007832279
Min,Sh/90,-0.09926222362813232,0.09926222362813232
Min_stats_playing_time,Sh/90,-0.09926222362813229,0.09926222362813229
90s_stats_misc,PPM,0.09923527729876386,0.09923527729876386
90s_stats_playing_time,PPM,0.09923527729876383,0.09923527729876383
90s,PPM,0.09923527729876383,0.09923527729876383
90s_stats_shooting,PPM,0.09923527729876383,0.09923527729876383
90s,Sh/90,-0.09922675290945307,0.09922675290945307
90s_stats_shooting,Sh/90,-0.09922675290945307,0.09922675290945307
90s_stats_playing_time,Sh/90,-0.09922675290945304,0.09922675290945304
90s_stats_misc,Sh/90,-0.09922675290945304,0.09922675290945304
Ast,G/Sh,0.09920364069305299,0.09920364069305299
Min%,Sh/90,-0.09902710101682924,0.09902710101682924
Min_stats_keeper,Off,0.09896667739488296,0.09896667739488296
90s_stats_keeper,Off,0.09895709192437838,0.09895709192437838
Mn/Start,Sh,0.09859356584955524,0.09859356584955524
Save%,Saves,0.09857140784211484,0.09857140784211484
Born,CS,-0.09848163388417708,0.09848163388417708
Born_stats_keeper,CS,-0.09848163388417708,0.09848163388417708
Born_stats_playing_time,CS,-0.09848163388417651,0.09848163388417651
Born_stats_misc,CS,-0.09848163388417651,0.09848163388417651
Born_stats_shooting,CS,-0.09848163388417651,0.09848163388417651
+/-90,G+A-PK,0.09836717030867413,0.09836717030867413
Age_stats_keeper,Fld,0.0982844796511651,0.0982844796511651
Off,SoTA,0.09823030481840167,0.09823030481840167
Off,Starts_stats_keeper,0.09821530159096334,0.09821530159096334
MP_stats_keeper,Off,0.09813727792141595,0.09813727792141595
Ast,Subs,0.09804711325001063,0.09804711325001063
On-Off,SoT%,0.09796053234701704,0.09796053234701704
PPM,Starts,0.0977225520026357,0.0977225520026357
PPM,Starts_stats_playing_time,0.0977225520026357,0.0977225520026357
GA90,unSub,0.0977054150212359,0.0977054150212359
Age,Gls,0.09728861682163746,0.09728861682163746
Age_stats_shooting,Gls_stats_shooting,0.09728861682163746,0.09728861682163746
Age,Gls_stats_shooting,0.09728861682163746,0.09728861682163746
Age_stats_playing_time,Gls,0.09728861682163743,0.09728861682163743
Age_stats_shooting,Gls,0.09728861682163743,0.09728861682163743
Age_stats_playing_time,Gls_stats_shooting,0.09728861682163743,0.09728861682163743
Age_stats_misc,Gls,0.09728861682163743,0.09728861682163743
Age_stats_misc,Gls_stats_shooting,0.09728861682163743,0.09728861682163743
On-Off,PPM,0.09655041126311943,0.09655041126311943
SoT%,unSub,-0.09647717208872801,0.09647717208872801
CrdR_stats_misc,L,0.09637453149311159,0.09637453149311159
CrdR,L,0.09637453149311159,0.09637453149311159
Born_stats_playing_time,Gls,-0.09617281102432967,0.09617281102432967
Born_stats_shooting,Gls,-0.09617281102432967,0.09617281102432967
Born_stats_playing_time,Gls_stats_shooting,-0.09617281102432967,0.09617281102432967
Born_stats_misc,Gls_stats_shooting,-0.09617281102432967,0.09617281102432967
Born_stats_misc,Gls,-0.09617281102432967,0.09617281102432967
Born,Gls_stats_shooting,-0.09617281102432929,0.09617281102432929
Born,Gls,-0.09617281102432929,0.09617281102432929
Born_stats_shooting,Gls_stats_shooting,-0.09617281102432929,0.09617281102432929
Fld,Subs,0.09544007599810903,0.09544007599810903
G+A-PK,unSub,-0.09542672171752663,0.09542672171752663
Sh/90,TklW,-0.09536663738779201,0.09536663738779201
G+A-PK,Subs,0.09434457774833215,0.09434457774833215
Off,TklW,0.09430892917815827,0.09430892917815827
2CrdY,Mn/MP,0.09417343499352981,0.09417343499352981
Subs,onGA,-0.09322088834012783,0.09322088834012783
PPM,SoT%,0.09297637946031735,0.09297637946031735
Off,PKA,0.09286180024525899,0.09286180024525899
Ast,Born,-0.09245082818793078,0.09245082818793078
Ast,Born_stats_misc,-0.09245082818793067,0.09245082818793067
Ast,Born_stats_playing_time,-0.09245082818793067,0.09245082818793067
Ast,Born_stats_shooting,-0.09245082818793067,0.09245082818793067
G/SoT,unSub,-0.0918768033216709,0.0918768033216709
CrdR,D,0.09175144850384369,0.09175144850384369
CrdR_stats_misc,D,0.09175144850384367,0.09175144850384367
G+A-PK,On-Off,0.0914124908749593,0.0914124908749593
Rk_stats_misc,Save%,-0.09120134847722573,0.09120134847722573
Rk_stats_shooting,Save%,-0.09120134847722573,0.09120134847722573
Rk,Save%,-0.09120134847722572,0.09120134847722572
+/-,PKatt,0.09110872801317264,0.09110872801317264
+/-,PKatt_stats_shooting,0.09110872801317264,0.09110872801317264
Compl,PKatt_stats_shooting,0.09076099233246768,0.09076099233246768
Compl,PKatt,0.09076099233246768,0.09076099233246768
Age_stats_keeper,CS,0.09073592177363604,0.09073592177363604
Age_stats_playing_time,CS,0.09073592177363604,0.09073592177363604
Age_stats_shooting,CS,0.09073592177363604,0.09073592177363604
Age_stats_misc,CS,0.09073592177363604,0.09073592177363604
Age,CS,0.09073592177363604,0.09073592177363604
CrdY_stats_misc,Save%,0.09036228104783818,0.09036228104783818
CrdY,Save%,0.09036228104783817,0.09036228104783817
Rk_stats_playing_time,Save%,-0.09034992305342845,0.09034992305342845
CrdR_stats_misc,unSub,-0.08976833462750178,0.08976833462750178
CrdR,unSub,-0.08976833462750172,0.08976833462750172
Born_stats_playing_time,Sh/90,0.08972983144345095,0.08972983144345095
Born_stats_misc,Sh/90,0.08972983144345095,0.08972983144345095
Born_stats_shooting,Sh/90,0.08972983144345094,0.08972983144345094
Born,Sh/90,0.08972983144345094,0.08972983144345094
D,GA90,-0.08961475338683268,0.08961475338683268
Fls,Subs,0.08916375008814498,0.08916375008814498
2CrdY,onG,0.0885675072625638,0.0885675072625638
Age_stats_misc,Ast,0.08852990222390592,0.08852990222390592
Age_stats_shooting,Ast,0.08852990222390592,0.08852990222390592
Age_stats_playing_time,Ast,0.08852990222390592,0.08852990222390592
Age,Ast,0.08852990222390585,0.08852990222390585
G+A-PK,Mn/MP,-0.08820941430678204,0.08820941430678204
Age_stats_playing_time,Sh/90,-0.0880665747751201,0.0880665747751201
Age_stats_misc,Sh/90,-0.0880665747751201,0.0880665747751201
Age,Sh/90,-0.08806657477512003,0.08806657477512003
Age_stats_shooting,Sh/90,-0.08806657477512003,0.08806657477512003
+/-,PK,0.08797250426935585,0.08797250426935585
+/-,PK_stats_shooting,0.08797250426935585,0.08797250426935585
L,Off,0.08752021553535723,0.08752021553535723
Fls,OG,0.08749571458378246,0.08749571458378246
Age_stats_keeper,CrdY_stats_misc,0.08707190957389047,0.08707190957389047
Age_stats_keeper,CrdY,0.08707190957389047,0.08707190957389047
G-PK,Int,0.08694343804829412,0.08694343804829412
CrdY_stats_misc,GA90,-0.08690075214030116,0.08690075214030116
CrdY,GA90,-0.08690075214030116,0.08690075214030116
Born,SoT,-0.08675036926485713,0.08675036926485713
Born_stats_shooting,SoT,-0.08675036926485713,0.08675036926485713
Born_stats_misc,SoT,-0.0867503692648569,0.0867503692648569
Born_stats_playing_time,SoT,-0.0867503692648569,0.0867503692648569
Born_stats_keeper,CrdY,-0.08670621368618187,0.08670621368618187
Born_stats_keeper,CrdY_stats_misc,-0.08670621368618159,0.08670621368618159
Age_stats_misc,SoT,0.08661559015655022,0.08661559015655022
Age_stats_playing_time,SoT,0.08661559015655022,0.08661559015655022
Age_stats_shooting,SoT,0.08661559015655022,0.08661559015655022
Age,SoT,0.08661559015655022,0.08661559015655022
Mn/Start,PPM,0.08643513429256218,0.08643513429256218
G+A-PK,PKatt_stats_shooting,0.08579672615096122,0.08579672615096122
G+A-PK,PKatt,0.08579672615096122,0.08579672615096122
Rk_stats_keeper,Save%,-0.08435395278602381,0.08435395278602381
Compl,PK_stats_shooting,0.08368484365669804,0.08368484365669804
Compl,PK,0.08368484365669804,0.08368484365669804
Fld,SoT%,0.08349839447398315,0.08349839447398315
SoT/90,TklW,-0.08315972545627885,0.08315972545627885
Crs,Saves,0.08296709579795485,0.08296709579795485
+/-,OG,-0.08277782326219348,0.08277782326219348
Off,Saves,0.0819793103541833,0.0819793103541833
+/-,Mn/Sub,0.08183640156026868,0.08183640156026868
Compl,G+A-PK,-0.07976532342922979,0.07976532342922979
Crs,Subs,0.07921870944404148,0.07921870944404148
+/-90,SoT/90,0.07916856087005554,0.07916856087005554
On-Off,onG,0.0787217780311622,0.0787217780311622
Ast,Sh/90,0.07819654225372936,0.07819654225372936
G+A-PK,PK,0.07810012077674684,0.07810012077674684
G+A-PK,PK_stats_shooting,0.07810012077674684,0.07810012077674684
CrdY,Sh/90,-0.07797805693169932,0.07797805693169932
CrdY_stats_misc,Sh/90,-0.07797805693169932,0.07797805693169932
Age_stats_playing_time,G-PK,0.07774370323637486,0.07774370323637486
Age_stats_shooting,G-PK,0.07774370323637486,0.07774370323637486
Age_stats_misc,G-PK,0.07774370323637486,0.07774370323637486
Age,G-PK,0.07774370323637485,0.07774370323637485
Born_stats_shooting,G-PK,-0.07694251331221964,0.07694251331221964
Born_stats_misc,G-PK,-0.07694251331221964,0.07694251331221964
Born_stats_playing_time,G-PK,-0.07694251331221964,0.07694251331221964
Born,G-PK,-0.0769425133122195,0.0769425133122195
CS,Mn/Sub,0.07671035727350302,0.07671035727350302
Crs,GA90,-0.07642222978644199,0.07642222978644199
Crs,PKsv,0.07619461441634216,0.07619461441634216
Gls,Int,0.07569328547656824,0.07569328547656824
Gls_stats_shooting,Int,0.07569328547656824,0.07569328547656824
CS,Sh/90,0.07567785033505568,0.07567785033505568
Age_stats_keeper,SoT,0.07557265902193622,0.07557265902193622
Age_stats_keeper,SoT/90,0.07557265902193613,0.07557265902193613
2CrdY,Compl,0.07537029270467109,0.07537029270467109
Mn/Start,PKm,0.07535275368774867,0.07535275368774867
CrdR,Mn/Start,0.07532610979741058,0.07532610979741058
CrdR_stats_misc,Mn/Start,0.07532610979741054,0.07532610979741054
On-Off,SoT/90,0.07507398538310564,0.07507398538310564
G/SoT,Off,0.07496354375587197,0.07496354375587197
CS,Sh,0.07463359802127553,0.07463359802127553
CS%,Crs,0.07440793987145061,0.07440793987145061
Compl,PPM,0.07437904000260356,0.07437904000260356
PPM,SoT/90,0.07417226221057649,0.07417226221057649
Subs,onG,-0.07404417592357779,0.07404417592357779
G/Sh,PKatt_stats_shooting,0.07389908520089984,0.07389908520089984
G/Sh,PKatt,0.07389908520089983,0.07389908520089983
CrdR,Sh,0.07376036731799043,0.07376036731799043
CrdR_stats_misc,Sh,0.0737603673179904,0.0737603673179904
OG,W,0.07371654786268211,0.07371654786268211
Fld,GA90,-0.0736978556856137,0.0736978556856137
D,Save%,0.07363212185878176,0.07363212185878176
Mn/Start,PKatt_stats_keeper,0.07289440181138411,0.07289440181138411
Mn/Start,SoT,0.07250463214814709,0.07250463214814709
PPM,onGA,-0.07243154801450717,0.07243154801450717
G/SoT,Sh,0.07233566715090962,0.07233566715090962
G/SoT,SoT,0.07230119036611694,0.07230119036611694
CrdR,Mn/Sub,0.07211654299209286,0.07211654299209286
CrdR_stats_misc,Mn/Sub,0.07211654299209284,0.07211654299209284
Fls,G/Sh,0.07173572711653159,0.07173572711653159
Save%,onG,0.07167106439590114,0.07167106439590114
Sh/90,W,0.07161393497426705,0.07161393497426705
Mn/Sub,Sh/90,-0.0714742272523685,0.0714742272523685
GA,Save%,-0.07131726364805882,0.07131726364805882
Crs,SoTA,0.07102915435202269,0.07102915435202269
PKA,PPM,-0.07100318684806867,0.07100318684806867
G/Sh,Subs,0.07086437936276777,0.07086437936276777
Born_stats_keeper,SoT,-0.07082756216960981,0.07082756216960981
Born_stats_keeper,SoT/90,-0.07082756216960975,0.07082756216960975
+/-,Off,0.07036930418858421,0.07036930418858421
CS%,PKA,-0.0703680054459265,0.0703680054459265
Int,Rk_stats_keeper,0.07033429054692418,0.07033429054692418
Sh,W,0.07029063035384654,0.07029063035384654
G/Sh,Min%,0.07006816107199,0.07006816107199
Age_stats_keeper,Int,0.069604953360525,0.069604953360525
PKm,Subs,-0.06947565173458978,0.06947565173458978
Born_stats_shooting,CS%,-0.06898355085207984,0.06898355085207984
Born_stats_playing_time,CS%,-0.06898355085207984,0.06898355085207984
Born_stats_misc,CS%,-0.06898355085207984,0.06898355085207984
Born_stats_keeper,CS%,-0.06898355085207948,0.06898355085207948
Born,CS%,-0.06898355085207948,0.06898355085207948
+/-90,G+A,0.06896251730729311,0.06896251730729311
G/SoT,Mn/Start,0.06891057564284918,0.06891057564284918
Save%,onGA,-0.06878203699096429,0.06878203699096429
MP,On-Off,0.06841799547480865,0.06841799547480865
MP_stats_playing_time,On-Off,0.06841799547480865,0.06841799547480865
Save%,unSub,-0.06836149054327091,0.06836149054327091
Born_stats_keeper,Int,-0.06824902661354251,0.06824902661354251
Fld,G/Sh,0.06792459806739673,0.06792459806739673
Age_stats_playing_time,CrdR_stats_misc,0.06763622579399571,0.06763622579399571
Age_stats_shooting,CrdR_stats_misc,0.06763622579399571,0.06763622579399571
Age,CrdR,0.06763622579399571,0.06763622579399571
Age_stats_misc,CrdR_stats_misc,0.06763622579399571,0.06763622579399571
Age,CrdR_stats_misc,0.06763622579399571,0.06763622579399571
Age_stats_misc,CrdR,0.06763622579399568,0.06763622579399568
Age_stats_playing_time,CrdR,0.06763622579399568,0.06763622579399568
Age_stats_shooting,CrdR,0.06763622579399568,0.06763622579399568
G/Sh,Min,0.06723991699600274,0.06723991699600274
G/Sh,Min_stats_playing_time,0.06723991699600272,0.06723991699600272
90s_stats_shooting,G/Sh,0.06723449082726134,0.06723449082726134
90s,G/Sh,0.06723449082726134,0.06723449082726134
90s_stats_misc,G/Sh,0.06723449082726131,0.06723449082726131
90s_stats_playing_time,G/Sh,0.06723449082726131,0.06723449082726131
CrdR,Saves,0.0671249027493296,0.0671249027493296
CrdR_stats_misc,Saves,0.0671249027493296,0.0671249027493296
G/Sh,Mn/Sub,0.06707655044905889,0.06707655044905889
OG,SoT/90,-0.06707382070752205,0.06707382070752205
Gls_stats_shooting,Mn/Start,0.06697322770158827,0.06697322770158827
Gls,Mn/Start,0.06697322770158827,0.06697322770158827
Mn/MP,On-Off,0.06627495860698056,0.06627495860698056
Born_stats_shooting,CrdR_stats_misc,-0.06607053975436365,0.06607053975436365
Born,CrdR_stats_misc,-0.06607053975436365,0.06607053975436365
Born,CrdR,-0.06607053975436365,0.06607053975436365
Born_stats_misc,CrdR_stats_misc,-0.06607053975436365,0.06607053975436365
Born_stats_playing_time,CrdR_stats_misc,-0.06607053975436365,0.06607053975436365
Born_stats_playing_time,CrdR,-0.06607053975436349,0.06607053975436349
Born_stats_misc,CrdR,-0.06607053975436349,0.06607053975436349
Born_stats_shooting,CrdR,-0.06607053975436349,0.06607053975436349
Fld,PPM,0.06549334638584144,0.06549334638584144
Min%,On-Off,0.0653082309701976,0.0653082309701976
Compl,Save%,0.06530150888118363,0.06530150888118363
Mn/Sub,Subs,-0.06520199618258313,0.06520199618258313
Born_stats_keeper,CrdR_stats_misc,-0.06516290945831661,0.06516290945831661
Born_stats_keeper,CrdR,-0.06516290945831525,0.06516290945831525
Min,On-Off,0.06512351356931327,0.06512351356931327
Min_stats_playing_time,On-Off,0.06512351356931327,0.06512351356931327
90s_stats_shooting,On-Off,0.06511362206818096,0.06511362206818096
90s,On-Off,0.06511362206818096,0.06511362206818096
90s_stats_playing_time,On-Off,0.06511362206818096,0.06511362206818096
90s_stats_misc,On-Off,0.06511362206818094,0.06511362206818094
+/-90,Ast,0.06497200244425796,0.06497200244425796
Int,SoT%,-0.06493426402672782,0.06493426402672782
Mn/Sub,SoT%,0.06492783902504935,0.06492783902504935
Saves,SoT,0.06459790466160235,0.06459790466160235
Saves,SoT/90,0.06459790466160233,0.06459790466160233
G/Sh,PK_stats_shooting,0.06449307001640432,0.06449307001640432
G/Sh,PK,0.06449307001640431,0.06449307001640431
G+A-PK,Int,-0.06443955988504266,0.06443955988504266
On-Off,PKatt_stats_keeper,0.06434765066638733,0.06434765066638733
CrdR_stats_misc,Starts_stats_keeper,0.06429507257681065,0.06429507257681065
CrdR,Starts_stats_keeper,0.06429507257681065,0.06429507257681065
SoT/90,onGA,-0.06412058260488314,0.06412058260488314
G-PK,Mn/Start,0.06394521927955078,0.06394521927955078
+/-,MP,0.06391961367281343,0.06391961367281343
+/-,MP_stats_playing_time,0.06391961367281343,0.06391961367281343
+/-,On-Off,0.06372563534443863,0.06372563534443863
90s_stats_playing_time,Save%,0.0637173808107962,0.0637173808107962
90s_stats_shooting,Save%,0.0637173808107962,0.0637173808107962
90s_stats_misc,Save%,0.0637173808107962,0.0637173808107962
90s,Save%,0.06371738081079618,0.06371738081079618
90s_stats_keeper,Save%,0.06371738081079618,0.06371738081079618
Min_stats_playing_time,Save%,0.06370737394171958,0.06370737394171958
Min,Save%,0.06370737394171952,0.06370737394171952
Min_stats_keeper,Save%,0.06370737394171952,0.06370737394171952
Save%,Starts_stats_playing_time,0.06353180482211364,0.06353180482211364
Save%,Starts_stats_keeper,0.06353180482211362,0.06353180482211362
Save%,Starts,0.06353180482211362,0.06353180482211362
Mn/Start,unSub,-0.06352493638661093,0.06352493638661093
PKsv,Save%,0.06351965218286253,0.06351965218286253
On-Off,Starts_stats_playing_time,0.06347651083700538,0.06347651083700538
On-Off,Starts,0.06347651083700538,0.06347651083700538
L,SoT,0.06343663849442203,0.06343663849442203
L,SoT/90,0.06343663849442203,0.06343663849442203
G/Sh,Starts,0.06338734485449748,0.06338734485449748
G/Sh,Starts_stats_playing_time,0.06338734485449747,0.06338734485449747
GA90,PKsv,-0.06320532042404528,0.06320532042404528
Save%,TklW,0.06298760377730112,0.06298760377730112
+/-,Sh/90,0.06283837198512009,0.06283837198512009
CrdR_stats_misc,MP_stats_keeper,0.06283541874718945,0.06283541874718945
CrdR,MP_stats_keeper,0.06283541874718944,0.06283541874718944
SoT/90,SoTA,0.06243731939687786,0.06243731939687786
SoT,SoTA,0.062437319396877834,0.062437319396877834
PPM,SoTA,-0.06240627882330726,0.06240627882330726
Fld,G+A-PK,0.06236029762672457,0.06236029762672457
On-Off,PKA,0.062188975004463694,0.062188975004463694
Age_stats_playing_time,CS%,0.062147506351245746,0.062147506351245746
Age_stats_misc,CS%,0.062147506351245746,0.062147506351245746
Age_stats_shooting,CS%,0.062147506351245746,0.062147506351245746
Age_stats_keeper,CS%,0.06214750635124574,0.06214750635124574
Age,CS%,0.06214750635124574,0.06214750635124574
MP_stats_playing_time,Save%,0.06207564580137327,0.06207564580137327
MP,Save%,0.06207564580137325,0.06207564580137325
MP_stats_keeper,Save%,0.06207564580137325,0.06207564580137325
OG,Rk_stats_keeper,0.06192185866421136,0.06192185866421136
Ast,CrdR,0.06177542680387398,0.06177542680387398
Ast,CrdR_stats_misc,0.06177542680387398,0.06177542680387398
GA90,L,0.06160862413255072,0.06160862413255072
CrdR,PKsv,-0.06133567772204024,0.06133567772204024
CrdR_stats_misc,PKsv,-0.06133567772204024,0.06133567772204024
OG,Sh/90,-0.061153581315467206,0.061153581315467206
+/-90,MP,0.06114649320278405,0.06114649320278405
+/-90,MP_stats_playing_time,0.06114649320278405,0.06114649320278405
Crs,G/SoT,-0.06062289068901513,0.06062289068901513
CrdR_stats_misc,SoTA,0.06053703891029924,0.06053703891029924
CrdR,SoTA,0.060537038910299226,0.060537038910299226
GA90,Saves,-0.06044292228780893,0.06044292228780893
CrdR_stats_misc,Crs,0.06028593965079588,0.06028593965079588
CrdR,Crs,0.06028593965079588,0.06028593965079588
Mn/Sub,On-Off,0.060168033089776904,0.060168033089776904
+/-,Min_stats_playing_time,0.0601657305128671,0.0601657305128671
+/-,Min,0.0601657305128671,0.0601657305128671
+/-,90s,0.06013340766664867,0.06013340766664867
+/-,90s_stats_shooting,0.06013340766664867,0.06013340766664867
+/-,90s_stats_playing_time,0.06013340766664867,0.06013340766664867
+/-,90s_stats_misc,0.06013340766664866,0.06013340766664866
L,Save%,-0.06008054504650962,0.06008054504650962
+/-,Min%,0.05993727878718841,0.05993727878718841
CrdR_stats_misc,PKm,-0.059857958968769304,0.059857958968769304
CrdR,PKm,-0.0598579589687693,0.0598579589687693
PPM,TklW,0.059684217727801525,0.059684217727801525
+/-90,G-PK,0.05931939685645406,0.05931939685645406
D,PPM,-0.05898408180002542,0.05898408180002542
+/-,Starts_stats_playing_time,0.05885150499063212,0.05885150499063212
+/-,Starts,0.05885150499063212,0.05885150499063212
Mn/Sub,Save%,-0.0588489849099794,0.0588489849099794
CrdR,Rk_stats_keeper,0.058799773324981014,0.058799773324981014
CrdR_stats_misc,Rk_stats_keeper,0.058799773324981014,0.058799773324981014
+/-90,Age_stats_keeper,0.058682868684922916,0.058682868684922916
Born_stats_keeper,PKsv,0.05865514230571255,0.05865514230571255
Born,PKsv,0.05865514230571255,0.05865514230571255
Born_stats_misc,PKsv,0.05865514230571226,0.05865514230571226
Born_stats_shooting,PKsv,0.05865514230571226,0.05865514230571226
Born_stats_playing_time,PKsv,0.05865514230571226,0.05865514230571226
Compl,Off,0.057914568043580916,0.057914568043580916
MP_stats_keeper,PPM,0.05771441038973103,0.05771441038973103
+/-90,Born_stats_keeper,-0.05754659113865438,0.05754659113865438
G+A,On-Off,0.057521675474803316,0.057521675474803316
G/SoT,Mn/Sub,0.0575054562564217,0.0575054562564217
Age,PKsv,-0.057169717416422704,0.057169717416422704
Age_stats_misc,PKsv,-0.057169717416422704,0.057169717416422704
Age_stats_playing_time,PKsv,-0.057169717416422704,0.057169717416422704
Age_stats_keeper,PKsv,-0.057169717416422704,0.057169717416422704
Age_stats_shooting,PKsv,-0.057169717416422704,0.057169717416422704
90s_stats_keeper,PPM,0.05681218945695807,0.05681218945695807
Min_stats_keeper,PPM,0.05680737386056158,0.05680737386056158
Save%,Subs,-0.05668267308170843,0.05668267308170843
Fls,PKm,-0.0566338797162064,0.0566338797162064
+/-90,Gls,0.05661142590216196,0.05661142590216196
+/-90,Gls_stats_shooting,0.05661142590216196,0.05661142590216196
Min%,Save%,0.05656900533002601,0.05656900533002601
PPM,Starts_stats_keeper,0.05647019221974104,0.05647019221974104
CrdR_stats_misc,SoT,0.05646098742335921,0.05646098742335921
CrdR,SoT,0.0564609874233592,0.0564609874233592
Off,PKatt_stats_keeper,0.05633097267244194,0.05633097267244194
Sh/90,onG,-0.0563116677525396,0.0563116677525396
Off,Rk_stats_keeper,0.05591203061793335,0.05591203061793335
Min%,SoT%,0.05587153813521286,0.05587153813521286
Crs,PKA,-0.05546452909140162,0.05546452909140162
2CrdY,unSub,-0.05545990591891059,0.05545990591891059
Fld,OG,0.05545460603849792,0.05545460603849792
+/-90,Mn/Sub,0.05541576897022526,0.05541576897022526
PKatt_stats_keeper,PPM,-0.0554080031342363,0.0554080031342363
+/-90,Mn/MP,0.055057506662981745,0.055057506662981745
CS%,PKatt_stats_keeper,-0.055046159868060635,0.055046159868060635
Crs,G+A-PK,0.05495717711096871,0.05495717711096871
+/-90,Sh,0.054750425108589414,0.054750425108589414
+/-90,SoT,0.054488630037576154,0.054488630037576154
CrdR_stats_misc,G+A,0.05419170421235897,0.05419170421235897
CrdR,G+A,0.05419170421235897,0.05419170421235897
CS%,Off,-0.053857293232527234,0.053857293232527234
+/-90,Min%,0.05370729612576942,0.05370729612576942
+/-90,Min_stats_playing_time,0.05354328471797305,0.05354328471797305
+/-90,Min,0.05354328471797305,0.05354328471797305
+/-90,90s,0.05353373819670016,0.05353373819670016
+/-90,90s_stats_shooting,0.05353373819670016,0.05353373819670016
+/-90,90s_stats_misc,0.05353373819670016,0.05353373819670016
+/-90,90s_stats_playing_time,0.05353373819670016,0.05353373819670016
Fls,SoT%,0.05329941072510442,0.05329941072510442
Age_stats_keeper,On-Off,0.05329213467561933,0.05329213467561933
GA90,Subs,0.053289824769632406,0.053289824769632406
Mn/Start,Rk_stats_keeper,-0.053184438660236595,0.053184438660236595
Min,SoT%,0.0529103558979465,0.0529103558979465
Min_stats_playing_time,SoT%,0.05291035589794649,0.05291035589794649
90s_stats_misc,SoT%,0.052861586244259816,0.052861586244259816
90s_stats_playing_time,SoT%,0.052861586244259816,0.052861586244259816
90s,SoT%,0.052861586244259795,0.052861586244259795
90s_stats_shooting,SoT%,0.052861586244259795,0.052861586244259795
2CrdY,Mn/Start,0.052801177584953764,0.052801177584953764
Age_stats_keeper,CrdR_stats_misc,0.052410136361926575,0.052410136361926575
Age_stats_keeper,CrdR,0.05241013636192656,0.05241013636192656
L,On-Off,0.05233247556153895,0.05233247556153895
Int,PPM,0.05205854516771898,0.05205854516771898
CrdR_stats_misc,Min_stats_keeper,0.051922365286478735,0.051922365286478735
CrdR,Min_stats_keeper,0.051922365286478735,0.051922365286478735
90s_stats_keeper,CrdR,0.05192064304775521,0.05192064304775521
90s_stats_keeper,CrdR_stats_misc,0.05192064304775517,0.05192064304775517
OG,Off,-0.05191171758072526,0.05191171758072526
Fls,On-Off,0.051878553857233174,0.051878553857233174
Mn/Start,SoT%,-0.05181053322116859,0.05181053322116859
+/-90,Starts_stats_playing_time,0.051585949940428824,0.051585949940428824
+/-90,Starts,0.051585949940428824,0.051585949940428824
Fls,PPM,0.05142130198313845,0.05142130198313845
Ast,On-Off,0.0513328229469072,0.0513328229469072
G+A-PK,Rk_stats_keeper,-0.051239051398864116,0.051239051398864116
2CrdY,Age,0.05098765890622507,0.05098765890622507
2CrdY,Age_stats_shooting,0.05098765890622507,0.05098765890622507
2CrdY,Age_stats_misc,0.05098765890622507,0.05098765890622507
2CrdY,Age_stats_playing_time,0.05098765890622507,0.05098765890622507
Mn/Start,PKatt,0.05093667088539845,0.05093667088539845
Mn/Start,PKatt_stats_shooting,0.05093667088539845,0.05093667088539845
Mn/Sub,Saves,-0.0508784125026506,0.0508784125026506
Age_stats_keeper,PPM,0.050875595551558496,0.050875595551558496
Born_stats_keeper,PPM,-0.05054436449003684,0.05054436449003684
On-Off,Sh,0.050541119415288265,0.050541119415288265
MP,SoT/90,0.05045050048900401,0.05045050048900401
MP_stats_playing_time,SoT/90,0.050450500489003985,0.050450500489003985
PKatt,TklW,0.050277861702614335,0.050277861702614335
PKatt_stats_shooting,TklW,0.050277861702614335,0.050277861702614335
G-PK,On-Off,0.050218248681737174,0.050218248681737174
Fls,SoT/90,0.05015389583008302,0.05015389583008302
2CrdY,Ast,0.049932928176507185,0.049932928176507185
SoT%,Starts,0.04970461412217112,0.04970461412217112
SoT%,Starts_stats_playing_time,0.0497046141221711,0.0497046141221711
Fld,On-Off,0.04962442090211073,0.04962442090211073
+/-,Crs,0.04960008824301099,0.04960008824301099
+/-,unSub,-0.049259754555459834,0.049259754555459834
Gls_stats_shooting,On-Off,0.04900472131046278,0.04900472131046278
Gls,On-Off,0.04900472131046278,0.04900472131046278
2CrdY,Born_stats_misc,-0.04852790429031054,0.04852790429031054
2CrdY,Born_stats_playing_time,-0.04852790429031054,0.04852790429031054
2CrdY,Born,-0.04852790429031054,0.04852790429031054
2CrdY,Born_stats_shooting,-0.04852790429031054,0.04852790429031054
On-Off,SoT,0.04848480455949783,0.04848480455949783
G+A-PK,PPM,0.04798061748833757,0.04798061748833757
2CrdY,Mn/Sub,0.04777495376622443,0.04777495376622443
SoT/90,Starts_stats_playing_time,-0.04770858654568312,0.04770858654568312
SoT/90,Starts,-0.04770858654568312,0.04770858654568312
Rk_stats_keeper,TklW,0.04765979465074631,0.04765979465074631
GA,SoT/90,0.04764368516385803,0.04764368516385803
GA,SoT,0.04764368516385799,0.04764368516385799
Off,W,0.04760400307606681,0.04760400307606681
CS,OG,0.047477359441987686,0.047477359441987686
CrdY,SoT/90,-0.04729162015242725,0.04729162015242725
CrdY_stats_misc,SoT/90,-0.04729162015242724,0.04729162015242724
On-Off,TklW,0.04720486514902383,0.04720486514902383
Min_stats_playing_time,Rk_stats_playing_time,0.04709217524365198,0.04709217524365198
Min,Rk_stats_playing_time,0.04709217524365196,0.04709217524365196
90s_stats_misc,Rk_stats_playing_time,0.047045767958015856,0.047045767958015856
90s_stats_playing_time,Rk_stats_playing_time,0.047045767958015856,0.047045767958015856
90s_stats_shooting,Rk_stats_playing_time,0.04704576795801585,0.04704576795801585
90s,Rk_stats_playing_time,0.04704576795801585,0.04704576795801585
Min,Rk_stats_shooting,0.04677329024474565,0.04677329024474565
Min_stats_playing_time,Rk_stats_shooting,0.04677329024474565,0.04677329024474565
Min_stats_playing_time,Rk,0.04677329024474565,0.04677329024474565
Min,Rk,0.04677329024474565,0.04677329024474565
Min,Rk_stats_misc,0.04677329024474565,0.04677329024474565
Min_stats_playing_time,Rk_stats_misc,0.04677329024474565,0.04677329024474565
90s_stats_shooting,Rk_stats_shooting,0.04672681046693152,0.04672681046693152
90s_stats_misc,Rk_stats_shooting,0.04672681046693152,0.04672681046693152
90s_stats_misc,Rk,0.04672681046693152,0.04672681046693152
90s,Rk,0.04672681046693152,0.04672681046693152
90s_stats_playing_time,Rk_stats_shooting,0.04672681046693152,0.04672681046693152
90s_stats_playing_time,Rk,0.04672681046693152,0.04672681046693152
90s_stats_shooting,Rk,0.04672681046693152,0.04672681046693152
90s_stats_misc,Rk_stats_misc,0.04672681046693152,0.04672681046693152
90s_stats_shooting,Rk_stats_misc,0.04672681046693151,0.04672681046693151
90s,Rk_stats_misc,0.04672681046693151,0.04672681046693151
90s,Rk_stats_shooting,0.04672681046693151,0.04672681046693151
90s_stats_playing_time,Rk_stats_misc,0.04672681046693151,0.04672681046693151
Compl,On-Off,0.04668427121182916,0.04668427121182916
CrdY_stats_misc,On-Off,0.04647454547479218,0.04647454547479218
CrdY,On-Off,0.04647454547479218,0.04647454547479218
Born_stats_keeper,Fls,-0.04636009708619623,0.04636009708619623
SoT,Starts_stats_keeper,0.04635420058756952,0.04635420058756952
SoT/90,Starts_stats_keeper,0.046354200587569484,0.046354200587569484
Min%,Rk_stats_playing_time,0.046330699424737734,0.046330699424737734
CS%,Subs,0.04618591233589364,0.04618591233589364
OG,unSub,-0.04612447725834128,0.04612447725834128
Born_stats_shooting,SoT/90,0.04611830514280447,0.04611830514280447
Born,SoT/90,0.04611830514280447,0.04611830514280447
Born_stats_misc,SoT/90,0.0461183051428039,0.0461183051428039
Born_stats_playing_time,SoT/90,0.0461183051428039,0.0461183051428039
Mn/Start,PK_stats_shooting,0.0460811837412652,0.0460811837412652
Mn/Start,PK,0.0460811837412652,0.0460811837412652
Mn/Sub,OG,0.04607798194549374,0.04607798194549374
Min%,Rk,0.04601894032639916,0.04601894032639916
Min%,Rk_stats_shooting,0.04601894032639916,0.04601894032639916
Min%,Rk_stats_misc,0.04601894032639916,0.04601894032639916
Min_stats_keeper,SoT/90,0.04589961507552853,0.04589961507552853
Min_stats_keeper,SoT,0.04589961507552852,0.04589961507552852
MP_stats_keeper,SoT,0.04574698646089127,0.04574698646089127
MP_stats_keeper,SoT/90,0.04574698646089124,0.04574698646089124
90s_stats_keeper,SoT/90,0.04566359561216654,0.04566359561216654
90s_stats_keeper,SoT,0.045663595612166534,0.045663595612166534
Rk_stats_keeper,SoT,0.04562935832038239,0.04562935832038239
Rk_stats_keeper,SoT/90,0.04562935832038236,0.04562935832038236
Rk_stats_playing_time,Starts_stats_playing_time,0.045587560498333665,0.045587560498333665
Rk_stats_playing_time,Starts,0.04558756049833366,0.04558756049833366
CrdR,Sh/90,-0.0455690796220378,0.0455690796220378
CrdR_stats_misc,Sh/90,-0.045569079622037795,0.045569079622037795
Crs,Save%,0.045564135649922156,0.045564135649922156
CS%,Fld,0.04547952635771105,0.04547952635771105
On-Off,PKsv,0.045370166779100024,0.045370166779100024
G+A,OG,-0.04535760277509542,0.04535760277509542
Rk,Starts,0.04526216586671276,0.04526216586671276
Rk_stats_shooting,Starts_stats_playing_time,0.04526216586671276,0.04526216586671276
Rk,Starts_stats_playing_time,0.04526216586671276,0.04526216586671276
Rk_stats_shooting,Starts,0.04526216586671276,0.04526216586671276
Rk_stats_misc,Starts,0.04526216586671276,0.04526216586671276
Rk_stats_misc,Starts_stats_playing_time,0.04526216586671276,0.04526216586671276
G/SoT,MP_stats_playing_time,0.04515095991167549,0.04515095991167549
G/SoT,MP,0.04515095991167547,0.04515095991167547
D,Mn/Sub,0.04511657531283523,0.04511657531283523
Save%,SoTA,0.0446954614826164,0.0446954614826164
GA90,onGA,0.04466898510340778,0.04466898510340778
Age_stats_misc,SoT/90,-0.04454642354754955,0.04454642354754955
Age_stats_playing_time,SoT/90,-0.04454642354754955,0.04454642354754955
Age_stats_shooting,SoT/90,-0.04454642354754954,0.04454642354754954
Age,SoT/90,-0.04454642354754954,0.04454642354754954
G+A,Rk_stats_keeper,-0.04428183868392776,0.04428183868392776
Ast,Rk_stats_keeper,-0.04428183868392776,0.04428183868392776
GA,GA90,0.04422526440662819,0.04422526440662819
Born_stats_keeper,TklW,-0.044156059764605335,0.044156059764605335
Ast,G/SoT,0.04412351627971549,0.04412351627971549
CS%,Int,-0.04397828851182755,0.04397828851182755
MP,Rk_stats_playing_time,0.043896283751507024,0.043896283751507024
MP_stats_playing_time,Rk_stats_playing_time,0.043896283751507024,0.043896283751507024
G+A-PK,onG,0.043832444372011004,0.043832444372011004
G+A-PK,OG,-0.04373751041883666,0.04373751041883666
MP_stats_playing_time,Rk_stats_misc,0.04357597601048688,0.04357597601048688
MP,Rk_stats_misc,0.04357597601048688,0.04357597601048688
MP,Rk_stats_shooting,0.04357597601048688,0.04357597601048688
MP_stats_playing_time,Rk_stats_shooting,0.043575976010486864,0.043575976010486864
MP_stats_playing_time,Rk,0.043575976010486864,0.043575976010486864
MP,Rk,0.043575976010486864,0.043575976010486864
Min,SoT/90,-0.04349722872550157,0.04349722872550157
Min_stats_playing_time,SoT/90,-0.04349722872550154,0.04349722872550154
Rk_stats_playing_time,onG,0.043457532670961425,0.043457532670961425
Rk_stats_playing_time,onGA,0.04344441031412568,0.04344441031412568
90s,SoT/90,-0.0434327221309074,0.0434327221309074
90s_stats_shooting,SoT/90,-0.0434327221309074,0.0434327221309074
90s_stats_misc,SoT/90,-0.04343272213090739,0.04343272213090739
90s_stats_playing_time,SoT/90,-0.04343272213090739,0.04343272213090739
Compl,Rk_stats_playing_time,0.043338688579646754,0.043338688579646754
Crs,PKm,-0.04333269779175969,0.04333269779175969
Rk_stats_shooting,onG,0.04325806329771154,0.04325806329771154
Rk,onG,0.04325806329771154,0.04325806329771154
Rk_stats_misc,onG,0.04325806329771152,0.04325806329771152
+/-90,Rk_stats_keeper,0.043251422710704125,0.043251422710704125
Compl,Rk_stats_misc,0.043108734221690974,0.043108734221690974
Compl,Rk_stats_shooting,0.043108734221690974,0.043108734221690974
Compl,Rk,0.043108734221690974,0.043108734221690974
Mn/MP,Rk_stats_playing_time,0.043108506578164965,0.043108506578164965
Rk,onGA,0.04303321320066411,0.04303321320066411
Rk_stats_misc,onGA,0.04303321320066411,0.04303321320066411
Rk_stats_shooting,onGA,0.04303321320066411,0.04303321320066411
Crs,SoT/90,0.042925618021833485,0.042925618021833485
PK,TklW,0.042882100755022974,0.042882100755022974
PK_stats_shooting,TklW,0.042882100755022974,0.042882100755022974
PKsv,SoT,-0.042791344620967224,0.042791344620967224
PKsv,SoT/90,-0.04279134462096721,0.04279134462096721
Off,PKsv,-0.0427913446209672,0.0427913446209672
Mn/MP,Rk_stats_shooting,0.04276428143985534,0.04276428143985534
Mn/MP,Rk,0.04276428143985534,0.04276428143985534
Mn/MP,Rk_stats_misc,0.04276428143985533,0.04276428143985533
Gls_stats_shooting,OG,-0.04253527322499395,0.04253527322499395
Gls,OG,-0.04253527322499395,0.04253527322499395
Rk_stats_keeper,onG,0.04235271274171449,0.04235271274171449
Born_stats_playing_time,G+A-PK,0.042288375883883234,0.042288375883883234
Born_stats_shooting,G+A-PK,0.042288375883883234,0.042288375883883234
Born_stats_misc,G+A-PK,0.042288375883883234,0.042288375883883234
Born,G+A-PK,0.04228837588388322,0.04228837588388322
Age_stats_keeper,TklW,0.04219814292139587,0.04219814292139587
Min%,SoT/90,-0.04208831230205546,0.04208831230205546
G/Sh,Mn/Start,0.04193270364999376,0.04193270364999376
PKatt_stats_keeper,Save%,0.041842531903769485,0.041842531903769485
Int,On-Off,0.041484821339121174,0.041484821339121174
CrdY,PPM,0.04123957095366733,0.04123957095366733
CrdY_stats_misc,PPM,0.04123957095366732,0.04123957095366732
+/-90,Saves,0.041056833414250954,0.041056833414250954
Fld,Sh/90,0.04100185361460781,0.04100185361460781
CrdR,G-PK,0.04098832810266538,0.04098832810266538
CrdR_stats_misc,G-PK,0.04098832810266538,0.04098832810266538
CS%,Fls,-0.040962173113569006,0.040962173113569006
Age,G+A-PK,-0.04084177597268673,0.04084177597268673
Age_stats_shooting,G+A-PK,-0.04084177597268672,0.04084177597268672
Age_stats_misc,G+A-PK,-0.04084177597268672,0.04084177597268672
Age_stats_playing_time,G+A-PK,-0.04084177597268672,0.04084177597268672
+/-,CrdR_stats_misc,-0.04070895814987605,0.04070895814987605
+/-,CrdR,-0.040708958149876046,0.040708958149876046
Mn/Start,Rk_stats_playing_time,0.040500940297600756,0.040500940297600756
Mn/Start,Rk_stats_misc,0.04042341227560948,0.04042341227560948
Mn/Start,Rk_stats_shooting,0.04042341227560948,0.04042341227560948
Mn/Start,Rk,0.04042341227560948,0.04042341227560948
PKatt,PPM,0.040319714264790224,0.040319714264790224
PKatt_stats_shooting,PPM,0.040319714264790224,0.040319714264790224
Mn/Sub,PKm,0.04031948055577709,0.04031948055577709
+/-,Fld,0.04019482399483561,0.04019482399483561
Mn/Start,PKA,0.040123277209427814,0.040123277209427814
CS%,Sh,-0.04002487856331221,0.04002487856331221
Mn/MP,PPM,0.03999927194130101,0.03999927194130101
G/SoT,Mn/MP,0.039984446937027275,0.039984446937027275
Crs,PPM,0.03981304511145501,0.03981304511145501
+/-90,Fld,0.03980794590050589,0.03980794590050589
G-PK,OG,-0.0397949547390674,0.0397949547390674
CS%,SoTA,-0.03968351699568604,0.03968351699568604
G/SoT,Min%,0.03940992198894409,0.03940992198894409
Fls,G/SoT,0.03937671533550112,0.03937671533550112
G/Sh,Int,-0.03896977915159305,0.03896977915159305
CS%,Sh/90,-0.038889582418215385,0.038889582418215385
CrdR_stats_misc,GA,0.03877964659312335,0.03877964659312335
CrdR,GA,0.03877964659312335,0.03877964659312335
PK_stats_shooting,PPM,0.038748705582991115,0.038748705582991115
PK,PPM,0.038748705582991115,0.038748705582991115
+/-90,D,0.03871932839547876,0.03871932839547876
+/-,PKm,-0.038690769240433784,0.038690769240433784
On-Off,onGA,0.038687293571706714,0.038687293571706714
+/-90,Fls,0.038465645919629414,0.038465645919629414
+/-90,GA,-0.038328203457958857,0.038328203457958857
Mn/Start,Saves,0.03832739617474508,0.03832739617474508
CS%,CrdR,-0.038186404322511795,0.038186404322511795
CS%,CrdR_stats_misc,-0.038186404322511795,0.038186404322511795
Crs,On-Off,0.0381565670421905,0.0381565670421905
Born_stats_keeper,On-Off,-0.03812962713659098,0.03812962713659098
90s_stats_shooting,G/SoT,0.038044422200447445,0.038044422200447445
90s,G/SoT,0.038044422200447445,0.038044422200447445
90s_stats_playing_time,G/SoT,0.03804442220044741,0.03804442220044741
90s_stats_misc,G/SoT,0.03804442220044741,0.03804442220044741
G/SoT,Min_stats_playing_time,0.03801354982414422,0.03801354982414422
G/SoT,Min,0.03801354982414422,0.03801354982414422
CrdR_stats_misc,Gls_stats_shooting,0.03778584999008116,0.03778584999008116
CrdR,Gls_stats_shooting,0.03778584999008116,0.03778584999008116
CrdR_stats_misc,Gls,0.03778584999008116,0.03778584999008116
CrdR,Gls,0.03778584999008116,0.03778584999008116
CrdR,SoT/90,-0.03766790731318604,0.03766790731318604
CrdR_stats_misc,SoT/90,-0.03766790731318604,0.03766790731318604
Subs,unSub,0.03734716408332227,0.03734716408332227
PPM,unSub,-0.0373118004956796,0.0373118004956796
CS%,G+A-PK,0.03659253174773071,0.03659253174773071
CS,CrdR,0.03655416326338359,0.03655416326338359
CS,CrdR_stats_misc,0.036554163263383586,0.036554163263383586
SoT,W,0.036450408152447294,0.036450408152447294
SoT/90,W,0.03645040815244728,0.03645040815244728
G+A-PK,onGA,-0.03634598402968823,0.03634598402968823
Ast,PKm,0.03605220866339339,0.03605220866339339
G+A,PKm,0.03605220866339339,0.03605220866339339
+/-90,Compl,0.03600917775568069,0.03600917775568069
G/SoT,Starts,0.03597717329670788,0.03597717329670788
G/SoT,Starts_stats_playing_time,0.035977173296707875,0.035977173296707875
CS%,MP_stats_playing_time,0.03593760208429899,0.03593760208429899
CS%,MP_stats_keeper,0.03593760208429898,0.03593760208429898
CS%,MP,0.03593760208429898,0.03593760208429898
Mn/Sub,SoTA,-0.03581024972627733,0.03581024972627733
MP_stats_playing_time,Sh/90,-0.03554295467674588,0.03554295467674588
MP,Sh/90,-0.03554295467674585,0.03554295467674585
SoT%,W,0.03553345272593507,0.03553345272593507
OG,SoT,-0.03546648483485469,0.03546648483485469
+/-90,TklW,0.03490691009810797,0.03490691009810797
On-Off,Rk_stats_keeper,-0.0348653932708394,0.0348653932708394
PKm,TklW,0.034764453908071216,0.034764453908071216
CS,SoT,0.034740465278122544,0.034740465278122544
CS,SoT/90,0.03474046527812252,0.03474046527812252
CS%,Min_stats_playing_time,0.03468818504649413,0.03468818504649413
CS%,Min_stats_keeper,0.03468818504649411,0.03468818504649411
CS%,Min,0.03468818504649411,0.03468818504649411
PPM,Saves,-0.03467720774958524,0.03467720774958524
90s_stats_keeper,CS%,0.03465465129316982,0.03465465129316982
90s,CS%,0.03465465129316982,0.03465465129316982
90s_stats_shooting,CS%,0.03465465129316979,0.03465465129316979
90s_stats_misc,CS%,0.03465465129316979,0.03465465129316979
90s_stats_playing_time,CS%,0.03465465129316979,0.03465465129316979
Off,Rk_stats_playing_time,0.03452149208305945,0.03452149208305945
Born_stats_misc,On-Off,-0.03449472039917611,0.03449472039917611
Born_stats_shooting,On-Off,-0.03449472039917595,0.03449472039917595
Born,On-Off,-0.03449472039917595,0.03449472039917595
Born_stats_playing_time,On-Off,-0.03449472039917595,0.03449472039917595
Off,Rk,0.0343987515834291,0.0343987515834291
Off,Rk_stats_shooting,0.0343987515834291,0.0343987515834291
Off,Rk_stats_misc,0.0343987515834291,0.0343987515834291
Ast,OG,-0.034251761925788445,0.034251761925788445
2CrdY,G+A,0.034231621503925704,0.034231621503925704
Ast,GA90,-0.03412616986787766,0.03412616986787766
G+A,GA90,-0.03412616986787766,0.03412616986787766
G/Sh,Mn/MP,0.03408628408955869,0.03408628408955869
Crs,Rk_stats_playing_time,0.03402559349156762,0.03402559349156762
CS%,Starts_stats_keeper,0.034016232799517286,0.034016232799517286
CS%,Starts,0.034016232799517286,0.034016232799517286
CS%,Starts_stats_playing_time,0.03401623279951728,0.03401623279951728
Age_stats_misc,On-Off,0.034015644276601455,0.034015644276601455
Age_stats_playing_time,On-Off,0.03401564427660145,0.03401564427660145
Age,On-Off,0.03401564427660145,0.03401564427660145
Age_stats_shooting,On-Off,0.03401564427660145,0.03401564427660145
Off,On-Off,0.03385824626748229,0.03385824626748229
CS%,Compl,0.0337166548064637,0.0337166548064637
Crs,Rk_stats_shooting,0.03360453874153605,0.03360453874153605
Crs,Rk,0.03360453874153605,0.03360453874153605
Crs,Rk_stats_misc,0.03360453874153605,0.03360453874153605
CrdR_stats_misc,Rk_stats_misc,0.03345603315189051,0.03345603315189051
CrdR,Rk,0.03345603315189051,0.03345603315189051
CrdR_stats_misc,Rk_stats_shooting,0.03345603315189051,0.03345603315189051
CrdR,Rk_stats_misc,0.03345603315189051,0.03345603315189051
CrdR,Rk_stats_shooting,0.03345603315189051,0.03345603315189051
CrdR_stats_misc,Rk,0.03345603315189051,0.03345603315189051
Fls,Save%,0.033455790821388665,0.033455790821388665
G+A-PK,GA90,-0.03341956938019614,0.03341956938019614
Crs,SoT%,0.03333627479270374,0.03333627479270374
CrdR_stats_misc,Rk_stats_playing_time,0.033322639401654766,0.033322639401654766
CrdR,Rk_stats_playing_time,0.03332263940165476,0.03332263940165476
2CrdY,SoT/90,-0.03330706491382379,0.03330706491382379
CS%,G+A,0.03324892855468458,0.03324892855468458
Ast,CS%,0.03324892855468458,0.03324892855468458
Rk_stats_playing_time,Sh,0.03312742848520668,0.03312742848520668
OG,PKatt,-0.03309539745290646,0.03309539745290646
OG,PKatt_stats_shooting,-0.03309539745290646,0.03309539745290646
+/-90,CrdY,0.03309157550379521,0.03309157550379521
+/-90,CrdY_stats_misc,0.033091575503795205,0.033091575503795205
Off,Save%,-0.033051993262978155,0.033051993262978155
Rk_stats_misc,Sh,0.032934868445936565,0.032934868445936565
Rk_stats_shooting,Sh,0.03293486844593656,0.03293486844593656
Rk,Sh,0.03293486844593656,0.03293486844593656
Subs,TklW,-0.03289486489702525,0.03289486489702525
Off,PPM,0.03288658692676823,0.03288658692676823
OG,PK_stats_shooting,-0.03261803206186844,0.03261803206186844
OG,PK,-0.03261803206186844,0.03261803206186844
+/-,MP_stats_keeper,0.032587023383198147,0.032587023383198147
OG,PKsv,-0.032525969203354724,0.032525969203354724
L,Rk,0.032271413565146435,0.032271413565146435
L,Rk_stats_shooting,0.032271413565146435,0.032271413565146435
L,Rk_stats_misc,0.032271413565146435,0.032271413565146435
G+A-PK,TklW,-0.032259331496884855,0.032259331496884855
GA,Rk,0.03222874219945576,0.03222874219945576
GA,Rk_stats_shooting,0.032228742199455755,0.032228742199455755
GA,Rk_stats_misc,0.032228742199455755,0.032228742199455755
L,Rk_stats_keeper,0.03199691638756882,0.03199691638756882
OG,PPM,-0.03193933507416817,0.03193933507416817
L,Rk_stats_playing_time,0.03193787835733858,0.03193787835733858
GA,Rk_stats_playing_time,0.03167116127060369,0.03167116127060369
2CrdY,Sh/90,-0.03162320443826376,0.03162320443826376
CS%,Min%,0.031527820615470964,0.031527820615470964
SoT%,onGA,0.031155271491918785,0.031155271491918785
PPM,Subs,0.03113723159596657,0.03113723159596657
Fls,GA90,-0.031020438452617014,0.031020438452617014
Crs,PKatt_stats_keeper,-0.030807468453054387,0.030807468453054387
Age_stats_keeper,Fls,0.030775164416977595,0.030775164416977595
Fls,G+A-PK,0.03073164131894425,0.03073164131894425
CrdR,GA90,0.030574649922905723,0.030574649922905723
CrdR_stats_misc,GA90,0.03057464992290569,0.03057464992290569
PKm,SoT/90,-0.0305613609379734,0.0305613609379734
PKm,SoT,-0.0305613609379734,0.0305613609379734
Off,PKm,-0.030561360937973393,0.030561360937973393
GA90,TklW,-0.030532354300628627,0.030532354300628627
+/-,Starts_stats_keeper,0.03036963113952131,0.03036963113952131
Mn/MP,Rk_stats_keeper,0.030303396323593364,0.030303396323593364
+/-90,Int,0.030284922164846725,0.030284922164846725
Fld,Save%,0.03017752897681242,0.03017752897681242
+/-,90s_stats_keeper,0.030144066850812105,0.030144066850812105
Rk_stats_playing_time,SoT,0.03008360384440415,0.03008360384440415
+/-,Min_stats_keeper,0.030057870604207823,0.030057870604207823
Sh/90,SoT%,0.03002700309724621,0.03002700309724621
GA,Rk_stats_keeper,0.029951666761404257,0.029951666761404257
Rk_stats_shooting,SoT,0.029950805455691915,0.029950805455691915
Rk_stats_misc,SoT,0.029950805455691915,0.029950805455691915
Rk,SoT,0.029950805455691915,0.029950805455691915
2CrdY,Sh,0.029902010173600856,0.029902010173600856
Age_stats_keeper,Off,0.02989946322674725,0.02989946322674725
2CrdY,Crs,0.029880043155432395,0.029880043155432395
90s_stats_keeper,Mn/Sub,0.02985755400324661,0.02985755400324661
+/-,Compl,0.029681570775151118,0.029681570775151118
PPM,Sh/90,0.029576439478580376,0.029576439478580376
G/Sh,onGA,0.02951113967288796,0.02951113967288796
PKA,Save%,0.029510642050240562,0.029510642050240562
Min_stats_keeper,Mn/Sub,0.02890738763904414,0.02890738763904414
Rk_stats_keeper,Subs,0.02875590815443317,0.02875590815443317
PKm,Rk_stats_shooting,-0.02866054576044179,0.02866054576044179
PKm,Rk,-0.02866054576044179,0.02866054576044179
PKm,Rk_stats_misc,-0.02866054576044179,0.02866054576044179
CrdR,Subs,-0.028587082430245,0.028587082430245
CrdR_stats_misc,Subs,-0.028587082430245,0.028587082430245
Crs,GA,0.028456341941417686,0.028456341941417686
+/-90,Crs,0.028364733854120534,0.028364733854120534
GA90,SoTA,-0.028357044241516895,0.028357044241516895
PKm,Rk_stats_playing_time,-0.028289249028678628,0.028289249028678628
G-PK,Rk_stats_playing_time,0.028273658944034184,0.028273658944034184
CS,Off,-0.028246920366323973,0.028246920366323973
G-PK,Rk,0.028146753328355152,0.028146753328355152
G-PK,Rk_stats_shooting,0.028146753328355152,0.028146753328355152
G-PK,Rk_stats_misc,0.028146753328355152,0.028146753328355152
Compl,SoT%,-0.028084462557591474,0.028084462557591474
Rk_stats_keeper,onGA,0.027626759465113598,0.027626759465113598
GA90,Sh,0.027556202777457652,0.027556202777457652
GA,Mn/Sub,-0.02746234029746772,0.02746234029746772
GA90,Mn/Start,-0.02742667770595945,0.02742667770595945
+/-,Mn/MP,0.02717891179087464,0.02717891179087464
Rk_stats_misc,Sh/90,-0.026532989303255382,0.026532989303255382
Rk,Sh/90,-0.02653298930325538,0.02653298930325538
Rk_stats_shooting,Sh/90,-0.02653298930325538,0.02653298930325538
GA90,Sh/90,0.026487729722675445,0.026487729722675445
Rk_stats_playing_time,Sh/90,-0.026461952249898633,0.026461952249898633
Crs,Rk_stats_keeper,-0.026425733358840662,0.026425733358840662
+/-90,Off,0.026261958270454386,0.026261958270454386
MP_stats_keeper,Rk_stats_shooting,0.02623979596165198,0.02623979596165198
MP_stats_keeper,Rk_stats_misc,0.02623979596165198,0.02623979596165198
MP_stats_keeper,Rk,0.02623979596165198,0.02623979596165198
Gls,Rk_stats_playing_time,0.02600235706497037,0.02600235706497037
Gls_stats_shooting,Rk_stats_playing_time,0.02600235706497037,0.02600235706497037
Gls,Rk,0.02591084290287478,0.02591084290287478
Gls_stats_shooting,Rk_stats_shooting,0.02591084290287478,0.02591084290287478
Gls_stats_shooting,Rk,0.02591084290287478,0.02591084290287478
Gls,Rk_stats_misc,0.025910842902874775,0.025910842902874775
Gls,Rk_stats_shooting,0.025910842902874775,0.025910842902874775
Gls_stats_shooting,Rk_stats_misc,0.025910842902874775,0.025910842902874775
G+A,Rk_stats_playing_time,0.025845949288205463,0.025845949288205463
Mn/Start,SoTA,0.025837407426584955,0.025837407426584955
MP_stats_keeper,Rk_stats_playing_time,0.025711665837433024,0.025711665837433024
G+A,Rk_stats_misc,0.025699253445922946,0.025699253445922946
G+A,Rk_stats_shooting,0.025699253445922946,0.025699253445922946
G+A,Rk,0.025699253445922946,0.025699253445922946
PKA,Rk_stats_keeper,-0.02544105316622269,0.02544105316622269
SoT%,TklW,-0.025431542728972772,0.025431542728972772
Rk,Starts_stats_keeper,0.02537156284397781,0.02537156284397781
Rk_stats_misc,Starts_stats_keeper,0.02537156284397779,0.02537156284397779
Rk_stats_shooting,Starts_stats_keeper,0.02537156284397779,0.02537156284397779
PKm,Rk_stats_keeper,-0.02520795744596648,0.02520795744596648
90s_stats_keeper,Rk,0.025044981741204085,0.025044981741204085
90s_stats_keeper,Rk_stats_shooting,0.025044981741204057,0.025044981741204057
90s_stats_keeper,Rk_stats_misc,0.025044981741204057,0.025044981741204057
Min_stats_keeper,Rk_stats_shooting,0.025005088217384643,0.025005088217384643
Min_stats_keeper,Rk_stats_misc,0.025005088217384643,0.025005088217384643
Min_stats_keeper,Rk,0.025005088217384622,0.025005088217384622
Born_stats_keeper,Off,-0.024923730117585297,0.024923730117585297
G+A-PK,MP_stats_playing_time,0.02489705156466346,0.02489705156466346
G+A-PK,MP,0.024897051564663444,0.024897051564663444
Rk_stats_playing_time,Starts_stats_keeper,0.024832122336905012,0.024832122336905012
90s_stats_keeper,Rk_stats_playing_time,0.024528595207485987,0.024528595207485987
Min_stats_keeper,Rk_stats_playing_time,0.024487768114752277,0.024487768114752277
+/-90,Subs,0.024313353268939002,0.024313353268939002
G/Sh,Sh/90,0.024309123237939458,0.024309123237939458
OG,Sh,-0.02427551128395897,0.02427551128395897
+/-,Rk_stats_keeper,0.024133334785709285,0.024133334785709285
Crs,G/Sh,-0.023869892367026895,0.023869892367026895
+/-90,Born_stats_misc,-0.023835843145305735,0.023835843145305735
+/-90,Born_stats_playing_time,-0.023835843145305433,0.023835843145305433
+/-90,Born_stats_shooting,-0.023835843145305433,0.023835843145305433
+/-90,Born,-0.023835843145305433,0.023835843145305433
+/-90,Age_stats_shooting,0.023762992572425912,0.023762992572425912
+/-90,Age,0.023762992572425912,0.023762992572425912
+/-90,Age_stats_playing_time,0.023762992572425912,0.023762992572425912
+/-90,Age_stats_misc,0.023762992572425895,0.023762992572425895
CS%,OG,-0.023326986554409193,0.023326986554409193
CrdR_stats_misc,G+A-PK,-0.023105497812826118,0.023105497812826118
CrdR,G+A-PK,-0.023105497812826115,0.023105497812826115
CrdR,OG,0.02297864348893718,0.02297864348893718
CrdR_stats_misc,OG,0.02297864348893718,0.02297864348893718
G/SoT,Int,-0.02294359810235335,0.02294359810235335
Born_stats_playing_time,Rk_stats_playing_time,-0.02265898684344143,0.02265898684344143
Born_stats_misc,Rk_stats_playing_time,-0.02265898684344143,0.02265898684344143
Born,Rk_stats_playing_time,-0.022658986843441337,0.022658986843441337
Born_stats_shooting,Rk_stats_playing_time,-0.022658986843441337,0.022658986843441337
MP,Rk_stats_keeper,0.022502584738004885,0.022502584738004885
MP_stats_playing_time,Rk_stats_keeper,0.022502584738004885,0.022502584738004885
MP_stats_keeper,Rk_stats_keeper,0.022502584738004885,0.022502584738004885
+/-,Mn/Start,0.02246265014376891,0.02246265014376891
Age_stats_keeper,Crs,-0.022365443339501977,0.022365443339501977
Born_stats_misc,Rk,-0.0222531045489475,0.0222531045489475
Born_stats_misc,Rk_stats_shooting,-0.0222531045489475,0.0222531045489475
Born_stats_shooting,Rk,-0.0222531045489475,0.0222531045489475
Born_stats_playing_time,Rk_stats_shooting,-0.0222531045489475,0.0222531045489475
Born,Rk,-0.0222531045489475,0.0222531045489475
Born_stats_shooting,Rk_stats_shooting,-0.0222531045489475,0.0222531045489475
Born_stats_misc,Rk_stats_misc,-0.0222531045489475,0.0222531045489475
Born_stats_playing_time,Rk,-0.0222531045489475,0.0222531045489475
Born_stats_shooting,Rk_stats_misc,-0.02225310454894744,0.02225310454894744
Born_stats_playing_time,Rk_stats_misc,-0.02225310454894744,0.02225310454894744
Born,Rk_stats_misc,-0.02225310454894744,0.02225310454894744
Born,Rk_stats_shooting,-0.02225310454894744,0.02225310454894744
Rk_stats_keeper,Sh/90,0.022239827258863615,0.022239827258863615
Rk_stats_playing_time,unSub,-0.02196250069764102,0.02196250069764102
Rk_stats_misc,unSub,-0.021786580131560547,0.021786580131560547
Rk_stats_shooting,unSub,-0.021786580131560544,0.021786580131560544
Rk,unSub,-0.021786580131560544,0.021786580131560544
PKatt_stats_keeper,SoT/90,-0.021727660887941938,0.021727660887941938
PKatt_stats_keeper,SoT,-0.021727660887941938,0.021727660887941938
PKA,Rk_stats_playing_time,-0.021655200742357873,0.021655200742357873
Fld,Rk_stats_keeper,-0.0215321276956163,0.0215321276956163
G+A-PK,PKm,0.02143596058814415,0.02143596058814415
90s,Rk_stats_keeper,0.021330298814437144,0.021330298814437144
90s_stats_shooting,Rk_stats_keeper,0.021330298814437113,0.021330298814437113
90s_stats_playing_time,Rk_stats_keeper,0.021330298814437113,0.021330298814437113
90s_stats_keeper,Rk_stats_keeper,0.021330298814437113,0.021330298814437113
90s_stats_misc,Rk_stats_keeper,0.021330298814437113,0.021330298814437113
2CrdY,G/SoT,0.02129152309163422,0.02129152309163422
Min,Rk_stats_keeper,0.021287112584848368,0.021287112584848368
Min_stats_playing_time,Rk_stats_keeper,0.021287112584848358,0.021287112584848358
Min_stats_keeper,Rk_stats_keeper,0.021287112584848358,0.021287112584848358
Rk_stats_keeper,Starts_stats_keeper,0.02124740163573813,0.02124740163573813
Rk_stats_keeper,Starts_stats_playing_time,0.02124740163573813,0.02124740163573813
Rk_stats_keeper,Starts,0.021247401635738107,0.021247401635738107
On-Off,PK_stats_shooting,0.02122785022749039,0.02122785022749039
On-Off,PK,0.02122785022749039,0.02122785022749039
On-Off,PKatt,0.021174327575264988,0.021174327575264988
On-Off,PKatt_stats_shooting,0.021174327575264988,0.021174327575264988
CrdY_stats_misc,G+A-PK,-0.020991578458153675,0.020991578458153675
CrdY,G+A-PK,-0.02099157845815367,0.02099157845815367
PKA,Rk,-0.020983511294145534,0.020983511294145534
PKA,Rk_stats_misc,-0.020983511294145513,0.020983511294145513
PKA,Rk_stats_shooting,-0.020983511294145513,0.020983511294145513
Age_stats_shooting,Rk_stats_playing_time,0.020955666448357443,0.020955666448357443
Age,Rk_stats_playing_time,0.020955666448357443,0.020955666448357443
Age_stats_playing_time,Rk_stats_playing_time,0.02095566644835741,0.02095566644835741
Age_stats_misc,Rk_stats_playing_time,0.02095566644835741,0.02095566644835741
PKatt_stats_keeper,Rk_stats_keeper,-0.020794634656483145,0.020794634656483145
Age_stats_playing_time,Rk_stats_shooting,0.02054074820535468,0.02054074820535468
Age_stats_playing_time,Rk,0.02054074820535468,0.02054074820535468
Age,Rk,0.02054074820535468,0.02054074820535468
Age_stats_misc,Rk_stats_shooting,0.02054074820535468,0.02054074820535468
Age_stats_misc,Rk_stats_misc,0.02054074820535468,0.02054074820535468
Age_stats_shooting,Rk,0.02054074820535468,0.02054074820535468
Age_stats_shooting,Rk_stats_shooting,0.02054074820535468,0.02054074820535468
Age_stats_misc,Rk,0.02054074820535468,0.02054074820535468
Age,Rk_stats_misc,0.020540748205354675,0.020540748205354675
Age_stats_shooting,Rk_stats_misc,0.020540748205354675,0.020540748205354675
Age_stats_playing_time,Rk_stats_misc,0.020540748205354675,0.020540748205354675
Age,Rk_stats_shooting,0.020540748205354675,0.020540748205354675
G+A-PK,Rk_stats_playing_time,0.02040864363943024,0.02040864363943024
G+A-PK,Rk_stats_misc,0.020307244470497293,0.020307244470497293
G+A-PK,Rk,0.020307244470497293,0.020307244470497293
G+A-PK,Rk_stats_shooting,0.020307244470497293,0.020307244470497293
+/-90,PKsv,0.0201654639633881,0.0201654639633881
+/-90,PKatt,0.020042208365182137,0.020042208365182137
+/-90,PKatt_stats_shooting,0.020042208365182137,0.020042208365182137
Int,Save%,-0.0197915743675311,0.0197915743675311
G/Sh,TklW,-0.01975481037419818,0.01975481037419818
+/-90,PK_stats_shooting,0.019587577343016128,0.019587577343016128
+/-90,PK,0.019587577343016128,0.019587577343016128
2CrdY,OG,0.019555649258248965,0.019555649258248965
G/Sh,OG,-0.019280627951738755,0.019280627951738755
Fld,G/SoT,0.019090184515032593,0.019090184515032593
+/-90,PKm,0.019053878324920358,0.019053878324920358
Born_stats_keeper,Crs,0.018899734351002038,0.018899734351002038
Born_stats_misc,unSub,0.018865603233566734,0.018865603233566734
Born,unSub,0.018865603233566598,0.018865603233566598
Born_stats_shooting,unSub,0.018865603233566598,0.018865603233566598
Born_stats_playing_time,unSub,0.018865603233566598,0.018865603233566598
Age,PPM,0.018774713733511427,0.018774713733511427
Age_stats_playing_time,PPM,0.018774713733511427,0.018774713733511427
Age_stats_shooting,PPM,0.018774713733511427,0.018774713733511427
Age_stats_misc,PPM,0.018774713733511424,0.018774713733511424
OG,SoT%,-0.018773449295415856,0.018773449295415856
Compl,Rk_stats_keeper,0.018743361071121976,0.018743361071121976
Rk_stats_keeper,Sh,0.018613069636925487,0.018613069636925487
2CrdY,Rk,0.018600504019295236,0.018600504019295236
2CrdY,Rk_stats_shooting,0.018600504019295236,0.018600504019295236
2CrdY,Rk_stats_misc,0.018600504019295236,0.018600504019295236
2CrdY,G-PK,0.0185725047251867,0.0185725047251867
Age_stats_keeper,Ast,-0.0185362054284558,0.0185362054284558
Age_stats_keeper,G+A,-0.0185362054284558,0.0185362054284558
CrdY_stats_misc,Rk_stats_keeper,0.018500036220205712,0.018500036220205712
CrdY,Rk_stats_keeper,0.0185000362202057,0.0185000362202057
Min%,Rk_stats_keeper,0.01849357358878969,0.01849357358878969
2CrdY,Rk_stats_playing_time,0.018428952750035324,0.018428952750035324
PKatt_stats_keeper,Rk_stats_playing_time,-0.017788630193765424,0.017788630193765424
G+A-PK,Starts_stats_playing_time,-0.017782796976512596,0.017782796976512596
G+A-PK,Starts,-0.017782796976512596,0.017782796976512596
Born_stats_misc,PPM,-0.01773422874488895,0.01773422874488895
Born_stats_shooting,PPM,-0.017734228744888798,0.017734228744888798
Born,PPM,-0.017734228744888798,0.017734228744888798
Born_stats_playing_time,PPM,-0.017734228744888798,0.017734228744888798
CrdR,Off,0.01737182919023204,0.01737182919023204
CrdR_stats_misc,Off,0.01737182919023204,0.01737182919023204
PKatt_stats_keeper,Rk_stats_shooting,-0.017252890441435055,0.017252890441435055
PKatt_stats_keeper,Rk_stats_misc,-0.017252890441435055,0.017252890441435055
PKatt_stats_keeper,Rk,-0.017252890441435048,0.017252890441435048
Age_stats_keeper,OG,-0.017233348326697914,0.017233348326697914
CrdY,Subs,-0.017200217383851777,0.017200217383851777
CrdY_stats_misc,Subs,-0.01720021738385177,0.01720021738385177
GA90,Int,-0.0170487892506859,0.0170487892506859
2CrdY,Gls,0.01704864942604622,0.01704864942604622
2CrdY,Gls_stats_shooting,0.01704864942604622,0.01704864942604622
G+A-PK,Min_stats_playing_time,-0.017047760915040688,0.017047760915040688
G+A-PK,Min,-0.01704776091504068,0.01704776091504068
+/-90,SoTA,0.017019604395326144,0.017019604395326144
G/SoT,TklW,-0.016995776171800817,0.016995776171800817
90s,G+A-PK,-0.016985390501834334,0.016985390501834334
90s_stats_playing_time,G+A-PK,-0.016985390501834334,0.016985390501834334
90s_stats_misc,G+A-PK,-0.016985390501834334,0.016985390501834334
90s_stats_shooting,G+A-PK,-0.016985390501834334,0.016985390501834334
+/-,2CrdY,-0.016921226593189606,0.016921226593189606
Ast,Rk_stats_playing_time,0.01669432580942108,0.01669432580942108
SoT/90,onG,0.016603594287955475,0.016603594287955475
90s_stats_keeper,Mn/Start,0.016513201712778768,0.016513201712778768
Ast,Rk,0.016509868064177806,0.016509868064177806
Ast,Rk_stats_shooting,0.0165098680641778,0.0165098680641778
Ast,Rk_stats_misc,0.0165098680641778,0.0165098680641778
Min_stats_keeper,Mn/Start,0.016490442109434948,0.016490442109434948
2CrdY,SoT%,-0.01644812104620507,0.01644812104620507
Save%,SoT/90,0.016104175957400872,0.016104175957400872
Save%,SoT,0.016104175957400872,0.016104175957400872
PKsv,Rk_stats_shooting,0.016048039486784682,0.016048039486784682
PKsv,Rk,0.016048039486784682,0.016048039486784682
PKsv,Rk_stats_misc,0.016048039486784682,0.016048039486784682
CrdR_stats_misc,PKA,0.016026772457557084,0.016026772457557084
CrdR,PKA,0.016026772457557084,0.016026772457557084
Born_stats_keeper,G+A-PK,0.015906283231101874,0.015906283231101874
Born_stats_playing_time,SoT%,-0.01589643695272875,0.01589643695272875
Born_stats_misc,SoT%,-0.01589643695272875,0.01589643695272875
Born_stats_shooting,SoT%,-0.015896436952728323,0.015896436952728323
Born,SoT%,-0.015896436952728323,0.015896436952728323
Age,SoT%,0.015836277449245522,0.015836277449245522
Age_stats_shooting,SoT%,0.015836277449245522,0.015836277449245522
Age_stats_misc,SoT%,0.015836277449245487,0.015836277449245487
Age_stats_playing_time,SoT%,0.015836277449245487,0.015836277449245487
PKsv,Rk_stats_playing_time,0.01578379145387205,0.01578379145387205
CrdR,Save%,-0.015764357758330506,0.015764357758330506
CrdR_stats_misc,Save%,-0.015764357758330502,0.015764357758330502
On-Off,Subs,0.015760515858924275,0.015760515858924275
CrdR,On-Off,0.015651714352137306,0.015651714352137306
CrdR_stats_misc,On-Off,0.015651714352137303,0.015651714352137303
D,Mn/Start,0.015368872784600161,0.015368872784600161
Age,unSub,-0.01527291342661018,0.01527291342661018
Age_stats_playing_time,unSub,-0.01527291342661018,0.01527291342661018
Age_stats_shooting,unSub,-0.01527291342661018,0.01527291342661018
Age_stats_misc,unSub,-0.01527291342661017,0.01527291342661017
G+A-PK,Min%,-0.015216300518443002,0.015216300518443002
Rk,W,0.015181257823650414,0.015181257823650414
Rk_stats_misc,W,0.0151812578236504,0.0151812578236504
Rk_stats_shooting,W,0.0151812578236504,0.0151812578236504
On-Off,unSub,-0.014878888079462256,0.014878888079462256
2CrdY,SoT,0.014826836222050652,0.014826836222050652
+/-,Int,-0.014792652958680865,0.014792652958680865
Rk_stats_playing_time,W,0.014760058663783174,0.014760058663783174
Age_stats_keeper,G+A-PK,-0.01475073751288951,0.01475073751288951
+/-,Subs,0.014691368140734056,0.014691368140734056
Fld,Rk_stats_playing_time,0.014685104915426126,0.014685104915426126
Born_stats_keeper,G+A,0.014633174826038499,0.014633174826038499
Ast,Born_stats_keeper,0.014633174826038499,0.014633174826038499
Age_stats_playing_time,OG,0.014599901592666945,0.014599901592666945
Age,OG,0.014599901592666945,0.014599901592666945
Age_stats_misc,OG,0.014599901592666945,0.014599901592666945
Age_stats_shooting,OG,0.014599901592666945,0.014599901592666945
Fld,Rk,0.014526947923416078,0.014526947923416078
Fld,Rk_stats_misc,0.014526947923416078,0.014526947923416078
Fld,Rk_stats_shooting,0.014526947923416078,0.014526947923416078
GA90,PKm,-0.014493686973816061,0.014493686973816061
CrdR_stats_misc,PKatt_stats_keeper,-0.014402145671408266,0.014402145671408266
CrdR,PKatt_stats_keeper,-0.01440214567140826,0.01440214567140826
2CrdY,Off,0.014392271735804872,0.014392271735804872
PKatt_stats_shooting,Subs,0.014144281200111597,0.014144281200111597
PKatt,Subs,0.014144281200111597,0.014144281200111597
D,Rk,0.014059302842786829,0.014059302842786829
D,Rk_stats_shooting,0.01405930284278679,0.01405930284278679
D,Rk_stats_misc,0.01405930284278679,0.01405930284278679
Rk_stats_playing_time,TklW,0.01398146934368277,0.01398146934368277
GA90,Off,0.013922056485511805,0.013922056485511805
PKatt,Rk_stats_shooting,0.013895106692280319,0.013895106692280319
PKatt,Rk,0.013895106692280319,0.013895106692280319
PKatt_stats_shooting,Rk,0.013895106692280319,0.013895106692280319
PKatt,Rk_stats_misc,0.013895106692280319,0.013895106692280319
PKatt_stats_shooting,Rk_stats_shooting,0.013895106692280319,0.013895106692280319
PKatt_stats_shooting,Rk_stats_misc,0.013895106692280319,0.013895106692280319
PKatt,Rk_stats_playing_time,0.013874142144597017,0.013874142144597017
PKatt_stats_shooting,Rk_stats_playing_time,0.013874142144597017,0.013874142144597017
PKm,PPM,0.01382680484047298,0.01382680484047298
PKsv,Rk_stats_keeper,0.013701047699494135,0.013701047699494135
GA90,PKatt_stats_keeper,-0.013585784713729638,0.013585784713729638
Rk_stats_shooting,TklW,0.013580485717325293,0.013580485717325293
Rk,TklW,0.013580485717325293,0.013580485717325293
Rk_stats_misc,TklW,0.013580485717325293,0.013580485717325293
CS%,Rk_stats_keeper,-0.013543887952543425,0.013543887952543425
CrdR,PPM,-0.013536911686239002,0.013536911686239002
CrdR_stats_misc,PPM,-0.013536911686238997,0.013536911686238997
CS%,unSub,-0.013501506946831781,0.013501506946831781
D,Rk_stats_playing_time,0.013383187534000016,0.013383187534000016
Fls,Rk_stats_keeper,0.013111258646274172,0.013111258646274172
+/-,Fls,0.013030756408905827,0.013030756408905827
+/-,Age_stats_keeper,0.013025744980167626,0.013025744980167626
CS%,Mn/Start,0.012980018536791624,0.012980018536791624
Rk_stats_playing_time,SoT%,0.012977104342303088,0.012977104342303088
2CrdY,G+A-PK,-0.012954545303328156,0.012954545303328156
Rk,SoT%,0.01287052067343145,0.01287052067343145
Rk_stats_shooting,SoT%,0.01287052067343145,0.01287052067343145
Rk_stats_misc,SoT%,0.012870520673431437,0.012870520673431437
CrdY,Rk_stats_playing_time,0.012856944331695853,0.012856944331695853
CrdY_stats_misc,Rk_stats_playing_time,0.012856944331695848,0.012856944331695848
CrdY,Rk_stats_shooting,0.012655115696216057,0.012655115696216057
CrdY,Rk_stats_misc,0.012655115696216057,0.012655115696216057
CrdY_stats_misc,Rk_stats_shooting,0.012655115696216055,0.012655115696216055
CrdY,Rk,0.012655115696216055,0.012655115696216055
CrdY_stats_misc,Rk_stats_misc,0.012655115696216055,0.012655115696216055
CrdY_stats_misc,Rk,0.012655115696216055,0.012655115696216055
Crs,Sh/90,0.0126115602959322,0.0126115602959322
On-Off,PKm,0.012600624988551315,0.012600624988551315
Born_stats_keeper,OG,0.012191393404142386,0.012191393404142386
G/SoT,SoT/90,0.012152442089610173,0.012152442089610173
G/SoT,PK,-0.012135474058706068,0.012135474058706068
G/SoT,PK_stats_shooting,-0.012135474058706065,0.012135474058706065
CS%,Mn/Sub,0.011495946582002932,0.011495946582002932
CrdR,G/SoT,0.011344917285754262,0.011344917285754262
CrdR_stats_misc,G/SoT,0.011344917285754257,0.011344917285754257
CS,Mn/Start,-0.011337108907862228,0.011337108907862228
CrdR,PKatt_stats_shooting,0.01131817219788717,0.01131817219788717
CrdR_stats_misc,PKatt_stats_shooting,0.011318172197887165,0.011318172197887165
CrdR,PKatt,0.011318172197887165,0.011318172197887165
CrdR_stats_misc,PKatt,0.011318172197887165,0.011318172197887165
Mn/Start,W,-0.011146984304782734,0.011146984304782734
Rk_stats_keeper,unSub,-0.011108074189974037,0.011108074189974037
D,Rk_stats_keeper,0.011098110986898028,0.011098110986898028
Born_stats_shooting,OG,-0.011090013004054664,0.011090013004054664
Born_stats_playing_time,OG,-0.011090013004054664,0.011090013004054664
Born_stats_misc,OG,-0.011090013004054664,0.011090013004054664
Born,OG,-0.011090013004054664,0.011090013004054664
Fls,Rk_stats_playing_time,0.011005713735869104,0.011005713735869104
Fls,Rk_stats_misc,0.010655832866926236,0.010655832866926236
Fls,Rk,0.010655832866926236,0.010655832866926236
Fls,Rk_stats_shooting,0.010655832866926236,0.010655832866926236
On-Off,Rk_stats_playing_time,-0.010574962554845881,0.010574962554845881
CS%,Saves,-0.010453491093717935,0.010453491093717935
Mn/MP,SoT%,0.010452201260823236,0.010452201260823236
On-Off,Rk_stats_misc,-0.010407282251825183,0.010407282251825183
On-Off,Rk_stats_shooting,-0.01040728225182518,0.01040728225182518
On-Off,Rk,-0.01040728225182518,0.01040728225182518
CS%,CrdY_stats_misc,0.010361813976270173,0.010361813976270173
CS%,CrdY,0.010361813976270165,0.010361813976270165
2CrdY,Subs,0.010229640820449895,0.010229640820449895
Born_stats_shooting,G/SoT,0.010067880451225813,0.010067880451225813
Born,G/SoT,0.010067880451225813,0.010067880451225813
Born_stats_misc,G/SoT,0.01006788045122557,0.01006788045122557
Born_stats_playing_time,G/SoT,0.01006788045122557,0.01006788045122557
CS,Rk_stats_keeper,-0.009947000228024042,0.009947000228024042
Fls,Sh/90,-0.009905623419459001,0.009905623419459001
G/SoT,Sh/90,0.009800318677157461,0.009800318677157461
Compl,G/SoT,0.00973795899507299,0.00973795899507299
2CrdY,On-Off,0.00967676274673228,0.00967676274673228
Ast,Save%,0.009381891965003093,0.009381891965003093
G+A,Save%,0.009381891965003093,0.009381891965003093
G/SoT,Subs,0.009343542709392767,0.009343542709392767
PK_stats_shooting,Subs,0.00881625236327253,0.00881625236327253
PK,Subs,0.00881625236327253,0.00881625236327253
Born,Subs,0.008589635171841132,0.008589635171841132
Born_stats_playing_time,Subs,0.008589635171841132,0.008589635171841132
Born_stats_shooting,Subs,0.008589635171841132,0.008589635171841132
Born_stats_misc,Subs,0.008589635171840946,0.008589635171840946
CrdR,W,-0.008504525153905308,0.008504525153905308
CrdR_stats_misc,W,-0.008504525153905302,0.008504525153905302
Rk_stats_keeper,W,0.008500269885523166,0.008500269885523166
Rk_stats_keeper,Saves,-0.00837910888436807,0.00837910888436807
+/-,Born_stats_keeper,-0.00822039291176872,0.00822039291176872
CrdY,SoT%,-0.008208882387452349,0.008208882387452349
CrdY_stats_misc,SoT%,-0.008208882387452338,0.008208882387452338
+/-90,unSub,-0.008048687733471302,0.008048687733471302
Age_stats_misc,Subs,-0.007980397411940671,0.007980397411940671
Age_stats_playing_time,Subs,-0.007980397411940654,0.007980397411940654
Age,Subs,-0.007980397411940654,0.007980397411940654
Age_stats_shooting,Subs,-0.007980397411940654,0.007980397411940654
CrdR,PK_stats_shooting,0.007844160524968,0.007844160524968
CrdR_stats_misc,PK,0.00784416052496799,0.00784416052496799
CrdR_stats_misc,PK_stats_shooting,0.00784416052496799,0.00784416052496799
CrdR,PK,0.00784416052496799,0.00784416052496799
G/SoT,SoT%,-0.007691998354763986,0.007691998354763986
CS%,D,-0.00764126014808605,0.00764126014808605
GA90,PKA,0.0076028085635371345,0.0076028085635371345
G/SoT,PKatt,-0.007526995032800933,0.007526995032800933
G/SoT,PKatt_stats_shooting,-0.007526995032800933,0.007526995032800933
PKm,Save%,0.00738929703335627,0.00738929703335627
D,SoT/90,0.007289273425303206,0.007289273425303206
D,SoT,0.007289273425303201,0.007289273425303201
OG,PKm,0.007283535907867047,0.007283535907867047
Rk_stats_playing_time,Saves,-0.00717671033614672,0.00717671033614672
OG,Save%,-0.007171259850746677,0.007171259850746677
+/-90,PKA,-0.0071583068835637635,0.0071583068835637635
Rk_stats_shooting,SoTA,0.006884975146485707,0.006884975146485707
Rk_stats_misc,SoTA,0.006884975146485707,0.006884975146485707
Rk,SoTA,0.006884975146485691,0.006884975146485691
CrdY,G/SoT,0.006882281835492716,0.006882281835492716
CrdY_stats_misc,G/SoT,0.006882281835492693,0.006882281835492693
CrdY,G/Sh,0.006868266980707155,0.006868266980707155
CrdY_stats_misc,G/Sh,0.006868266980707144,0.006868266980707144
PKsv,PPM,-0.006835522726822103,0.006835522726822103
Rk,Saves,-0.00662591531797491,0.00662591531797491
Rk_stats_misc,Saves,-0.00662591531797491,0.00662591531797491
Rk_stats_shooting,Saves,-0.00662591531797491,0.00662591531797491
+/-90,Rk_stats_playing_time,-0.006563213680880775,0.006563213680880775
+/-,Rk_stats_shooting,0.006420157605960324,0.006420157605960324
+/-,Rk,0.006420157605960324,0.006420157605960324
+/-,Rk_stats_misc,0.006420157605960323,0.006420157605960323
+/-90,Rk_stats_shooting,-0.006351333409554155,0.006351333409554155
+/-90,Rk,-0.006351333409554155,0.006351333409554155
+/-90,Rk_stats_misc,-0.006351333409554146,0.006351333409554146
Rk_stats_playing_time,SoTA,0.006336778113581824,0.006336778113581824
+/-90,onGA,0.006298205716755261,0.006298205716755261
Age_stats_keeper,Mn/MP,-0.006240268304379425,0.006240268304379425
CrdR_stats_misc,G/Sh,0.006238349722115008,0.006238349722115008
CrdR,G/Sh,0.006238349722115,0.006238349722115
OG,Rk_stats_shooting,0.0061996340863063075,0.0061996340863063075
OG,Rk_stats_misc,0.0061996340863063075,0.0061996340863063075
OG,Rk,0.0061996340863063075,0.0061996340863063075
+/-,Rk_stats_playing_time,0.006170442351002894,0.006170442351002894
Age_stats_misc,G/SoT,-0.006159028946781273,0.006159028946781273
Age_stats_playing_time,G/SoT,-0.006159028946781273,0.006159028946781273
Age,G/SoT,-0.006159028946781268,0.006159028946781268
Age_stats_shooting,G/SoT,-0.006159028946781268,0.006159028946781268
Crs,OG,-0.006157060649060284,0.006157060649060284
CS%,PKm,-0.006150207055561026,0.006150207055561026
PKA,SoT,-0.006122756060126976,0.006122756060126976
PKA,SoT/90,-0.0061227560601269755,0.0061227560601269755
OG,Rk_stats_playing_time,0.006111288385507858,0.006111288385507858
CS%,PKsv,0.005807475302490117,0.005807475302490117
2CrdY,PPM,-0.005752449824070413,0.005752449824070413
+/-90,CrdR,0.0056165565338562404,0.0056165565338562404
+/-90,CrdR_stats_misc,0.005616556533856236,0.005616556533856236
+/-,Age_stats_playing_time,0.005614619960604931,0.005614619960604931
+/-,Age,0.005614619960604931,0.005614619960604931
+/-,Age_stats_shooting,0.005614619960604931,0.005614619960604931
+/-,Age_stats_misc,0.005614619960604924,0.005614619960604924
PK,Rk_stats_shooting,0.005229463676585972,0.005229463676585972
PK,Rk,0.005229463676585972,0.005229463676585972
PK_stats_shooting,Rk,0.005229463676585972,0.005229463676585972
PK_stats_shooting,Rk_stats_shooting,0.005229463676585972,0.005229463676585972
PK,Rk_stats_misc,0.005229463676585972,0.005229463676585972
PK_stats_shooting,Rk_stats_misc,0.005229463676585972,0.005229463676585972
PK,Rk_stats_playing_time,0.00514485987046884,0.00514485987046884
PK_stats_shooting,Rk_stats_playing_time,0.00514485987046884,0.00514485987046884
Rk_stats_keeper,SoTA,0.005088227796960891,0.005088227796960891
Mn/Sub,PPM,0.00492505250284459,0.00492505250284459
Crs,L,0.004576522980741942,0.004576522980741942
Born,G/Sh,0.004437265349423595,0.004437265349423595
Born_stats_shooting,G/Sh,0.004437265349423595,0.004437265349423595
Born_stats_misc,G/Sh,0.004437265349423205,0.004437265349423205
Born_stats_playing_time,G/Sh,0.004437265349423205,0.004437265349423205
2CrdY,PKatt_stats_shooting,0.004392757973204852,0.004392757973204852
2CrdY,PKatt,0.004392757973204852,0.004392757973204852
L,Mn/Start,-0.003955535872581076,0.003955535872581076
GA,Mn/Start,0.00385964513576917,0.00385964513576917
G/SoT,Rk_stats_playing_time,-0.0038371471291590176,0.0038371471291590176
+/-90,2CrdY,0.0037386887360446306,0.0037386887360446306
OG,On-Off,0.0037349311633907904,0.0037349311633907904
Mn/Sub,SoT/90,0.0036936527487840126,0.0036936527487840126
G/SoT,Rk_stats_shooting,-0.0036058408134187992,0.0036058408134187992
G/SoT,Rk,-0.0036058408134187992,0.0036058408134187992
G/SoT,Rk_stats_misc,-0.0036058408134187897,0.0036058408134187897
CS%,Rk_stats_playing_time,-0.003584617891191077,0.003584617891191077
G/Sh,Rk_stats_misc,0.003584492687499294,0.003584492687499294
G/Sh,Rk,0.003584492687499286,0.003584492687499286
G/Sh,Rk_stats_shooting,0.003584492687499286,0.003584492687499286
G/Sh,Rk_stats_playing_time,0.0035549179656697944,0.0035549179656697944
+/-,Born,-0.003396545152558603,0.003396545152558603
+/-,Born_stats_shooting,-0.003396545152558603,0.003396545152558603
+/-,Born_stats_playing_time,-0.003396545152558603,0.003396545152558603
+/-,Born_stats_misc,-0.0033965451525585296,0.0033965451525585296
CrdR,SoT%,-0.0033573392671615177,0.0033573392671615177
CrdR_stats_misc,SoT%,-0.0033573392671615134,0.0033573392671615134
Born_stats_keeper,Mn/MP,-0.0033291368385744663,0.0033291368385744663
G/SoT,OG,0.0032940729379936397,0.0032940729379936397
2CrdY,PK,0.003243337293579785,0.003243337293579785
2CrdY,PK_stats_shooting,0.003243337293579785,0.003243337293579785
G+A-PK,Save%,0.003234126734943958,0.003234126734943958
CS%,TklW,-0.0032063195495495205,0.0032063195495495205
GA90,SoT/90,-0.0031397183609146034,0.0031397183609146034
GA90,SoT,-0.0031397183609146026,0.0031397183609146026
+/-90,PKatt_stats_keeper,0.0031354051831379848,0.0031354051831379848
Rk,SoT/90,-0.00312472362019308,0.00312472362019308
Rk_stats_shooting,SoT/90,-0.00312472362019308,0.00312472362019308
Rk_stats_misc,SoT/90,-0.0031247236201930786,0.0031247236201930786
Rk_stats_playing_time,SoT/90,-0.0030418019358169597,0.0030418019358169597
Mn/Sub,Starts_stats_keeper,-0.0030348174468696845,0.0030348174468696845
MP_stats_keeper,Mn/Sub,0.0029017553106437553,0.0029017553106437553
CS%,Rk_stats_shooting,-0.002788817693252566,0.002788817693252566
CS%,Rk_stats_misc,-0.002788817693252566,0.002788817693252566
CS%,Rk,-0.002788817693252551,0.002788817693252551
Age_stats_misc,G/Sh,-0.0027819453000506055,0.0027819453000506055
Age_stats_playing_time,G/Sh,-0.0027819453000506055,0.0027819453000506055
Age,G/Sh,-0.0027819453000505986,0.0027819453000505986
Age_stats_shooting,G/Sh,-0.0027819453000505986,0.0027819453000505986
PPM,Rk_stats_playing_time,-0.002555416031328126,0.002555416031328126
Mn/Start,Starts_stats_keeper,-0.002451040139851803,0.002451040139851803
Int,PK,-0.0024119029309282148,0.0024119029309282148
Int,PK_stats_shooting,-0.0024119029309282148,0.0024119029309282148
Int,Rk_stats_shooting,-0.00229725937853484,0.00229725937853484
Int,Rk,-0.00229725937853484,0.00229725937853484
Int,Rk_stats_misc,-0.00229725937853484,0.00229725937853484
PPM,Rk,-0.0022149967299567616,0.0022149967299567616
PPM,Rk_stats_shooting,-0.0022149967299567616,0.0022149967299567616
PPM,Rk_stats_misc,-0.002214996729956749,0.002214996729956749
GA90,Rk_stats_misc,0.002172985474634248,0.002172985474634248
GA90,Rk_stats_shooting,0.002172985474634248,0.002172985474634248
GA90,Rk,0.002172985474634247,0.002172985474634247
G+A-PK,Mn/Sub,-0.002155860971548126,0.002155860971548126
Int,Rk_stats_playing_time,-0.0020368089285343247,0.0020368089285343247
Int,PKatt,-0.0020136128475298095,0.0020136128475298095
Int,PKatt_stats_shooting,-0.0020136128475298095,0.0020136128475298095
CS,Rk_stats_playing_time,-0.0017955825365378656,0.0017955825365378656
GA90,OG,0.0017067458985123335,0.0017067458985123335
G/SoT,onGA,0.0017063673337545055,0.0017063673337545055
GA90,Rk_stats_playing_time,0.0016941155426032166,0.0016941155426032166
Int,Off,-0.0012992041032501513,0.0012992041032501513
+/-90,OG,-0.0012663253728887782,0.0012663253728887782
Rk_stats_misc,Subs,-0.0011777182827023948,0.0011777182827023948
Rk_stats_shooting,Subs,-0.0011777182827023922,0.0011777182827023922
Rk,Subs,-0.0011777182827023922,0.0011777182827023922
Rk_stats_playing_time,Subs,-0.0011704656190584537,0.0011704656190584537
Save%,Sh,-0.00111262964149865,0.00111262964149865
CS,Rk_stats_shooting,-0.0010120764994621836,0.0010120764994621836
CS,Rk_stats_misc,-0.0010120764994621836,0.0010120764994621836
CS,Rk,-0.0010120764994621823,0.0010120764994621823
Mn/Sub,Rk_stats_playing_time,0.0009472327965116374,0.0009472327965116374
Compl,G/Sh,-0.0009314752901171539,0.0009314752901171539
MP_stats_keeper,Mn/Start,0.000700204392179974,0.000700204392179974
2CrdY,G/Sh,0.0005685537740240311,0.0005685537740240311
Mn/Sub,Rk_stats_misc,0.0004729129876331405,0.0004729129876331405
Mn/Sub,Rk,0.0004729129876331375,0.0004729129876331375
Mn/Sub,Rk_stats_shooting,0.0004729129876331375,0.0004729129876331375
Mn/Start,Off,0.000403958797492001,0.000403958797492001
Save%,Sh/90,0.00038596325240709215,0.00038596325240709215
GA90,Rk_stats_keeper,0.0002388965693394336,0.0002388965693394336
+/-,TklW,0.00015907586118360192,0.00015907586118360192
+/-,CrdY_stats_misc,0.00013232587755327113,0.00013232587755327113
+/-,CrdY,0.00013232587755326685,0.00013232587755326685
CS%,SoT,-1.1263513269053104e-05,1.1263513269053104e-05
CS%,SoT/90,-1.1263513269052212e-05,1.1263513269052212e-05
Gls,Rk_stats_keeper,,
Gls,MP_stats_keeper,,
Gls,Starts_stats_keeper,,
Gls,Min_stats_keeper,,
Gls,SoTA,,
Gls,Saves,,
Gls,Save%,,
Gls,W,,
Gls,L,,
Gls,PKatt_stats_keeper,,
Gls,PKA,,
Gls,PKsv,,
Gls,PKm,,
G-PK,Rk_stats_keeper,,
G-PK,MP_stats_keeper,,
G-PK,Starts_stats_keeper,,
G-PK,Min_stats_keeper,,
G-PK,GA,,
G-PK,GA90,,
G-PK,SoTA,,
G-PK,Saves,,
G-PK,Save%,,
G-PK,W,,
G-PK,L,,
G-PK,PKatt_stats_keeper,,
G-PK,PKA,,
G-PK,PKsv,,
G-PK,PKm,,
PK,Rk_stats_keeper,,
PK,Starts_stats_keeper,,
PK,SoTA,,
PK,Saves,,
PK,Save%,,
PK,W,,
PK,PKatt_stats_keeper,,
PK,PKA,,
PK,PKsv,,
PK,PKm,,
PKatt,Rk_stats_keeper,,
PKatt,Starts_stats_keeper,,
PKatt,SoTA,,
PKatt,Saves,,
PKatt,Save%,,
PKatt,W,,
PKatt,PKatt_stats_keeper,,
PKatt,PKsv,,
PKatt,PKm,,
Age_stats_keeper,Gls,,
Age_stats_keeper,G-PK,,
Age_stats_keeper,PK,,
Age_stats_keeper,PKatt,,
Age_stats_keeper,Gls_stats_shooting,,
Age_stats_keeper,G/Sh,,
Age_stats_keeper,G/SoT,,
Age_stats_keeper,PK_stats_shooting,,
Age_stats_keeper,PKatt_stats_shooting,,
Born_stats_keeper,Gls,,
Born_stats_keeper,G-PK,,
Born_stats_keeper,PK,,
Born_stats_keeper,PKatt,,
Born_stats_keeper,Gls_stats_shooting,,
Born_stats_keeper,G/Sh,,
Born_stats_keeper,G/SoT,,
Born_stats_keeper,PK_stats_shooting,,
Born_stats_keeper,PKatt_stats_shooting,,
MP_stats_keeper,PK,,
MP_stats_keeper,PKatt,,
MP_stats_keeper,PK_stats_shooting,,
MP_stats_keeper,PKatt_stats_shooting,,
Min_stats_keeper,PK,,
Min_stats_keeper,PKatt,,
Min_stats_keeper,PK_stats_shooting,,
Min_stats_keeper,PKatt_stats_shooting,,
90s_stats_keeper,Gls,,
90s_stats_keeper,G-PK,,
90s_stats_keeper,PK,,
90s_stats_keeper,PKatt,,
90s_stats_keeper,Gls_stats_shooting,,
90s_stats_keeper,G/Sh,,
90s_stats_keeper,G/SoT,,
90s_stats_keeper,PK_stats_shooting,,
90s_stats_keeper,PKatt_stats_shooting,,
GA,Gls,,
GA,PK,,
GA,PKatt,,
GA,Gls_stats_shooting,,
GA,PK_stats_shooting,,
GA,PKatt_stats_shooting,,
GA90,Gls,,
GA90,PK,,
GA90,PKatt,,
GA90,Gls_stats_shooting,,
GA90,PK_stats_shooting,,
GA90,PKatt_stats_shooting,,
D,Gls,,
D,G-PK,,
D,PK,,
D,PKatt,,
D,Gls_stats_shooting,,
D,G/Sh,,
D,G/SoT,,
D,PK_stats_shooting,,
D,PKatt_stats_shooting,,
L,PK,,
L,PKatt,,
L,PK_stats_shooting,,
L,PKatt_stats_shooting,,
CS,Gls,,
CS,G-PK,,
CS,PK,,
CS,PKatt,,
CS,Gls_stats_shooting,,
CS,G/Sh,,
CS,G/SoT,,
CS,PK_stats_shooting,,
CS,PKatt_stats_shooting,,
CS%,Gls,,
CS%,G-PK,,
CS%,PK,,
CS%,PKatt,,
CS%,Gls_stats_shooting,,
CS%,G/Sh,,
CS%,G/SoT,,
CS%,PK_stats_shooting,,
CS%,PKatt_stats_shooting,,
PKatt_stats_keeper,PKatt_stats_shooting,,
PKA,PKatt,,
PKA,PK_stats_shooting,,
PKA,PKatt_stats_shooting,,
Gls_stats_shooting,Rk_stats_keeper,,
Gls_stats_shooting,MP_stats_keeper,,
Gls_stats_shooting,Starts_stats_keeper,,
Gls_stats_shooting,Min_stats_keeper,,
Gls_stats_shooting,SoTA,,
Gls_stats_shooting,Saves,,
Gls_stats_shooting,Save%,,
Gls_stats_shooting,W,,
Gls_stats_shooting,L,,
Gls_stats_shooting,PKatt_stats_keeper,,
Gls_stats_shooting,PKA,,
Gls_stats_shooting,PKsv,,
Gls_stats_shooting,PKm,,
G/Sh,Rk_stats_keeper,,
G/Sh,MP_stats_keeper,,
G/Sh,Starts_stats_keeper,,
G/Sh,Min_stats_keeper,,
G/Sh,GA,,
G/Sh,GA90,,
G/Sh,SoTA,,
G/Sh,Saves,,
G/Sh,Save%,,
G/Sh,W,,
G/Sh,L,,
G/Sh,PKatt_stats_keeper,,
G/Sh,PKA,,
G/Sh,PKsv,,
G/Sh,PKm,,
G/SoT,Rk_stats_keeper,,
G/SoT,MP_stats_keeper,,
G/SoT,Starts_stats_keeper,,
G/SoT,Min_stats_keeper,,
G/SoT,GA,,
G/SoT,GA90,,
G/SoT,SoTA,,
G/SoT,Saves,,
G/SoT,Save%,,
G/SoT,W,,
G/SoT,L,,
G/SoT,PKatt_stats_keeper,,
G/SoT,PKA,,
G/SoT,PKsv,,
G/SoT,PKm,,
PK_stats_shooting,Rk_stats_keeper,,
PK_stats_shooting,Starts_stats_keeper,,
PK_stats_shooting,SoTA,,
PK_stats_shooting,Saves,,
PK_stats_shooting,Save%,,
PK_stats_shooting,W,,
PK_stats_shooting,PKatt_stats_keeper,,
PK_stats_shooting,PKsv,,
PK_stats_shooting,PKm,,
PKatt_stats_shooting,Rk_stats_keeper,,
PKatt_stats_shooting,Starts_stats_keeper,,
PKatt_stats_shooting,SoTA,,
PKatt_stats_shooting,Saves,,
PKatt_stats_shooting,Save%,,
PKatt_stats_shooting,W,,
PKatt_stats_shooting,PKsv,,
PKatt_stats_shooting,PKm,,
2CrdY,Rk_stats_keeper,,
2CrdY,Age_stats_keeper,,
2CrdY,Born_stats_keeper,,
2CrdY,MP_stats_keeper,,
2CrdY,Starts_stats_keeper,,
2CrdY,Min_stats_keeper,,
2CrdY,90s_stats_keeper,,
2CrdY,GA,,
2CrdY,GA90,,
2CrdY,SoTA,,
2CrdY,Saves,,
2CrdY,Save%,,
2CrdY,W,,
2CrdY,D,,
2CrdY,L,,
2CrdY,CS,,
2CrdY,CS%,,
2CrdY,PKatt_stats_keeper,,
2CrdY,PKA,,
2CrdY,PKsv,,
2CrdY,PKm,,
