Player,Squad,Comp,Pos,Min,Position_Category,cluster,assignment_probability,PC1,PC2
Brenden Aaronson,Leeds United,eng Premier League,"MF,FW",2449,MID,0,0.9998506528487513,1.0448465486001621,-0.01681863958712416
Jones El-Abdellaoui,Celta Vigo,es La Liga,"MF,FW",681,MID,0,0.9999958847577923,1.1262599437826675,0.1569105087375172
Himad Abdelli,Angers,fr Ligue 1,MF,943,MID,1,0.9670787857462471,-0.5051847886804068,-0.20176264844263112
Ali Abdi,Nice,fr Ligue 1,"MF,DF",1187,MID,1,0.7693293537065442,0.09791664656281644,-0.07433565656313026
Salis Abdul Samed,Nice,fr Ligue 1,MF,911,MID,1,0.9921486151775418,-1.8879649142266994,-0.09615470185919381
Saud Abdulhamid,Lens,fr Ligue 1,MF,1352,MID,0,0.9999997258639726,-0.14706388939037446,-0.2093934835411521
Laurent Abergel,Lorient,fr Ligue 1,MF,2318,MID,1,0.9988439407782411,-1.356434903078489,-0.02402629366749453
Matthis Abline,Nantes,fr Ligue 1,"FW,MF",2584,FWD,0,0.9999995337841175,2.14314214274704,0.09263892193661316
Abner,Lyon,fr Ligue 1,"DF,MF",2150,DEF,0,0.7660668750809525,-0.6470256572639476,0.04712334216965185
Zakaria Aboukhlal,Torino,it Serie A,MF,511,MID,0,1.0,1.515494967368322,-0.22967227538035637
Abdel Abqar,Getafe,es La Liga,DF,1437,DEF,0,0.7355297088446311,-0.9981021197075045,-0.24658018925189742
Francis Abu,Toulouse,fr Ligue 1,MF,526,MID,1,0.9963255300065513,-2.2584838921441643,-0.22505969504535825
Giorgi Abuashvili,Metz,fr Ligue 1,"MF,FW",698,MID,0,0.9999999999952216,2.1571498618175613,-0.03752336497773002
Francesco Acerbi,Inter,it Serie A,DF,1378,DEF,1,0.9970870516653292,-1.5588200978164104,-0.004971260276229034
Ragnar Ache,Köln,de Bundesliga,FW,1718,FWD,0,0.9999999999976108,3.488277507311925,0.19854239126127282
Joshua Acheampong,Chelsea,eng Premier League,DF,666,DEF,1,0.9234163779333494,-1.254496249942958,-0.03455422439752483
Akor Adams,Sevilla,es La Liga,FW,2064,FWD,0,1.0,5.448566351104673,0.33161353194843596
Che Adams,Torino,it Serie A,FW,1893,FWD,0,0.9999996195143637,2.235737522866793,0.2505507817775158
Tyler Adams,Bournemouth,eng Premier League,MF,1773,MID,1,0.9894215783762144,-1.212710444153155,-0.2062380616794634
Tosin Adarabioyo,Chelsea,eng Premier League,DF,795,DEF,1,0.9901420955907378,-2.245465905227295,0.0909552340416552
Jayden Addai,Como,it Serie A,MF,686,MID,0,0.9999994068746165,2.1219255573643716,0.1133952951762664
Karim Adeyemi,Dortmund,de Bundesliga,"MF,FW",1195,MID,0,0.9999999999999929,3.762347040183216,0.06088708399247566
Simon Adingra,Sunderland,eng Premier League,"MF,FW",653,MID,0,0.9999999979879828,0.4119460674208016,-0.09082320771330918
Simon Adingra,Monaco,fr Ligue 1,"MF,FW",855,MID,0,0.9999998147797878,1.6636810011486989,0.0232891530230477
Nathaniel Adjei,Lorient,fr Ligue 1,DF,835,DEF,1,0.9986742792616569,-1.6222913922309112,0.04272907548655313
Amine Adli,Bournemouth,eng Premier League,MF,1093,MID,0,0.99999981667428,1.9586374124269716,-0.21893391502379525
Michel Aebischer,Pisa,it Serie A,MF,2892,MID,1,0.9971645945412211,-1.3139706688551007,-0.14813790111993408
David Affengruber,Elche,es La Liga,DF,2949,DEF,1,0.9986540571766435,-1.9260949988731644,-0.19494585811885626
Emmanuel Agbadou,Wolves,eng Premier League,DF,1101,DEF,1,0.9969399782740267,-1.7911106111296886,-0.13178482707248154
Julen Agirrezabala,Valencia,es La Liga,GK,1620,GK,2,1.0,-2.0719236861468944,3.745573344552429
Lucien Agoume,Sevilla,es La Liga,MF,2686,MID,1,0.7553968861001742,-1.4422561252872952,-0.2548481682875314
Felix Agu,Werder Bremen,de Bundesliga,"DF,MF",744,DEF,1,0.7814018489876352,-1.3970220439442274,-0.22156413152013876
Marc Aguado,Elche,es La Liga,MF,2500,MID,1,0.9986796493003701,-2.0836716205597625,-0.08634260338237502
Nayef Aguerd,Marseille,fr Ligue 1,DF,1396,DEF,1,0.9987332079810847,-1.83937294101601,-0.08957035981245672
Ruben Aguilar,Lens,fr Ligue 1,MF,1720,MID,0,0.9995174262689059,-0.6890001993731905,-0.1976190687988088
Naouirou Ahamada,Auxerre,fr Ligue 1,MF,682,MID,1,0.9279617769469432,-0.9886840223744232,-0.04460211667897847
Honest Ahanor,Atalanta,it Serie A,DF,1377,DEF,1,0.9609830678627332,-1.3868041883514566,-0.2513022492337921
Lucas Ahijado,Oviedo,es La Liga,DF,1098,DEF,1,0.8051253450855771,-1.82556426033403,-0.3051490739756006
Joseph Aidoo,Celta Vigo,es La Liga,DF,639,DEF,1,0.9946133267825903,-2.454725991280401,0.0659097415467009
Ola Aina,Nottingham Forest,eng Premier League,DF,1588,DEF,1,0.9753232631435594,-2.0221476451936558,-0.1356453732627217
Abdelhamid Ait Boudlal,Rennes,fr Ligue 1,DF,1403,DEF,1,0.9981621689307147,-1.009305660645736,0.023536082403119656
Rayan Aït-Nouri,Manchester City,eng Premier League,DF,974,DEF,0,0.9649375782660025,-1.1494857340101705,-0.3284522412783656
Tosin Aiyegun,Lorient,fr Ligue 1,"FW,MF",1073,FWD,0,0.9999999978535108,2.4007172040816065,0.24901948923025144
Kristoffer Ajer,Brentford,eng Premier League,DF,1810,DEF,1,0.9980120647240378,-1.7440480866583983,-0.020203312386467054
Ludovic Ajorque,Brest,fr Ligue 1,FW,2820,FWD,0,0.9999999996028492,2.300509789463872,-0.029446630789724346
Manuel Akanji,Inter,it Serie A,DF,2821,DEF,1,0.9988122513650134,-1.5320923059610088,0.02327226023785039
Nathan Aké,Manchester City,eng Premier League,DF,695,DEF,1,0.9829080356727949,-1.2418226814866875,0.10036964151958355
Ilias Akhomach,Rayo Vallecano,es La Liga,"MF,FW",709,MID,0,1.0,1.7809737705699134,-0.16554118193334588
Ebenezer Akinsanmiro,Pisa,it Serie A,MF,1444,MID,1,0.9171519822579933,-1.3046772708438585,-0.34932679950202816
Maghnes Akliouche,Monaco,fr Ligue 1,"MF,FW",2400,MID,0,0.9999784892292293,1.627065776415849,-0.02873134482111436
Clément Akpa,Auxerre,fr Ligue 1,DF,1944,DEF,1,0.9725581323212087,-1.850219265348177,-0.026097332936552965
Jean-Daniel Akpa-Akpro,Hellas Verona,it Serie A,MF,1504,MID,1,0.6248415844267826,-1.4084324445804859,-0.3561291567106015
Al-Musrati,Hellas Verona,it Serie A,MF,844,MID,1,0.9827990314229176,-1.2661864626607646,-0.0624583539703521
Raúl Albiol,Pisa,it Serie A,DF,500,DEF,1,0.8166503902803758,-1.8965435590815485,-0.039712884404584765
Carlos Alcaraz,Everton,eng Premier League,MF,689,MID,0,0.9912269794523294,1.0268671018148137,-0.035679661700209545
Omar Alderete,Sunderland,eng Premier League,DF,2798,DEF,1,0.9971062768775274,-1.2163693278128802,0.036413455215963356
Alexandre Alemão,Rayo Vallecano,es La Liga,FW,1136,FWD,0,0.9999999995718927,2.550472363186616,0.14387962507538868
Carles Aleñá,Alavés,es La Liga,MF,1989,MID,0,0.9999999999947722,0.19280904529868467,-0.21425724442309954
Trent Alexander-Arnold,Real Madrid,es La Liga,DF,1163,DEF,0,1.0,-0.4196667831812145,-0.1763460728013254
Mohamed Ali Cho,Nice,fr Ligue 1,"FW,MF",1667,FWD,0,0.9999995953320068,1.7920483126769093,0.12482234597894767
Alisson,Liverpool,eng Premier League,GK,2340,GK,2,1.0,-1.9019495760748417,-1.3997280511213606
Thiago Almada,Atlético Madrid,es La Liga,"MF,FW",1311,MID,0,0.9789215124677688,0.576637359591704,-0.03181323088656525
Domingos André Ribeiro Almeida,Valencia,es La Liga,MF,1017,MID,0,0.9999999999999858,-0.1684435700928805,-0.1739151711815482
Pontus Almqvist,Parma,it Serie A,MF,457,MID,0,0.9999818427894933,0.12925366513539346,-0.22466306174860817
Marcos Alonso,Celta Vigo,es La Liga,DF,2768,DEF,1,0.9986888622611885,-1.6545840132535443,0.03408190548776453
Sergi Altimira,Real Betis,es La Liga,MF,1186,MID,0,0.9335588478678327,-1.5134031253939912,-0.4267151443780129
Carlos Álvarez,Levante,es La Liga,MF,1890,MID,0,0.9998195524293936,0.7081742773010673,-0.017953042113213403
Hugo Álvarez,Celta Vigo,es La Liga,"FW,MF",1340,FWD,0,0.744588262827254,0.588111009529021,0.049213015518565176
Julián Álvarez,Atlético Madrid,es La Liga,FW,1895,FWD,0,0.9999999999999964,2.8252727557397317,0.14534692618861636
Yeray Álvarez,Athletic Club,es La Liga,DF,513,DEF,1,0.7559917709605326,-2.733048347508302,-0.053118299634631216
Ayoube Amaimouni Echghouyab,Eintracht Frankfurt,de Bundesliga,"MF,FW",586,MID,0,1.0,4.225838871698947,-0.006386025385670142
Aurele Amenda,Eintracht Frankfurt,de Bundesliga,DF,1678,DEF,1,0.9992903889708007,-2.012465940643102,-0.0641641955069256
Kelvin Amian,Nantes,fr Ligue 1,DF,1961,DEF,1,0.9629540870966501,-1.1967822922921525,0.04673436347428902
Mohamed Amine Sbai,Angers,fr Ligue 1,"MF,FW",1818,MID,0,0.9999624806304139,1.1932807817295283,0.15030603323757408
Michael Amir Murillo,Marseille,fr Ligue 1,"DF,MF",989,DEF,0,0.8727330733196393,0.13811211524982225,-0.15699228998328243
Nadiem Amiri,Mainz 05,de Bundesliga,MF,2083,MID,0,0.9999999999999947,2.4315250636788988,-0.005298233865212226
Samuel Amo-Ameyaw,Strasbourg,fr Ligue 1,"MF,DF",1047,MID,0,0.9999999999398064,1.3232551149568257,-0.10293742678381143
Amorim,Genoa,it Serie A,MF,552,MID,0,0.9995775965059486,-0.9757991514470374,-0.19964361888238638
Mohamed Amoura,Wolfsburg,de Bundesliga,"FW,MF",1919,FWD,0,0.9999999895067777,2.6948551616543597,0.11235542801577092
Ethan Ampadu,Leeds United,eng Premier League,MF,3119,MID,1,0.9989060061903614,-1.5968843697250696,-0.2027357854523513
Sofyan Amrabat,Real Betis,es La Liga,MF,1295,MID,1,0.9958054471183291,-1.4206233121734315,-0.06844633979741233
Joachim Andersen,Fulham,eng Premier League,DF,2875,DEF,1,0.9991826608482223,-1.8742604855986391,0.0030330636846884564
Elliot Anderson,Nottingham Forest,eng Premier League,MF,3331,MID,0,0.9999999274855105,-0.020250481524331638,-0.338140022549634
Tomoya Ando,St Pauli,de Bundesliga,DF,1260,DEF,1,0.9986209678980265,-1.7657618491028262,-0.1347695451212613
Nícolas Andrade,Pisa,it Serie A,GK,540,GK,2,1.0,-2.294075665034984,17.155000422221885
André,Wolves,eng Premier League,MF,2762,MID,1,0.9929263461043079,-1.4684115826827089,-0.16421710243483603
Benjamin André,Lille,fr Ligue 1,MF,2332,MID,1,0.9781754040894057,-0.6865384226480046,-0.22395721307946523
Robert Andrich,Leverkusen,de Bundesliga,"DF,MF",2546,DEF,1,0.9994563065524583,-1.7845783297963633,-0.06473188168933107
Samuele Angori,Pisa,it Serie A,MF,2599,MID,0,0.9999999999878852,-0.7817257368564884,-0.09656431626178386
Ilyas Ansah,Union Berlin,de Bundesliga,"MF,FW",1892,MID,0,0.9999537110401082,1.612613955215437,0.1454726437051771
Jaidon Anthony,Burnley,eng Premier League,MF,2722,MID,0,0.999928185448344,1.5747196656439975,0.06084015728864541
Waldemar Anton,Dortmund,de Bundesliga,DF,2880,DEF,1,0.9992490098191559,-1.8253123291144824,-0.0457734027810201
Antony,Real Betis,es La Liga,"MF,FW",2447,MID,0,0.9999999999996572,2.820780441358972,-0.0032509458903229524
Youssef El-Arabi,Nantes,fr Ligue 1,FW,941,FWD,0,0.9999999999999662,2.682704707240895,0.004074119148809035
Mauro Arambarri,Getafe,es La Liga,MF,3249,MID,0,0.8010811659337345,0.6178104636328702,-0.10211775654640988
Jon Aramburu,Real Sociedad,es La Liga,DF,2773,DEF,0,0.8057366463031129,-1.4356703384089804,-0.4433352896637594
Ronald Araújo,Barcelona,es La Liga,DF,1071,DEF,1,0.9612476615104973,-0.623485568514111,-0.039019639375132
Carlens Arcus,Angers,fr Ligue 1,DF,2040,DEF,1,0.9464889182761027,-1.704002701226059,-0.20154795292545258
Alphonse Areola,West Ham United,eng Premier League,GK,1800,GK,2,1.0,-1.9039586457831614,7.666975731045842
Jesús Areso,Athletic Club,es La Liga,DF,1506,DEF,0,0.9999661069724903,-1.7765419723164928,-0.14357526127644826
Jhon Arias,Wolves,eng Premier League,"FW,MF",1124,FWD,0,0.9933315683126096,-0.47064231178776766,-0.2698517251609571
Adam Armstrong,Wolves,eng Premier League,"FW,MF",1140,FWD,0,0.9998778471822968,0.8421990199334562,0.2446885559545869
Harrison Armstrong,Everton,eng Premier League,MF,529,MID,0,0.8780447202544263,-0.31891583006742646,-0.1594072544002101
Maximilian Arnold,Wolfsburg,de Bundesliga,MF,1859,MID,0,0.9999974810740734,-0.6855357539555315,-0.10312276268536158
Tolu Arokodare,Wolves,eng Premier League,FW,1419,FWD,0,0.9999994874293615,2.264219677053863,0.20721708738106628
Kervin Arriaga,Levante,es La Liga,MF,1532,MID,1,0.8041993271634059,-0.16759179768789922,-0.1466477648633971
Arthur,Leverkusen,de Bundesliga,MF,1136,MID,0,0.9981126334803903,-0.4469491671801825,-0.1887272880693895
Takuma Asano,Mallorca,es La Liga,"MF,FW",664,MID,0,0.9999999999988756,1.8363267112001371,0.03434595760350535
Raúl Asencio,Real Madrid,es La Liga,DF,1708,DEF,1,0.9741721890145171,-0.8997089782697513,0.0934062250155349
Fisnik Asllani,Hoffenheim,de Bundesliga,"FW,MF",2335,FWD,0,0.9999999999999858,3.7292667144046283,0.20660586862619978
Kristjan Asllani,Torino,it Serie A,MF,1129,MID,0,0.9998045104079031,-0.7973792949637721,-0.07874500090648281
Iago Aspas,Celta Vigo,es La Liga,"FW,MF",1140,FWD,0,0.9999999996218385,1.8254921176204166,0.02609158322099633
Yaser Asprilla,Girona,es La Liga,"FW,MF",611,FWD,0,0.9999999999962839,1.628070383470933,-0.03903878819661625
Lorenz Assignon,Stuttgart,de Bundesliga,"DF,MF",1094,DEF,1,0.8463906328076353,-1.1627533104203909,-0.1841956582691479
Dehmaine Assoumani,Nantes,fr Ligue 1,MF,1276,MID,0,0.999999992144156,0.16271995644089662,-0.2655701462817729
Otavio Ataide,Paris FC,fr Ligue 1,DF,1901,DEF,1,0.9961798676472012,-1.524533863955298,-0.16769649694547087
Zachary Athekame,Milan,it Serie A,"MF,DF",833,MID,0,0.9999999998965166,1.3370605291101494,-0.10762195132049004
Arthur Atta,Udinese,it Serie A,MF,2557,MID,0,0.98730062266805,1.1121794303885681,0.062270820518864754
Noah Atubolu,Freiburg,de Bundesliga,GK,3060,GK,2,1.0,-2.060250852159908,5.367501733152408
Pierre-Emerick Aubameyang,Marseille,fr Ligue 1,FW,2039,FWD,0,0.9999999999999698,3.66609808429602,0.2432695975246765
Emil Audero,Cremonese,it Serie A,GK,3060,GK,2,1.0,-1.8756322992975956,-0.7052579005788867
Carlos Augusto,Inter,it Serie A,"MF,DF",1763,MID,1,0.9844182907742578,-0.9518859803273133,-0.10823783338952118
Yann Aurel Bisseck,Inter,it Serie A,DF,1922,DEF,1,0.9923446514322541,-0.2967358336875548,0.009188583741015836
Leon Avdullahu,Hoffenheim,de Bundesliga,MF,2834,MID,1,0.9991185838892286,-1.9823466489412687,-0.006251447169656083
Arthur Avom,Lorient,fr Ligue 1,MF,2119,MID,1,0.8860866204424438,-0.9456727213221552,-0.16608078491162934
Chidozie Awaziem,Nantes,fr Ligue 1,DF,2321,DEF,1,0.9970077494091201,-1.3475831618091152,0.038176469918053096
Taiwo Awoniyi,Nottingham Forest,eng Premier League,FW,494,FWD,0,1.0,5.74613197374175,0.2451777798945701
Yasin Ayari,Brighton,eng Premier League,MF,1929,MID,1,0.5504263421026128,0.1022567246486873,-0.13557275998581406
Neil El Aynaoui,Roma,it Serie A,MF,999,MID,0,0.5072798377938369,-0.5240367629373889,-0.23512559016480752
César Azpilicueta,Sevilla,es La Liga,DF,1213,DEF,1,0.9836049251976142,-2.153576995574793,-0.2704986126812043
Oussama El Azzouzi,Auxerre,fr Ligue 1,"MF,DF",807,MID,1,0.8760890510933752,-1.846164820920016,-0.3231776229180304
Mio Backhaus,Werder Bremen,de Bundesliga,GK,2880,GK,2,1.0,-1.9412870286270192,5.365542115611996
Loïc Bade,Leverkusen,de Bundesliga,DF,1653,DEF,1,0.9986143269020767,-2.0187766312803124,0.01544924087460639
Benoît Badiashile,Chelsea,eng Premier League,DF,471,DEF,1,0.9967435746857304,-2.7097115404085312,-0.11529844355977645
Alex Baena,Atlético Madrid,es La Liga,"MF,FW",1560,MID,0,1.0,1.5307106816434817,-0.149289174535206
Samson Baidoo,Lens,fr Ligue 1,DF,1827,DEF,1,0.9990258318585623,-1.5097416231601306,-0.043502930197271736
Leon Bailey,Aston Villa,eng Premier League,MF,459,MID,0,0.9999952183734886,-0.062073542800810365,-0.1374406726876086
Eric Bailly,Oviedo,es La Liga,DF,1234,DEF,1,0.99904133124377,-1.904952358186296,0.006462650066079349
Cédric Bakambu,Real Betis,es La Liga,FW,569,FWD,0,1.0,5.9527752720533655,0.21314076176007943
Johan Bakayoko,RB Leipzig,de Bundesliga,"FW,MF",777,FWD,0,0.9999999270134561,2.4157288661348773,0.15149047658227516
Ridle Baku,RB Leipzig,de Bundesliga,DF,2504,DEF,1,0.8961214422808476,-0.8631896476994485,-0.12913024108336693
Dilane Bakwa,Nottingham Forest,eng Premier League,MF,553,MID,0,1.0,1.526216066613533,-0.09392431354060421
Alejandro Balde,Barcelona,es La Liga,DF,1869,DEF,1,0.6495885988106977,-0.9423141888468815,0.04746713885711527
Carlos Baleba,Brighton,eng Premier League,MF,1652,MID,1,0.9947692285973396,-1.5444424112476058,-0.2080557208944756
Leonardo Balerdi,Marseille,fr Ligue 1,DF,2001,DEF,1,0.9993333527851435,-1.5307512699432764,-0.11236019357580462
Daniel Ballard,Sunderland,eng Premier League,DF,2149,DEF,1,0.9870342874649526,-0.5092875794979265,0.020044532570690544
Iván Balliu,Rayo Vallecano,es La Liga,DF,582,DEF,1,0.9982125598667534,-2.0624651790666726,-0.20093829883577263
Fodé Ballo-Touré,Metz,fr Ligue 1,"DF,MF",836,DEF,1,0.610388516757352,-1.0586914130104774,-0.1970815875524835
Folarin Balogun,Monaco,fr Ligue 1,FW,2230,FWD,0,1.0,4.655891951375726,0.1798565007493931
Aladji Bamba,Monaco,fr Ligue 1,MF,816,MID,0,0.9999953814485497,-0.9394597815544209,-0.4515239677003212
Mohamed Bamba,Lorient,fr Ligue 1,FW,682,FWD,0,1.0,3.7439543543810925,0.12242430408345559
Lameck Banda,Lecce,it Serie A,"MF,FW",1752,MID,0,0.9999999999999822,2.559478587222319,-0.19332385013359166
Noahkai Banks,Augsburg,de Bundesliga,DF,1725,DEF,1,0.9976859061234391,-1.1391773674536714,-0.15018712677924212
Ezechiel Banzuzi,RB Leipzig,de Bundesliga,MF,597,MID,0,0.8996785417112889,0.2797382404602142,-0.24389395993336138
Tommaso Barbieri,Cremonese,it Serie A,MF,1707,MID,0,0.9987812261901357,-0.7491619236999221,-0.266223022127761
Valentín Barco,Strasbourg,fr Ligue 1,MF,2168,MID,0,0.9999999999901004,0.533898291366663,-0.1936344567489029
Bradley Barcola,Paris Saint-Germain,fr Ligue 1,FW,1743,FWD,0,0.9999999999999982,3.5835778248955266,0.14532249189503454
Melvin Bard,Nice,fr Ligue 1,"DF,MF",2394,DEF,1,0.9331706331751819,-1.3258161293027588,-0.15986705230698361
Roony Bardghji,Barcelona,es La Liga,"MF,FW",648,MID,0,1.0,3.0150677586779415,0.024767004274326956
Nicolò Barella,Inter,it Serie A,MF,2517,MID,0,0.9999999998849614,0.3622104567741026,-0.0657373017350916
Ross Barkley,Aston Villa,eng Premier League,MF,857,MID,0,0.9972671206879326,1.145493200967086,0.08762112710592511
Harvey Barnes,Newcastle United,eng Premier League,"FW,MF",1966,FWD,0,0.9999999993966977,2.267244237077853,0.21086145862056166
Ander Barrenetxea,Real Sociedad,es La Liga,MF,1763,MID,0,0.9999999878436796,1.4803169031481767,-0.18486423745126407
Pablo Barrios,Atlético Madrid,es La Liga,MF,1661,MID,1,0.9425496142716685,-0.9559979139891777,-0.07044361610546143
Thierno Barry,Everton,eng Premier League,FW,1914,FWD,0,0.9999999999986198,2.009114896886003,0.18841542535566158
Davide Bartesaghi,Milan,it Serie A,"MF,DF",2441,MID,0,0.9999995134327453,-0.8179684598642742,-0.0385045170698688
Marc Bartra,Real Betis,es La Liga,DF,1978,DEF,1,0.9985580135850223,-1.7751996948541822,0.011537383073364663
Federico Baschirotto,Cremonese,it Serie A,DF,2540,DEF,1,0.9837084873568138,-1.3870192340314085,0.043321669810345055
Toma Bašić,Lazio,it Serie A,MF,1735,MID,0,0.9980126795622632,0.46197964167815,0.00952818818535167
Calvin Bassey,Fulham,eng Premier League,DF,2534,DEF,1,0.9970707361718666,-1.5286058200943833,-0.054281504527641855
Alessandro Bastoni,Inter,it Serie A,DF,2239,DEF,0,0.9988981023217122,-0.6887438713603419,-0.2540431302017857
Augusto Batalla,Rayo Vallecano,es La Liga,GK,3060,GK,2,1.0,-1.8390589016840955,-4.360269904840662
Martin Baturina,Como,it Serie A,"MF,FW",1569,MID,0,0.9999999999999964,1.7602497961352548,-0.033937697459174014
Daniel Batz,Mainz 05,de Bundesliga,GK,1890,GK,2,1.0,-1.8923234800194253,-0.06885111994652911
Oliver Baumann,Hoffenheim,de Bundesliga,GK,3060,GK,2,1.0,-1.9774564597562183,2.5191975283250603
Christoph Baumgartner,RB Leipzig,de Bundesliga,MF,2780,MID,0,0.9999999996450661,2.741102002171174,-0.11952394224480652
Altay Bayındır,Manchester Utd,eng Premier League,GK,540,GK,2,1.0,-2.100691372987617,11.520723207210667
Vakoun Bayo,Udinese,it Serie A,FW,453,FWD,0,1.0,3.3426132204303216,0.0047244949024840555
Adrian Beck,Heidenheim,de Bundesliga,MF,868,MID,0,0.683899948335568,0.05220497313780474,-0.14477963028870738
Sheraldo Becker,Mainz 05,de Bundesliga,FW,946,FWD,0,1.0,4.485741900070644,0.2207596662536871
Hannes Behrens,Heidenheim,de Bundesliga,"DF,MF",1318,DEF,0,0.9999999698498443,-0.7006533909807228,-0.1565128161826706
Maximilian Beier,Dortmund,de Bundesliga,"MF,FW",2026,MID,0,0.9999999910889574,2.4036614985469567,0.03633907147384728
Reda Belahyane,Lazio,it Serie A,MF,609,MID,0,0.9999924357606557,-0.8738435676349703,-0.08109611652712369
Rafik Belghali,Hellas Verona,it Serie A,MF,1920,MID,0,0.5123871860683031,-0.5112655550970533,0.062011542383249026
Haris Belkebla,Angers,fr Ligue 1,MF,2875,MID,1,0.9862617568498149,-1.974382991458214,-0.10259101374907278
Yassin Belkhdim,Angers,fr Ligue 1,MF,2135,MID,1,0.8036085398218759,-0.3742119800076542,-0.258703255932375
Stefan Bell,Mainz 05,de Bundesliga,DF,1039,DEF,1,0.9884153443681777,-0.579152095269404,-0.04711653376391487
Armel Bella Kotchap,Hellas Verona,it Serie A,DF,1347,DEF,1,0.995224035954122,-2.3385564807317714,-0.1835563933199951
Raoul Bellanova,Atalanta,it Serie A,MF,1377,MID,0,0.9999999993232471,-0.6101280554030118,0.05408018945273921
Jean-Ricner Bellegarde,Wolves,eng Premier League,"MF,FW",1248,MID,0,0.9999950682760872,0.5773669960900445,-0.16477007272840177
Héctor Bellerín,Real Betis,es La Liga,DF,1822,DEF,1,0.6761825114805908,-0.9779332957970809,0.06599959295845265
Jobe Bellingham,Dortmund,de Bundesliga,MF,1786,MID,1,0.9821225829996333,-1.8277274449400929,-0.18312829925876956
Jude Bellingham,Real Madrid,es La Liga,MF,1916,MID,0,0.9999999997477129,2.631501815059964,-0.2093404204511156
Jeanuël Belocian,Wolfsburg,de Bundesliga,DF,1254,DEF,1,0.9985560906898958,-2.0867915750287933,-0.12170830993174557
Fran Beltrán,Girona,es La Liga,MF,1012,MID,1,0.9985643073310574,-1.2783117079487232,-0.052624171540362086
Fran Beltrán,Celta Vigo,es La Liga,MF,528,MID,1,0.9980019766763099,-1.598803049490861,-0.10953239709634938
Lucas Beltrán,Valencia,es La Liga,FW,1365,FWD,0,0.9999984234959199,1.7069451964411244,-0.030941835897288435
Adrian Benedyczak,Parma,it Serie A,FW,490,FWD,0,0.9996618596784981,1.1147408773871146,-0.04305815077050448
Yassine Benhattab,Nantes,fr Ligue 1,"MF,FW",477,MID,0,0.9999999521677634,-0.7802998868822214,0.06464756197279922
Ramy Bensebaini,Dortmund,de Bundesliga,DF,1530,DEF,1,0.8654046821436628,0.18229453916807917,-0.08637527448966247
Nabil Bentaleb,Lille,fr Ligue 1,MF,1287,MID,1,0.5230296430100296,-0.13088179305448083,-0.05895939310242299
Rodrigo Bentancur,Tottenham Hotspur,eng Premier League,MF,1883,MID,1,0.9961796167389867,-2.1396313881075915,-0.20876176611075564
Lucas Beraldo,Paris Saint-Germain,fr Ligue 1,"DF,MF",1567,DEF,1,0.9991012838013931,-1.357026413818336,-0.02859725864292565
Domenico Berardi,Sassuolo,it Serie A,FW,1958,FWD,0,0.9999998698731818,2.5526367324527914,-0.0671405802714582
Yuri Berchiche,Athletic Club,es La Liga,DF,2705,DEF,0,0.981460134620227,-0.8555936109953658,-0.10473143809106712
Álex Berenguer,Athletic Club,es La Liga,MF,2154,MID,0,1.0,1.7019294020234372,-0.1022699946283792
Sander Berge,Fulham,eng Premier League,MF,2905,MID,1,0.9990008837402374,-1.851898537386803,-0.047067768718808856
Lucas Bergström,Mallorca,es La Liga,GK,450,GK,2,1.0,-1.9929838314125894,-1.4542789094994124
Lucas Bergvall,Tottenham Hotspur,eng Premier League,MF,965,MID,0,0.9999999892862785,0.826567824420375,-0.14329625734836116
Medon Berisha,Lecce,it Serie A,MF,871,MID,0,1.0,1.7314886262683715,-0.14434884189993202
Adrian Bernabe,Parma,it Serie A,MF,2470,MID,0,0.999998007706044,0.4251498011334093,-0.010814419995696494
Marc Bernal,Barcelona,es La Liga,MF,790,MID,1,0.8666059401579976,-0.8565319400452585,-0.3398625618411201
Federico Bernardeschi,Bologna,it Serie A,"MF,FW",1217,MID,0,0.9999999983838315,2.342067551973676,0.10937109121823511
Bernardo,Hoffenheim,de Bundesliga,DF,2312,DEF,1,0.9849700025713009,-2.304580221635354,-0.24752774881830358
Lorenzo Bernasconi,Atalanta,it Serie A,MF,1572,MID,0,1.0,-1.0119959376562253,-0.045088069662703525
Antoine Bernede,Hellas Verona,it Serie A,MF,2301,MID,1,0.7619985435467487,-0.9323364286697177,-0.1973933603313192
Nicolò Bertola,Udinese,it Serie A,"DF,MF",1763,DEF,1,0.9994809405672622,-1.6512050963608171,-0.0661848057523961
Jan-Niklas Beste,Freiburg,de Bundesliga,MF,1704,MID,0,0.9999999999903064,0.8829154126013802,-0.170696698635317
Beto,Everton,eng Premier League,FW,1568,FWD,0,0.9999999999999591,3.206658248082505,0.22277205999007912
Sam Beukema,Napoli,it Serie A,DF,1681,DEF,1,0.9971293541999771,-1.429476896170328,0.0526742874824005
Matteo Bianchetti,Cremonese,it Serie A,DF,2192,DEF,1,0.997708819937925,-1.8164858570089548,-0.06197816154994287
Mika Biereth,Monaco,fr Ligue 1,FW,1074,FWD,0,0.9999999885925046,2.0479618254255003,0.14695916475457751
Pedro Bigas,Elche,es La Liga,DF,2063,DEF,1,0.9898615034811269,-1.4873624759329376,-0.10558636619959666
Justin Bijlow,Genoa,it Serie A,GK,1395,GK,2,1.0,-1.856915819786638,-3.1469973244412732
Jaka Bijol,Leeds United,eng Premier League,DF,1890,DEF,1,0.9962280629152718,-1.2494339084837651,0.04190436932456776
Cristiano Biraghi,Torino,it Serie A,"MF,DF",517,MID,0,1.0,-1.1620283697446379,-0.21461731731472805
Tom Bischof,Bayern Munich,de Bundesliga,"DF,MF",1302,DEF,0,0.9915897969517276,0.6587852028103874,-0.09068006667375274
Yves Bissouma,Tottenham Hotspur,eng Premier League,MF,603,MID,1,0.9988473777022803,-1.6960623396388514,-0.17322945735771011
Leonardo Bittencourt,Werder Bremen,de Bundesliga,MF,615,MID,1,0.7708117343572751,-1.2538821331702636,-0.2026732098874968
Marco Bizot,Aston Villa,eng Premier League,GK,585,GK,2,0.9999981246495081,-1.9378612185174857,0.4838877762650277
Antonio Blanco,Alavés,es La Liga,MF,3110,MID,1,0.9562045410264335,-0.6756814392873701,-0.29160279073884543
Ludovic Blas,Rennes,fr Ligue 1,"MF,FW",1546,MID,0,0.9999999999999964,2.7125867414548703,-0.08829184558945084
Janis Blaswich,Leverkusen,de Bundesliga,GK,931,GK,2,1.0,-1.7009185130163456,-6.89076129207271
Daley Blind,Girona,es La Liga,DF,2606,DEF,1,0.9986680757565269,-2.404552735965624,-0.06533020588839723
Oscar Bobb,Manchester City,eng Premier League,"MF,FW",468,MID,0,0.9960756063778937,-0.7967562733957346,-0.060629961325359215
Oscar Bobb,Fulham,eng Premier League,MF,571,MID,1,0.9376786336879965,-0.8828383048787061,-0.03912438948126005
Sacha Boey,Bayern Munich,de Bundesliga,DF,463,DEF,1,0.99330074796671,-1.2330221388128657,-0.1973086560535423
Jeremie Boga,Nice,fr Ligue 1,"MF,FW",646,MID,0,0.9999999999922231,1.5959308663488978,0.10084216057437041
Jeremie Boga,Juventus,it Serie A,"MF,FW",679,MID,0,1.0,3.5359294725219836,0.2482733298023969
Lamare Bogarde,Aston Villa,eng Premier League,"MF,DF",1053,MID,1,0.951111685659821,-1.6526010005644092,-0.13499566674140298
Jayden Bogle,Leeds United,eng Premier League,"MF,DF",2793,MID,1,0.887554682784233,-0.9347859175669071,-0.141447007652459
Adama Boiro,Athletic Club,es La Liga,DF,815,DEF,0,0.6522163500638198,-2.4427185272574166,-0.2205476588238514
Hugo Bolin,Gladbach,de Bundesliga,"MF,FW",550,MID,0,0.9999999999909246,1.8475017991055593,0.1618657520762918
Federico Bonazzoli,Cremonese,it Serie A,FW,2510,FWD,0,0.9999999999999662,2.8408621413857684,0.07421551585523921
Warren Bondo,Cremonese,it Serie A,MF,1762,MID,1,0.7186640506890777,-1.070807766116152,-0.07404715517257045
Giovanni Bonfanti,Pisa,it Serie A,"DF,MF",494,DEF,1,0.9938503297373901,-1.4073601117253576,-0.18251876369765554
Rahim Bonkano,Oviedo,es La Liga,DF,1713,DEF,0,0.9993054863180882,-1.7532960352315028,-0.06788083203187037
Ange-Yoan Bonny,Inter,it Serie A,FW,1142,FWD,0,0.9999999999999041,3.3021546201519727,0.08877480323374438
Gennaro Borrelli,Cagliari,it Serie A,FW,1275,FWD,0,1.0,3.331031320188541,-0.09999137269104313
Olivier Boscagli,Brighton,eng Premier League,DF,802,DEF,1,0.7808873927829355,-2.201180968939855,-0.2131127028426143
Sven Botman,Newcastle United,eng Premier League,DF,1835,DEF,1,0.9976489231258235,-1.3899407723276804,0.021933548190265183
Ayyoub Bouaddi,Lille,fr Ligue 1,MF,2321,MID,1,0.9985392061374195,-1.584144834366406,-0.18652024641080012
Badredine Bouanani,Stuttgart,de Bundesliga,MF,463,MID,0,0.9999999999835651,1.0223337809057214,0.06968748454856992
Kaïl Boudache,Nice,fr Ligue 1,"MF,FW",531,MID,1,0.9076475443724088,-0.4239099608758058,-0.08845248214758618
Hicham Boudaoui,Nice,fr Ligue 1,MF,1694,MID,0,0.8330004998503043,0.012366601027965983,-0.07654524723320123
Sofiane Boufal,Le Havre,fr Ligue 1,"MF,FW",1019,MID,0,1.0,2.401982497671546,-0.32275642030171425
Jarrod Bowen,West Ham United,eng Premier League,"MF,FW",3403,MID,0,0.9999999999999698,2.1835314217752013,0.026916015146312762
Kieron Bowie,Hellas Verona,it Serie A,FW,1200,FWD,0,0.9999999999847642,2.587534638699768,0.06495638324635243
Lucas Boyé,Alavés,es La Liga,FW,1958,FWD,0,0.9999999999999947,3.4871345582632274,-0.08602584125975753
Enzo Boyomo,Osasuna,es La Liga,DF,2542,DEF,1,0.9951474595262745,-1.6409556471315334,-0.021984786207321128
Rosen Bozhinov,Pisa,it Serie A,DF,610,DEF,1,0.5965794800374261,-1.7685375689424048,-0.11970666406221776
Domagoj Bradarić,Hellas Verona,it Serie A,MF,1966,MID,0,0.9999999629491743,-1.002356564575825,0.05398363599535446
Conor Bradley,Liverpool,eng Premier League,DF,929,DEF,0,0.7411240398783029,-1.0722567554129325,-0.30096791527494293
Julian Brandt,Dortmund,de Bundesliga,"MF,FW",1606,MID,0,0.999999999304606,2.459961533042293,0.2557409348685221
Jarrad Branthwaite,Everton,eng Premier League,DF,680,DEF,1,0.9846663070309833,-1.5122722567308955,0.05801899461385389
Lilian Brassier,Rennes,fr Ligue 1,DF,2250,DEF,1,0.9992206406288957,-1.8802990698853925,-0.05446857654870515
Josip Brekalo,Oviedo,es La Liga,"MF,FW",486,MID,0,0.9999973865368306,-0.03279837505769453,-0.10873437100774945
Gleison Bremer,Juventus,it Serie A,DF,2171,DEF,1,0.9802985700072375,-0.7578582776905869,0.03870219579693162
Marco Brescianini,Fiorentina,it Serie A,MF,862,MID,0,0.948713477770026,-0.09842852233534213,0.14281987065525947
Abel Bretones,Osasuna,es La Liga,"MF,DF",1624,MID,1,0.8823055366268602,-0.9194541858736088,-0.005029413333070954
Sascha Britschgi,Parma,it Serie A,"MF,DF",2095,MID,0,0.7668042338348088,-1.07265376452893,0.05438334366471482
Brian Brobbey,Sunderland,eng Premier League,FW,1927,FWD,0,0.9999999726272705,2.280659150074502,0.2100503665668581
Armando Broja,Burnley,eng Premier League,FW,860,FWD,0,0.9999933494668866,1.6904239031482033,0.12046191856755502
David Brooks,Bournemouth,eng Premier League,MF,1204,MID,0,0.9999999999999929,2.3119568857627657,0.004293317681166042
Nathaniel Brown,Eintracht Frankfurt,de Bundesliga,"MF,DF",2656,MID,1,0.791819056450192,-0.8133848710347649,-0.187952805060744
Brugui,Levante,es La Liga,"MF,FW",1005,MID,0,0.9999252782045461,1.6453369315507962,0.16232079021046109
Jacob Bruun Larsen,Burnley,eng Premier League,"MF,FW",1030,MID,0,0.9999996512233218,-0.1831028805869541,0.2242499017283949
Tajon Buchanan,Villarreal,es La Liga,MF,1819,MID,0,0.9847477311542955,1.0621832511475955,-0.030281670368294898
Ante Budimir,Osasuna,es La Liga,FW,2938,FWD,0,1.0,3.951336178675389,0.20840884180042965
Emi Buendía,Aston Villa,eng Premier League,MF,1755,MID,0,0.9999987851763865,1.8034683605192086,-0.1999978074089116
Hugo Bueno,Wolves,eng Premier League,"MF,DF",2366,MID,0,0.9999999999847038,-1.0639793013850136,-0.19182932572946143
Santiago Bueno,Wolves,eng Premier League,DF,2553,DEF,1,0.9990741744678142,-1.425390445668274,-0.004513823677419901
Adam Buksa,Udinese,it Serie A,FW,922,FWD,0,0.9999775491155691,1.1843632506623267,-0.010900249791148835
Andrija Bulatović,Lens,fr Ligue 1,MF,762,MID,0,1.0,1.1379002863199674,-0.627017613117313
Marius Bülter,Köln,de Bundesliga,"FW,MF",1597,FWD,0,0.9999999999961409,2.746537410216774,0.10259801465523029
Alessandro Buongiorno,Napoli,it Serie A,DF,2521,DEF,1,0.9973438746552388,-1.7642860742669564,-0.1425690055314751
Livan Burcu,Union Berlin,de Bundesliga,"MF,FW",651,MID,0,0.9999870277739433,1.1228896342005716,0.0042349770897026845
Wouter Burger,Hoffenheim,de Bundesliga,MF,2430,MID,0,0.9999485932496136,0.2355858888023801,-0.23158281594406732
Jonathan Burkardt,Eintracht Frankfurt,de Bundesliga,FW,1336,FWD,0,1.0,4.2051669330568116,0.3318804145282021
Oliver Burke,Union Berlin,de Bundesliga,"FW,MF",1664,FWD,0,0.999999433929894,1.8319333809558438,0.2559781567488739
Dan Burn,Newcastle United,eng Premier League,DF,2199,DEF,1,0.99388005899776,-1.2851550623933086,-0.062446767189085685
Marnon Busch,Heidenheim,de Bundesliga,"DF,MF",1915,DEF,0,0.9997549957073183,-1.3560770752317335,-0.17086397508298087
Jean Butez,Como,it Serie A,GK,3420,GK,2,1.0,-1.6421288670047351,-11.082308255180328
Rémy Cabella,Nantes,fr Ligue 1,"MF,FW",662,MID,0,0.9999999949899454,1.2101078662745413,-0.05728373591712389
Leandro Cabrera,Espanyol,es La Liga,DF,3330,DEF,1,0.9870268136391468,-0.9338421963286261,0.10910718865100086
Anthony Caci,Mainz 05,de Bundesliga,MF,519,MID,0,0.9999999999999982,-0.9256733756586345,-0.23915850590361715
Noah Cadiou,Lorient,fr Ligue 1,MF,1879,MID,1,0.9969294921423068,-0.7873409698218372,-0.018614062990887435
Moisés Caicedo,Chelsea,eng Premier League,MF,2795,MID,1,0.8256108069139793,-1.2767527646694519,-0.3374933569153036
Tom Cairney,Fulham,eng Premier League,MF,775,MID,0,0.71449854289089,0.2839798000858135,0.10103616341796691
Arturo Calabresi,Pisa,it Serie A,DF,1514,DEF,1,0.99180602359525,-1.4620189770580037,-0.15454269483891944
Riccardo Calafiori,Arsenal,eng Premier League,DF,1699,DEF,1,0.8889777889450464,0.02095911234437582,-0.02314968990112882
Calebe,Alavés,es La Liga,MF,752,MID,0,0.8903276902438607,-1.1327279197645477,-0.3562239213442966
Fernando Calero,Espanyol,es La Liga,DF,2148,DEF,1,0.9983658913515565,-2.254550342150974,0.02565101622688037
Duje Ćaleta-Car,Real Sociedad,es La Liga,DF,2150,DEF,1,0.9978085374829186,-1.7560398199833067,0.011405181363952993
Hakan Çalhanoğlu,Inter,it Serie A,MF,1639,MID,0,0.999999999997847,2.43495589144913,-0.11312037960298212
Dominic Calvert-Lewin,Leeds United,eng Premier League,FW,2721,FWD,0,1.0,3.7485442657459562,0.2629885325178049
Dani Calvo,Oviedo,es La Liga,DF,1611,DEF,1,0.9930960889021688,-2.0629128452754584,0.11257804102836343
Adama Camara,Paris FC,fr Ligue 1,"MF,DF",2159,MID,1,0.9989550839676321,-1.851599214933548,-0.1504845148744561
Lamine Camara,Monaco,fr Ligue 1,MF,1847,MID,0,0.9999999999946585,-0.1908055197455679,-0.44247242178164703
Mahdi Camara,Rennes,fr Ligue 1,MF,2653,MID,1,0.9967196242049275,-0.5310028554764019,-0.06999971596301237
Ousmane Camara,Angers,fr Ligue 1,DF,2718,DEF,1,0.9987157070919329,-2.0026978959823114,0.02067785412513703
Francesco Camarda,Lecce,it Serie A,FW,687,FWD,0,0.999849834570793,0.7645011672382113,0.22610027586659795
Eduardo Camavinga,Real Madrid,es La Liga,MF,1528,MID,1,0.5383818080476621,-1.0582444551453385,-0.33100240909042106
Nicolò Cambiaghi,Bologna,it Serie A,"MF,FW",1518,MID,0,1.0,2.152598724188675,-0.3078049150122376
Andrea Cambiaso,Juventus,it Serie A,"MF,DF",2769,MID,0,0.9998702660892578,-0.34407142725003725,-0.08287597191417047
Sergio Camello,Rayo Vallecano,es La Liga,"FW,MF",823,FWD,0,0.9999999999999964,3.650103444816813,0.1265574831255239
Emre Can,Dortmund,de Bundesliga,DF,621,DEF,0,0.9697535597109406,-0.18777466595252043,-0.18882522205530736
Matteo Cancellieri,Lazio,it Serie A,FW,1725,FWD,0,0.9999999999128093,1.8790906391235578,-0.343337255389767
João Cancelo,Barcelona,es La Liga,DF,954,DEF,0,0.9997274621054246,0.4727172356436587,-0.21688688056960892
Fali Candé,Sassuolo,it Serie A,DF,509,DEF,1,0.9809759169511242,-1.544118144776399,-0.11951955343433379
Simone Canestrelli,Pisa,it Serie A,DF,3201,DEF,1,0.9988082727337425,-1.6953951711877437,0.015600413261983593
Jaydee Canvot,Crystal Palace,eng Premier League,DF,1336,DEF,1,0.9990683051217584,-2.092037210557604,-0.052022330925533475
Nicolás Capaldo,Hamburger SV,de Bundesliga,"DF,MF",2001,DEF,0,0.9261920613887384,-0.8272335456534406,-0.391620273236501
Pierrick Capelle,Angers,fr Ligue 1,MF,651,MID,0,0.9314869530721986,-0.6380095921410016,-0.3426029321925596
Elia Caprile,Cagliari,it Serie A,GK,3420,GK,2,1.0,-1.8880537176218029,0.8794078870425348
Maxence Caqueret,Como,it Serie A,MF,1485,MID,0,0.9999999998381188,0.4205917646738454,-0.23176701131197397
Antonio Caracciolo,Pisa,it Serie A,DF,3073,DEF,1,0.9968201258068874,-1.9542697909651763,-0.14658444650687
Sergi Cardona,Villarreal,es La Liga,DF,1970,DEF,0,0.9986275480767624,-1.0116390649110913,-0.3007474813394645
Johnny Cardoso,Atlético Madrid,es La Liga,MF,887,MID,0,0.864030183284043,-2.2117648180448395,-0.44986242022578393
Igor Carioca,Lorient,fr Ligue 1,DF,1213,DEF,1,0.9793312274438403,-1.4355459650932052,-0.09423595506569081
Diego Carlos,Como,it Serie A,DF,1949,DEF,1,0.9689175036858689,-1.6413266353422489,-0.05275518461752803
Kevin Carlos,Nice,fr Ligue 1,FW,880,FWD,0,0.9999999999966231,1.8719278412104914,0.03516672074742963
David Carmo,Oviedo,es La Liga,DF,1786,DEF,1,0.9986668334952932,-1.884577504286285,0.009661423837900413
Carmona,Sevilla,es La Liga,"DF,MF",2565,DEF,1,0.9250783236679448,-1.135503316039477,-0.30890391181731175
Marco Carnesecchi,Atalanta,it Serie A,GK,3330,GK,2,1.0,-1.7388483943984894,-6.4442642007540645
Sergio Carreira,Celta Vigo,es La Liga,MF,2694,MID,1,0.988504615766389,-1.0642562741985973,0.04947403089471559
Álvaro Carreras,Real Madrid,es La Liga,DF,2332,DEF,1,0.9837493593482911,-1.12237932527528,-0.0687592661360255
Dani Carvajal,Real Madrid,es La Liga,DF,977,DEF,1,0.9616751259195988,-1.491385075484405,0.014116617022359473
Cesare Casadei,Torino,it Serie A,MF,1997,MID,0,0.9999166728462718,0.9440025786499334,0.009905617581555674
Marc Casado,Barcelona,es La Liga,MF,989,MID,0,0.8923870460176453,-0.6552526429744663,-0.14801472989786876
Nicolò Casale,Bologna,it Serie A,DF,678,DEF,1,0.9500360884913345,-1.4969058844521115,-0.007452672915467227
Casemiro,Manchester Utd,eng Premier League,MF,2571,MID,0,0.8453796710974454,0.828370850822192,-0.17020900745690185
Matty Cash,Aston Villa,eng Premier League,DF,3014,DEF,0,0.9909586434907192,-0.32146660347715894,-0.07695086329660959
Josué Casimir,Auxerre,fr Ligue 1,"MF,FW",1522,MID,0,0.995124291837982,0.6347662985040845,-0.15889229383963444
Cristian Cásseres Jr.,Toulouse,fr Ligue 1,MF,2585,MID,0,0.9780593035615078,-0.7752824683607532,-0.2804407611233659
Timothy Castagne,Fulham,eng Premier League,"DF,MF",1845,DEF,1,0.9870253777165507,-1.681618934345845,-0.10990327096511349
Valentín Castellanos,Lazio,it Serie A,FW,692,FWD,0,1.0,3.9272157047466045,0.06864884431058031
Valentín Castellanos,West Ham United,eng Premier League,FW,1384,FWD,0,1.0,3.705507451151787,0.1000245459603755
Castrin,Sevilla,es La Liga,DF,1277,DEF,1,0.9983968696876901,-1.585498545979552,-0.09077482917220193
Jonny Castro,Alavés,es La Liga,DF,2994,DEF,1,0.9993240630805583,-2.0171211287873794,-0.11668736017366592
Santiago Castro,Bologna,it Serie A,FW,2359,FWD,0,0.999999981489401,2.5315718852904476,0.176414586089856
Alessio Castro-Montes,Köln,de Bundesliga,"MF,DF",672,MID,0,1.0,0.8462290348711372,-0.45057285669141567
Danilo Cataldi,Lazio,it Serie A,MF,1985,MID,1,0.7398697858603495,-0.513881050723297,-0.04977104727419186
Catena,Osasuna,es La Liga,DF,3071,DEF,1,0.997125157467496,-1.3106869069386013,-0.009718119832036522
Santi Cazorla,Oviedo,es La Liga,MF,940,MID,0,1.0,-0.5424997524958147,-0.08637069823224422
Dani Ceballos,Real Madrid,es La Liga,MF,486,MID,0,0.9938652796422026,-1.5943690858725508,-0.3143147795325125
Federico Ceccherini,Cremonese,it Serie A,DF,476,DEF,0,0.931348483708376,-0.32703204703051103,-0.13846557845763874
Nidal Celik,Lens,fr Ligue 1,DF,616,DEF,1,0.9285890508798659,-2.291209469362433,-0.20474835177360987
Zeki Çelik,Roma,it Serie A,"MF,DF",2723,MID,1,0.9036856635196628,-1.1886326226966093,-0.1014310825903425
Fabien Centonze,Nantes,fr Ligue 1,"MF,DF",736,MID,0,0.9999903695166379,-0.7744813852006384,-0.47536741420747297
Julian Chabot,Stuttgart,de Bundesliga,DF,2294,DEF,1,0.9934235286750558,-1.4499174294178245,-0.13694951974201694
El Chadaille Bitshiabu,RB Leipzig,de Bundesliga,DF,655,DEF,1,0.9928795290397369,-2.3506018252411662,0.10148393569255881
Fares Chaïbi,Eintracht Frankfurt,de Bundesliga,MF,1792,MID,0,1.0,1.3783976057229148,-0.09640899016289099
Ilyas Chaira,Oviedo,es La Liga,"MF,FW",2447,MID,0,0.9999999999998312,3.4686382200473327,-0.04785798299779634
Trevoh Chalobah,Chelsea,eng Premier League,DF,2783,DEF,1,0.9981326357496324,-1.6146481598995066,0.048926117886551664
Brendan Chardonnet,Brest,fr Ligue 1,DF,2546,DEF,1,0.9968420703406976,-1.4579744208203689,-0.008695318052780225
Pep Chavarría,Rayo Vallecano,es La Liga,DF,2682,DEF,1,0.531672571739343,-1.1149939425571738,-0.13034661588885796
Arthur Chaves,Augsburg,de Bundesliga,DF,829,DEF,1,0.9977548590678598,-1.2344162353566819,-0.04236861786086608
Walid Cheddira,Lecce,it Serie A,FW,1000,FWD,0,0.9999999999999982,3.513488930519481,0.1374190660163848
Chema,Stuttgart,de Bundesliga,MF,1310,MID,1,0.8253217778466089,-1.1936517847159358,-0.17770613049919035
Samir Chergui,Paris FC,fr Ligue 1,DF,1154,DEF,1,0.9979095221770153,-1.1581596374855478,0.0036887730248327997
Sidiki Cherif,Angers,fr Ligue 1,"FW,MF",1157,FWD,0,0.9999999999973266,2.662279266250588,0.22206163962195996
Rayan Cherki,Manchester City,eng Premier League,MF,1786,MID,0,1.0,2.937603995059104,-0.08353872398768263
Lucas Chevalier,Paris Saint-Germain,fr Ligue 1,GK,1530,GK,2,1.0,-1.8396224374167518,-9.809204794920827
Fabio Chiarodia,Gladbach,de Bundesliga,DF,674,DEF,1,0.9961690418400052,-2.4532735937843704,-0.12760171780822332
Ben Chilwell,Strasbourg,fr Ligue 1,"DF,MF",1598,DEF,1,0.9267451660764927,-1.2053737766296062,-0.08461136895414913
Joris Chotard,Brest,fr Ligue 1,MF,2773,MID,1,0.9974258281357601,-1.6412396381437426,-0.11096053477358633
Ryan Christie,Bournemouth,eng Premier League,MF,993,MID,0,0.9990840913370701,0.7659467826467304,-0.2401743897462239
Carney Chukwuemeka,Dortmund,de Bundesliga,"MF,FW",919,MID,1,0.8760166500800205,-0.271697823845489,-0.06502310933839073
Samuel Chukwueze,Fulham,eng Premier League,MF,1079,MID,0,1.0,1.91181750529275,0.12305139640012344
Víctor Chust,Elche,es La Liga,DF,2166,DEF,1,0.990465688938425,-1.6790133652132528,-0.1350821877084739
Alessandro Circati,Parma,it Serie A,DF,2664,DEF,1,0.9989961522096543,-1.9501835317181317,0.012789629067996465
Pathé Ciss,Rayo Vallecano,es La Liga,"MF,DF",1998,MID,1,0.996344154711131,-1.3192622620261272,-0.20251780493391094
Djaoui Cissé,Rennes,fr Ligue 1,MF,981,MID,0,0.9552353124046469,-0.1374378161183747,-0.21612138850563212
Alexis Claude-Maurice,Augsburg,de Bundesliga,"MF,FW",2097,MID,0,0.9999999999827747,2.464357282452419,-0.031256448211403505
Jonathan Clauss,Nice,fr Ligue 1,"MF,DF",2530,MID,0,1.0,-0.941791058152841,-0.30518576497711053
Nathaniel Clyne,Crystal Palace,eng Premier League,"MF,DF",594,MID,0,0.9189651620842735,-1.8816075951555993,-0.09855147855531364
Saúl Coco,Torino,it Serie A,DF,3088,DEF,1,0.9992905283419776,-1.6855744613948123,-0.09941107375207696
Maxime Colin,Metz,fr Ligue 1,DF,1692,DEF,1,0.9969018249205653,-2.4346718246949055,-0.10029971013909295
Nathan Collins,Brentford,eng Premier League,DF,2975,DEF,1,0.9945797543273786,-1.4900973531925905,0.10523120303918565
Nnamdi Collins,Eintracht Frankfurt,de Bundesliga,DF,1500,DEF,1,0.9458507001667292,-1.944712023311523,-0.3490461224125836
Santiago Colombatto,Oviedo,es La Liga,MF,2064,MID,0,0.8875874116153228,-0.7058097160172692,-0.1676694877497561
Lorenzo Colombo,Genoa,it Serie A,FW,2326,FWD,0,0.9999999982546672,2.4926080475638543,0.1014419262081479
Eray Cömert,Valencia,es La Liga,DF,1337,DEF,1,0.997302612564167,-1.2717437807156364,-0.02719397328756183
Santi Comesaña,Villarreal,es La Liga,MF,2407,MID,0,0.8025094883352026,-0.3427257552637725,-0.1395726874029262
Pietro Comuzzo,Fiorentina,it Serie A,DF,1696,DEF,1,0.998192860495524,-1.9498401957125753,-0.036178954329113736
Francisco Conceição,Juventus,it Serie A,"MF,FW",2078,MID,0,0.9999999999998987,2.5493999528796913,-0.09914999332024331
Sirlord Conteh,Heidenheim,de Bundesliga,"MF,FW",625,MID,0,0.999999999999801,2.3718937827015902,0.03391543462582571
Lewis Cook,Bournemouth,eng Premier League,"MF,DF",874,MID,0,0.9999993867967621,-2.454191092018446,-0.36340882924784357
Copete,Valencia,es La Liga,DF,1759,DEF,1,0.9990802940967584,-1.90922455111856,-0.02020392951087238
Diego Coppola,Paris FC,fr Ligue 1,DF,1170,DEF,1,0.5953131352587439,-1.4131670002489993,0.13542665517460922
Francesco Coppola,Pisa,it Serie A,DF,458,DEF,1,0.9961034113155826,-1.6630422237912197,-0.10600085422096109
Francis Coquelin,Nantes,fr Ligue 1,MF,655,MID,1,0.5284782293129828,-1.0801623987262958,-0.2460730303865418
Félix Correia,Lille,fr Ligue 1,MF,2053,MID,0,0.9999999201967068,0.6191373092361178,-0.0017634943949940984
Thierry Correia,Valencia,es La Liga,"DF,MF",1392,DEF,0,0.9628263287953983,-0.8745233071669737,-0.2878775534297793
Paco Cortés,Levante,es La Liga,"MF,FW",472,MID,0,0.9999661576482878,1.0092459257011377,0.10760899748200761
Edoardo Corvi,Parma,it Serie A,GK,1530,GK,2,1.0,-1.7588758504062045,-6.437316991013476
Danny da Costa,Mainz 05,de Bundesliga,"DF,MF",2695,DEF,1,0.976410625458728,-1.2584457945046659,-0.01825975071096533
Samu Costa,Mallorca,es La Liga,MF,2697,MID,0,0.9917311222659966,0.9303927511387747,-0.20959967792491974
David Costas,Oviedo,es La Liga,DF,2066,DEF,1,0.9985534058604487,-2.05026369273889,0.013274230107486696
Grégoire Coudert,Brest,fr Ligue 1,GK,2192,GK,2,1.0,-1.9282846620290433,2.9084277825472973
Vladimír Coufal,Hoffenheim,de Bundesliga,"DF,MF",3012,DEF,0,1.0,-0.48255105847873414,-0.21673721400303433
Abdoul Coulibaly,Werder Bremen,de Bundesliga,DF,2120,DEF,1,0.9979551500976519,-1.9618777157456813,0.07085480137523877
Lassana Coulibaly,Lecce,it Serie A,MF,2689,MID,1,0.7464953054400999,-0.3097087989336996,0.014059977789561763
Mamadou Coulibaly,Monaco,fr Ligue 1,MF,1381,MID,0,0.7744481354937418,-0.057664410294770284,-0.2599487534648084
Soumaïla Coulibaly,Brest,fr Ligue 1,DF,1338,DEF,1,0.990065095776317,-1.3203946455278668,-0.07827098545582165
Woyo Coulibaly,Sassuolo,it Serie A,DF,1054,DEF,1,0.9987239013482256,-1.6705327764458577,-0.09443780824125825
Thibaut Courtois,Real Madrid,es La Liga,GK,2880,GK,2,1.0,-1.8225864623715313,-7.709583492465675
Yan Couto,Dortmund,de Bundesliga,MF,997,MID,0,0.9999998919251395,0.32932774865171416,-0.2087022967458329
Nicolas Cozza,Nantes,fr Ligue 1,DF,2391,DEF,1,0.9967159551883622,-1.562356404115389,-0.038672235693568625
Charlie Cresswell,Toulouse,fr Ligue 1,DF,2533,DEF,1,0.9858462059134894,-0.3744943639722335,0.058708297286518184
Bryan Cristante,Roma,it Serie A,MF,3094,MID,1,0.9795470875327325,-1.039687094386915,-0.10510655259807807
Juan Cruz Armada,Osasuna,es La Liga,DF,649,DEF,1,0.94355609007862,-2.040061885571965,0.17191736473274086
Juan Cuadrado,Pisa,it Serie A,MF,506,MID,0,1.0,0.7597870668043664,-0.4076998857645963
Pau Cubarsí,Barcelona,es La Liga,DF,2703,DEF,1,0.9987746247600348,-2.104509553342527,0.02420987956177098
Cucho,Real Betis,es La Liga,FW,2580,FWD,0,0.9999999997884483,3.137149209871172,0.18725468440038814
Marc Cucurella,Chelsea,eng Premier League,DF,2707,DEF,1,0.9491713253473265,-0.8207280746446034,-0.1578155142109339
Jorge Cuenca,Fulham,eng Premier League,DF,938,DEF,1,0.9958766503598315,-2.5088264946288903,-0.04300262879291611
Montrell Culbreath,Leverkusen,de Bundesliga,"MF,DF",736,MID,0,0.987469986875677,-1.0885730263907138,-0.1931740482988935
Josh Cullen,Burnley,eng Premier League,MF,1514,MID,1,0.9914258880166068,-1.0098879646926369,-0.1252525047497781
Jair Cunha,Nottingham Forest,eng Premier League,DF,517,DEF,1,0.89333192827601,-1.7988760286083876,0.09003976395146336
Matheus Cunha,Manchester Utd,eng Premier League,"MF,FW",2494,MID,0,0.9999999999833928,2.781214396326216,0.006671320475895455
Patrick Cutrone,Parma,it Serie A,FW,888,FWD,0,0.9999999992956656,2.148219397887187,0.24812392619811033
Lucas Da Cunha,Como,it Serie A,MF,2739,MID,0,0.9962568776390521,0.318138395347433,-0.0380963787026362
Adam Daghim,Wolfsburg,de Bundesliga,"MF,FW",1364,MID,0,0.9932106149622398,0.9786116214061916,-0.106259422739405
Finn Dahmen,Augsburg,de Bundesliga,GK,3060,GK,2,1.0,-1.9932735017178056,5.999035398189251
Mahmoud Dahoud,Eintracht Frankfurt,de Bundesliga,"MF,FW",716,MID,0,0.9999999984013872,0.6693353994164477,-0.18461257120859348
Thijs Dallinga,Bologna,it Serie A,FW,811,FWD,0,0.9999999998386571,2.4785708911856243,0.056925030155613954
Diogo Dalot,Manchester Utd,eng Premier League,"DF,MF",2614,DEF,1,0.9389657991508981,-1.0147849613953448,-0.028983785597398427
Mikkel Damsgaard,Brentford,eng Premier League,MF,2054,MID,0,0.999998716737843,0.24917384135806434,-0.16326057143045875
Arnaut Danjuma,Valencia,es La Liga,"MF,FW",1628,MID,0,0.9999923607303112,1.6790365804664868,0.10637808256006172
Kévin Danois,Auxerre,fr Ligue 1,MF,2830,MID,0,0.9884160995559425,-1.0283524054627453,-0.20152643129646194
Kevin Danso,Tottenham Hotspur,eng Premier League,DF,1494,DEF,1,0.9994126537219957,-1.889425960543677,-0.09206045212445993
Dante,Nice,fr Ligue 1,DF,849,DEF,1,0.993748772294069,-1.4391462912480228,0.03256947406546771
Sergi Darder,Mallorca,es La Liga,MF,2680,MID,0,0.999999999977474,0.07861125146905008,0.00037594247205112176
Karl Darlow,Leeds United,eng Premier League,GK,1980,GK,2,1.0,-1.8177298764416885,-1.0349781448461741
Jonathan David,Juventus,it Serie A,FW,1781,FWD,0,0.9999999807637627,2.62911731027973,0.10607938069256452
Alphonso Davies,Bayern Munich,de Bundesliga,DF,525,DEF,0,1.0,0.19898015913209716,0.003132971833236814
Davinchi,Getafe,es La Liga,DF,700,DEF,0,0.9999999923835219,-1.4047356429505409,-0.45864901385704987
Keinan Davis,Udinese,it Serie A,FW,2065,FWD,0,0.9999999999999005,3.64164776613279,0.14352198754934448
Kevin De Bruyne,Napoli,it Serie A,MF,1165,MID,0,0.999999999987855,2.153621893363563,0.13762413866985704
Maxim De Cuyper,Brighton,eng Premier League,"DF,MF",1415,DEF,0,0.9999999956423089,0.29296583264795834,-0.06818415101629427
Charles De Ketelaere,Atalanta,it Serie A,"MF,FW",2177,MID,0,0.9999988390196328,1.3369995433605177,0.07273824486448321
Jeffrey De Lange,Marseille,fr Ligue 1,GK,450,GK,2,1.0,-2.323675001614195,11.033250233575346
Théo De Percin,Auxerre,fr Ligue 1,GK,598,GK,2,1.0,-2.012134525102907,2.306072040892679
Lorenzo De Silvestri,Bologna,it Serie A,DF,491,DEF,1,0.9974727303606202,-2.0364254305644724,-0.014426496191710932
Thibault De Smet,Paris FC,fr Ligue 1,DF,1144,DEF,1,0.8928249852905218,-1.4630329639598854,-0.025474187774282616
Koni De Winter,Milan,it Serie A,DF,1800,DEF,1,0.9950056159082501,-1.5404798740818089,0.0014769346476838012
Alessandro Deiola,Cagliari,it Serie A,"MF,DF",1430,MID,1,0.6165372213997301,-0.013235847996256708,-0.06470490851425964
Romain Del Castillo,Brest,fr Ligue 1,"MF,FW",2625,MID,0,0.9999999999999307,0.7825561123566515,-0.1713969552738616
Liam Delap,Chelsea,eng Premier League,FW,1107,FWD,0,0.9999999850777642,2.2405131178251128,0.11716953900281399
Fisayo Dele-Bashiru,Lazio,it Serie A,MF,1187,MID,1,0.9732367148625319,-1.2300775080480308,0.11121245020434462
Enrico Delprato,Parma,it Serie A,"DF,MF",2951,DEF,1,0.9814628111215412,-1.245777045096403,0.14779433337144202
Olivier Deman,Werder Bremen,de Bundesliga,"DF,MF",1254,DEF,0,0.9999995651144133,-0.46187331648488855,-0.2471235616556335
Pape Demba Diop,Toulouse,fr Ligue 1,MF,1271,MID,0,0.9594763582173985,-0.24592561734298657,-0.28724809388211875
Ousmane Dembélé,Paris Saint-Germain,fr Ligue 1,FW,1063,FWD,0,1.0,6.767043075405653,0.3070789069216447
Jessy Deminguet,Metz,fr Ligue 1,MF,1995,MID,1,0.9949347571937099,-0.9007750806416709,-0.07486355117347555
Ermedin Demirović,Stuttgart,de Bundesliga,FW,1497,FWD,0,1.0,4.684808051092819,0.09402095131630558
Rav van den Berg,Köln,de Bundesliga,DF,1131,DEF,1,0.9937158257038291,-2.0949980222539955,0.0471755737050685
Sepp van den Berg,Brentford,eng Premier League,DF,2763,DEF,1,0.9717113185554821,-1.4534414401876254,0.16461956424090515
Branco van den Boomen,Angers,fr Ligue 1,MF,1238,MID,0,0.9999961179454057,-0.5880432696228721,-0.10235447059568027
Leander Dendoncker,Oviedo,es La Liga,MF,1330,MID,1,0.9979899980134073,-1.6200371136172382,-0.04527221312733317
Nelson Deossa,Real Betis,es La Liga,MF,743,MID,0,0.9992799271755519,0.16709954116040837,-0.19812690176699377
Rémy Descamps,Lyon,fr Ligue 1,GK,450,GK,2,1.0,-1.6743182159486187,-17.754049846656287
Justin Devenny,Crystal Palace,eng Premier League,"MF,FW",796,MID,0,0.7679735199471716,0.16892928536067706,0.001078707526391125
Kiernan Dewsbury-Hall,Everton,eng Premier League,MF,2626,MID,0,0.9999986913476527,1.0356105875291124,-0.04063773479714594
Michele Di Gregorio,Juventus,it Serie A,GK,2655,GK,2,1.0,-1.8179221513573403,-8.28497970088456
Giovanni Di Lorenzo,Napoli,it Serie A,"DF,MF",2276,DEF,1,0.9514363817363235,-0.45187681315580036,-0.0009926248914780538
Boulaye Dia,Lazio,it Serie A,"FW,MF",1253,FWD,0,0.9683824365024959,0.4053938056389,0.11371726732115582
Ibrahim Diabaté,Alavés,es La Liga,FW,578,FWD,0,0.9999998739759599,1.8866130289979504,0.27858560202507776
Mouctar Diakhaby,Valencia,es La Liga,DF,543,DEF,1,0.9858288077697043,-0.9581252156273389,-0.056715443570665464
Bafodé Diakité,Bournemouth,eng Premier League,DF,1277,DEF,1,0.9953107749951197,-2.14670090069362,0.07266896450406131
Amad Diallo,Manchester Utd,eng Premier League,MF,2341,MID,0,0.9994661677899708,1.529351930747237,0.028489521588699628
Habib Diallo,Metz,fr Ligue 1,FW,1909,FWD,0,0.9999865538717264,1.5932782360878812,0.20544651330351177
Grady Diangana,Elche,es La Liga,"MF,FW",926,MID,0,0.9906742375403087,0.6625158887384143,0.04282268211745784
Assane Diao,Como,it Serie A,MF,1075,MID,0,0.9999999999994866,2.5944790413375536,0.0047888538955793356
Habib Diarra,Sunderland,eng Premier League,MF,1405,MID,0,0.9997571339635312,1.1345338963350557,0.06580844674188485
Rúben Dias,Manchester City,eng Premier League,DF,2141,DEF,1,0.9904607677262756,-1.6111585727107691,0.15170606021960728
Krépin Diatta,Monaco,fr Ligue 1,"MF,DF",1013,MID,0,0.995239352799877,-1.1884545506992117,-0.16387049051419186
Mory Diaw,Le Havre,fr Ligue 1,GK,2655,GK,2,0.999995716423071,-1.873087152507544,0.5856827104564067
Brahim Díaz,Real Madrid,es La Liga,"MF,FW",1257,MID,0,1.0,1.7292108788527458,-0.06381954345612488
Junior Diaz,Brest,fr Ligue 1,DF,1562,DEF,1,0.997399167773592,-2.3792985875446635,-0.030175832619679627
Luis Díaz,Bayern Munich,de Bundesliga,MF,2447,MID,0,1.0,5.766506323640825,0.07863827113383179
Pedro Díaz,Rayo Vallecano,es La Liga,MF,1870,MID,1,0.8561321527296989,-0.44755952722608133,-0.00810368578368231
Bamba Dieng,Lorient,fr Ligue 1,FW,1212,FWD,0,1.0,5.351440439137176,0.3439030103383659
Eric Dier,Monaco,fr Ligue 1,DF,688,DEF,1,0.9970576064509515,-1.3957349166172746,0.05245335725159153
Lucas Digne,Aston Villa,eng Premier League,DF,1852,DEF,0,1.0,-0.38645804764775105,-0.10895526501476518
Kevin Diks,Gladbach,de Bundesliga,DF,2464,DEF,1,0.9824933190536289,-0.7821242608669842,0.046069893987220244
Federico Dimarco,Inter,it Serie A,MF,2698,MID,0,1.0,2.567509493430321,-0.27997561019302397
Stole Dimitrievski,Valencia,es La Liga,GK,1800,GK,2,0.9999999999999769,-1.9100234528825846,-1.0829045618579345
Junior Dina Ebimbe,Brest,fr Ligue 1,MF,1165,MID,0,0.9998895997210279,1.4939043985611424,-0.01774186372797495
Eren Dinkçi,Heidenheim,de Bundesliga,"MF,FW",1131,MID,0,0.9802051743986134,0.5911302164176844,0.09362743694332848
Sinaly Diomande,Auxerre,fr Ligue 1,DF,2131,DEF,1,0.9980488838750303,-1.2595173298509643,-0.07876638140080386
Yan Diomandé,RB Leipzig,de Bundesliga,"FW,MF",2472,FWD,0,0.9999999998835225,2.5406832329017197,0.08936586723054551
Issa Diop,Fulham,eng Premier League,DF,816,DEF,1,0.9728021303194375,-1.5034366096771934,0.16796438854877513
Sofiane Diop,Nice,fr Ligue 1,"MF,FW",2130,MID,0,0.9999948767636334,2.0195516095666384,0.0814857014775163
Andy Diouf,Inter,it Serie A,MF,493,MID,0,0.784187370168066,0.39837562696306994,0.10761654851391501
El Hadji Malick Diouf,West Ham United,eng Premier League,"DF,MF",2707,DEF,0,0.9995128920154099,-0.9960241698110343,-0.06132367883241144
Yehvann Diouf,Nice,fr Ligue 1,GK,2340,GK,2,1.0,-2.0144587372644853,4.0007706249280615
Axel Disasi,West Ham United,eng Premier League,DF,1254,DEF,1,0.993425146609222,-1.8887707994348044,0.1276165455792602
Matías Dituro,Elche,es La Liga,GK,1980,GK,2,1.0,-1.852295427984057,0.1712476969150796
Djené,Getafe,es La Liga,"DF,MF",2578,DEF,1,0.9992623116780325,-2.187268569175462,-0.08314471147386555
Berat Djimsiti,Atalanta,it Serie A,DF,2525,DEF,1,0.9980924095467115,-2.4023988128790825,-0.04050922984564609
Marko Dmitrović,Espanyol,es La Liga,GK,3330,GK,2,1.0,-1.895759106758398,-0.13669105987523872
Ritsu Doan,Eintracht Frankfurt,de Bundesliga,MF,2364,MID,0,0.9999999734863673,1.0013607850280841,-0.05402255231678723
Dodô,Fiorentina,it Serie A,"DF,MF",3134,DEF,0,0.9999788547015933,-0.8232547629255423,-0.017297303883113183
Danilho Doekhi,Union Berlin,de Bundesliga,DF,3060,DEF,1,0.994994124768872,-1.016494885995987,0.010468410970564956
Matt Doherty,Wolves,eng Premier League,"DF,MF",787,DEF,1,0.9911338498878299,-1.7457231164061993,-0.08875819609482577
Josh Doig,Sassuolo,it Serie A,DF,1917,DEF,1,0.9925214229665145,-1.6730471614831033,-0.032599548205835945
Jeremy Doku,Manchester City,eng Premier League,"MF,FW",1784,MID,0,1.0,2.403996100867573,-0.11533152892675086
Tyrhys Dolan,Espanyol,es La Liga,MF,2415,MID,0,0.9999998625686258,0.6343746999847133,-0.17199168672871468
Benjamín Domínguez,Bologna,it Serie A,MF,547,MID,0,1.0,2.3487164486686147,-0.004606155491673812
Carlos Dominguez,Celta Vigo,es La Liga,DF,610,DEF,1,0.9980109401538118,-2.0796527496757458,0.018911615817559374
Nicolás Domínguez,Nottingham Forest,eng Premier League,MF,1175,MID,1,0.9082139816442248,-0.6447849782666812,-0.19763300721112476
Jean-Luc Dompé,Hamburger SV,de Bundesliga,"FW,MF",1138,FWD,0,1.0,1.8139078110952436,0.23496213712388972
John Donald,Elche,es La Liga,"DF,MF",665,DEF,1,0.6075503800024,-1.0680669502262126,-0.24600246760631636
Gianluigi Donnarumma,Manchester City,eng Premier League,GK,3060,GK,2,1.0,-1.838637792864546,-7.660723155607001
Patrick Dorgu,Manchester Utd,eng Premier League,MF,1449,MID,0,0.9999999999998597,2.0625381447070863,-0.3391055168137143
Niklas Dorsch,Heidenheim,de Bundesliga,MF,2258,MID,1,0.9961548594392319,-1.3866327299868,-0.0930918379500872
Alberto Dossena,Cagliari,it Serie A,DF,859,DEF,1,0.9973817558838665,-1.0877645234843654,-0.09831270812777196
Fodé Doucouré,Le Havre,fr Ligue 1,"MF,FW",1239,MID,0,0.9999999997235154,0.26886787464510437,-0.16450494179649597
Désiré Doué,Paris Saint-Germain,fr Ligue 1,"FW,MF",1348,FWD,0,1.0,3.7294750003099475,-0.19222493691429246
Guela Doué,Strasbourg,fr Ligue 1,"DF,MF",2061,DEF,0,0.999934260659637,-0.6918955922936295,-0.32102160485888637
Ismaël Doukouré,Strasbourg,fr Ligue 1,"DF,MF",2072,DEF,1,0.9950041952604054,-1.6488865754280495,0.04132146171502068
Kamory Doumbia,Brest,fr Ligue 1,MF,1750,MID,0,0.997271997630221,1.169574845272163,-0.1812102202354639
Anastasios Douvikas,Como,it Serie A,FW,2273,FWD,0,0.9999999999999218,3.3720373934711554,0.18625337960726965
Damion Downs,Hamburger SV,de Bundesliga,FW,536,FWD,0,0.9991831495255035,0.12711829306800093,0.23542765708046118
Radu Drăgușin,Tottenham Hotspur,eng Premier League,DF,517,DEF,1,0.698574577272557,-2.726868973007904,-0.22666195426645486
Domingos Duarte,Getafe,es La Liga,DF,2923,DEF,1,0.9983624445672084,-1.5307421839874056,0.046847338505454125
Martin Dúbravka,Burnley,eng Premier League,GK,3150,GK,2,1.0,-2.047351713055878,8.262580696625763
Denzel Dumfries,Inter,it Serie A,MF,1325,MID,0,0.6959418315241959,0.4614266304055317,0.04327357560659577
Lewis Dunk,Brighton,eng Premier League,DF,2838,DEF,1,0.9962282288470728,-1.796225948770517,0.1019237716046486
Maxime Dupé,Nice,fr Ligue 1,GK,720,GK,2,1.0,-2.123119708500477,7.2872855459984445
Pablo Durán,Celta Vigo,es La Liga,"FW,MF",1425,FWD,0,1.0,2.8074399855825236,0.1702220436635954
Hugo Duro,Valencia,es La Liga,FW,1979,FWD,0,0.999999426158728,1.8221299857579876,0.2082829342747406
Paulo Dybala,Roma,it Serie A,"MF,FW",1354,MID,0,1.0,3.7113501898888055,-0.03657521916912548
Adam Dźwigała,St Pauli,de Bundesliga,DF,1288,DEF,1,0.98616601728827,-2.216910386363086,-0.28985296678653677
Aron Dønnum,Toulouse,fr Ligue 1,MF,2419,MID,0,0.9999999139932766,0.4846870636451281,-0.2245772758062188
Simon Ebonog,Le Havre,fr Ligue 1,MF,1759,MID,1,0.9861370935302851,-0.952937558923944,-0.168316681034065
Enzo Ebosse,Torino,it Serie A,DF,1115,DEF,1,0.9866634239812747,-1.744997686479781,0.023247324486372716
Claudio Echeverri,Girona,es La Liga,"FW,MF",624,FWD,0,0.9999999991736477,2.4772280879936144,0.016133699500291566
Éderson,Atalanta,it Serie A,MF,2230,MID,1,0.9732494564706026,-0.36537246295431,-0.1754465018567132
Andrias Edmundsson,Hellas Verona,it Serie A,DF,1319,DEF,1,0.9936877924900336,-2.693108030053002,-0.17913923608372714
Odsonne Édouard,Lens,fr Ligue 1,FW,1796,FWD,0,1.0,4.535127033811654,0.30420401883240883
Marcus Edwards,Burnley,eng Premier League,"MF,FW",1067,MID,0,0.9999999876328065,1.0307098018473755,0.10656982283934265
CJ Egan-Riley,Marseille,fr Ligue 1,"DF,MF",624,DEF,1,0.9891184524572272,-1.9738833543448981,0.08519837249453606
Maximilian Eggestein,Freiburg,de Bundesliga,MF,3060,MID,1,0.9944643511693142,-0.9073813615771018,0.046986857777674126
Kingsley Ehizibue,Udinese,it Serie A,"MF,DF",1811,MID,1,0.9768738982531888,-1.0662547366122417,-0.16639162496780252
Chidera Ejuke,Sevilla,es La Liga,"MF,FW",932,MID,0,0.9989859173045289,0.37265589486839895,-0.041204568117635336
Hjalmar Ekdal,Burnley,eng Premier League,DF,1539,DEF,1,0.9944990699729958,-1.972415704314763,0.10436376835852788
Jeff Ekhator,Genoa,it Serie A,"FW,MF",956,FWD,0,0.9999999999988187,2.4209703566870537,0.06188195950145399
Hugo Ekitike,Liverpool,eng Premier League,FW,1803,FWD,0,0.9999999999999982,3.8536028039607557,0.18199669104338725
Jurgen Ekkelenkamp,Udinese,it Serie A,MF,2186,MID,1,0.6971047317472335,0.34469100620233584,-0.0028067041888271633
Jacques Ekomie,Angers,fr Ligue 1,"DF,MF",2239,DEF,1,0.912316349943351,-1.3441521457469154,-0.1758753102828142
Caleb Ekuban,Genoa,it Serie A,"FW,MF",994,FWD,0,0.9999999999991331,3.378655534735707,0.12190196003499155
Anthony Elanga,Newcastle United,eng Premier League,"FW,MF",1319,FWD,0,0.9999999999996891,0.050109339654228036,0.018213614817244744
Daniel Elfadli,Hamburger SV,de Bundesliga,DF,1253,DEF,1,0.9985951237187007,-2.0449163516892193,-0.14373623558345572
Unai Elgezabal,Levante,es La Liga,"DF,MF",958,DEF,1,0.9531154919249344,-1.3458429314887785,0.16374992894551912
Mikael Ellertsson,Genoa,it Serie A,MF,2767,MID,1,0.9582818066503878,-0.8261894531765719,0.03128011988415622
Elif Elmas,Napoli,it Serie A,"MF,FW",1783,MID,0,0.9850842888205334,0.09643242160274808,0.08265800574822753
Aritz Elustondo,Real Sociedad,es La Liga,DF,720,DEF,1,0.8831800179530567,-1.0232231061502945,-0.23049607325273294
Nico Elvedi,Gladbach,de Bundesliga,DF,2966,DEF,1,0.9982065465446612,-2.224363114036834,-0.0028887039626033627
Breel Embolo,Rennes,fr Ligue 1,FW,1872,FWD,0,0.9999999999999947,3.7094266643372604,-0.02108194706294739
Emersonn,Toulouse,fr Ligue 1,FW,1589,FWD,0,0.9999999997509157,2.7266187953190237,0.06731343044772745
Julio Enciso,Strasbourg,fr Ligue 1,"MF,FW",1883,MID,0,0.9999999999999734,2.759835072791283,0.06697600248544985
Endrick,Lyon,fr Ligue 1,"FW,MF",1215,FWD,0,1.0,5.695500816871676,-0.006251064129440948
Yannik Engelhardt,Gladbach,de Bundesliga,MF,2487,MID,1,0.9975810129809153,-1.121382664757603,-0.11676390327962012
Christian Eriksen,Wolfsburg,de Bundesliga,MF,2410,MID,0,1.0,0.5788280108383358,0.020097642638176573
Aarón Escandell,Oviedo,es La Liga,GK,3240,GK,2,1.0,-1.776132255076727,0.5454348632172161
Carlos Espí,Levante,es La Liga,FW,1343,FWD,0,1.0,5.367708352605281,0.11595527655246754
Alfonso Espino,Rayo Vallecano,es La Liga,"DF,MF",1486,DEF,0,0.999983291482125,0.6290156915417461,-0.2542052664057326
Francesco Esposito,Inter,it Serie A,FW,1571,FWD,0,1.0,3.9816990695846166,0.062029154696266534
Sebastiano Esposito,Cagliari,it Serie A,"FW,MF",2675,FWD,0,0.9999999986954027,1.5283112583270335,-0.18737925050989473
Maxime Estève,Burnley,eng Premier League,DF,2932,DEF,1,0.9965919695646602,-2.3513880997451766,0.05569678545087118
Nahuel Estévez,Parma,it Serie A,MF,1049,MID,0,0.9994901022312239,-0.8962024588663183,-0.020833805287573837
Pervis Estupiñán,Milan,it Serie A,MF,1034,MID,1,0.5500627450122559,-0.42269355468806535,-0.042174502178548984
Karl Etta Eyong,Levante,es La Liga,FW,1416,FWD,0,0.9999999999956461,3.5825233444035165,0.0225916109463053
Evanilson,Bournemouth,eng Premier League,FW,2742,FWD,0,0.9999999999951523,2.4722760769610184,0.2879714647456148
Edu Expósito,Espanyol,es La Liga,MF,2523,MID,0,1.0,0.7010470843570719,-0.22578469550182947
Eberechi Eze,Arsenal,eng Premier League,"MF,FW",1812,MID,0,0.9999999899761214,2.114243246135091,0.10241324943386645
Abde Ezzalzouli,Real Betis,es La Liga,"MF,FW",2247,MID,0,1.0,3.5115410335901625,-0.14258431807493224
Giovanni Fabbian,Bologna,it Serie A,MF,705,MID,0,0.9998263396511803,1.2904807701056447,0.00573073675353932
Giovanni Fabbian,Fiorentina,it Serie A,MF,468,MID,0,0.8798744926953379,-0.15651051296086796,0.10609004244642478
Alieu Fadera,Sassuolo,it Serie A,FW,987,FWD,0,1.0,2.015889835536531,-0.4529979734412581
Wout Faes,Monaco,fr Ligue 1,DF,1141,DEF,1,0.9986975936352571,-2.1590355187855277,-0.01893204459271618
Nicolò Fagioli,Fiorentina,it Serie A,MF,2554,MID,0,0.9982295122408834,-0.35089265232007955,-0.07177306272601094
Romain Faivre,Auxerre,fr Ligue 1,"MF,FW",581,MID,0,0.9999999958618666,0.8164456012321227,-0.031514421321084216
Wladimiro Falcone,Lecce,it Serie A,GK,3420,GK,2,0.9999997126619826,-1.9077419134862006,-0.4342848861075755
Ansu Fati,Monaco,fr Ligue 1,"MF,FW",1093,MID,0,1.0,4.999085872753663,0.3095380636776492
Abdoulaye Faye,Lorient,fr Ligue 1,DF,1444,DEF,1,0.994138332375912,-2.1615032425695833,-0.26800529756942904
Jacopo Fazzini,Fiorentina,it Serie A,"MF,FW",584,MID,0,0.9858373222683385,-0.5272607158816999,-0.2780314569487313
Aleix Febas,Elche,es La Liga,MF,3160,MID,0,0.999997184373595,-0.3710608726254752,-0.17370974967136477
Luiz Felipe,Rayo Vallecano,es La Liga,DF,470,DEF,1,0.9984405025362499,-2.2582256236844134,-0.12096020587757082
Robin Fellhauer,Augsburg,de Bundesliga,MF,2799,MID,0,0.8423681277211054,-0.4457791121772352,-0.0784867355153277
Kiko Femenía,Getafe,es La Liga,"DF,MF",2008,DEF,1,0.989068707485882,-1.6768817923451373,-0.12122665197839884
Evan Ferguson,Roma,it Serie A,FW,773,FWD,0,1.0,4.11285793204879,0.18869260199454715
Lewis Ferguson,Bologna,it Serie A,MF,1601,MID,1,0.9361769345451384,-0.6472307723071412,-0.10106076134886394
Bruno Fernandes,Manchester Utd,eng Premier League,MF,3063,MID,0,1.0,2.7616975805761874,-0.11200942067869267
Mateus Fernandes,West Ham United,eng Premier League,MF,3016,MID,1,0.6894172733043034,-0.8790614958230554,-0.3037226888407332
Dro Fernández,Paris Saint-Germain,fr Ligue 1,MF,682,MID,1,0.9452941220430103,-0.5318565956957066,-0.027943168823542475
Enzo Fernández,Chelsea,eng Premier League,MF,3115,MID,0,0.9999831254376421,1.5778749344240486,0.03514885212913079
Ezequiél Fernández,Leverkusen,de Bundesliga,MF,984,MID,1,0.6983248303156984,-0.9934374583207074,-0.261661205731012
Manu Fernández,Celta Vigo,es La Liga,DF,758,DEF,1,0.9989974998167989,-2.0616094029245087,-0.018076413856810823
Roberto Férnandez,Espanyol,es La Liga,FW,2382,FWD,0,0.999999845632224,2.417991117905132,0.14470516986507923
Thiago Fernández,Oviedo,es La Liga,"MF,FW",817,MID,0,1.0,1.0715019817314964,-0.032392589082168556
Matias Fernandez-Pardo,Lille,fr Ligue 1,"FW,MF",2370,FWD,0,0.9999999999986837,3.29462664226215,0.17033016947214477
Álvaro Fidalgo,Real Betis,es La Liga,MF,542,MID,1,0.9123085945981905,-0.6458849865978361,0.11327623596088651
Max Finkgräfe,RB Leipzig,de Bundesliga,DF,504,DEF,0,1.0,-0.7659684435188798,-0.3308816797137148
Junior Firpo,Real Betis,es La Liga,DF,827,DEF,1,0.8917393891417882,-1.526386813027152,-0.19400582995430335
Jonathan Fischer,Metz,fr Ligue 1,GK,2354,GK,2,1.0,-2.1079130651913633,8.137580048731005
Kilian Fischer,Wolfsburg,de Bundesliga,DF,800,DEF,1,0.9931752260231866,-2.4006400304994897,-0.17478517599392523
Mark Flekken,Leverkusen,de Bundesliga,GK,2129,GK,2,1.0,-1.936317802781736,1.9829308370485401
Zian Flemming,Burnley,eng Premier League,FW,1768,FWD,0,0.9999999999999929,3.082802411783769,0.04198993750250636
Romano Floriani,Cremonese,it Serie A,MF,1168,MID,0,0.7125963930405463,-1.1642389150696264,-0.057277724259937095
Phil Foden,Manchester City,eng Premier League,MF,2086,MID,0,0.9999999999999982,2.248742807470051,0.022922760413788115
Malick Fofana,Lyon,fr Ligue 1,"MF,FW",749,MID,0,0.9999999999992308,2.983320399208032,-0.011171458565670438
Rayan Fofana,Lens,fr Ligue 1,"FW,MF",798,FWD,0,1.0,5.8020125657033095,0.09235958817283672
Seko Fofana,Rennes,fr Ligue 1,MF,655,MID,0,0.9973873863472916,-0.036689180149737634,0.1782969693762748
Wesley Fofana,Chelsea,eng Premier League,DF,1722,DEF,1,0.996799055094828,-2.0278560623018818,-0.14417513154581663
Youssouf Fofana,Milan,it Serie A,MF,2203,MID,1,0.7232802860651159,0.1672909142238182,0.055122915527570905
Jonas Föhrenbach,Heidenheim,de Bundesliga,"DF,MF",2325,DEF,1,0.6052276438248458,-1.9057840281985652,-0.08419912994880112
Francesco Folino,Cremonese,it Serie A,DF,722,DEF,1,0.8979537159925547,-0.9373067590946986,0.10290329503131075
Michael Folorunsho,Cagliari,it Serie A,"MF,FW",1999,MID,0,0.999940364066349,1.2127095456591614,0.040484088643470695
Nicolas Fonseca,Oviedo,es La Liga,MF,1018,MID,0,0.8849629808389403,-1.924097364129191,-0.4375082484682403
Pablo Fornals,Real Betis,es La Liga,MF,2848,MID,0,0.999999849718807,1.2225680633148788,-0.05554751464721246
Héctor Fort,Elche,es La Liga,"DF,MF",482,DEF,0,0.999999999998396,2.396108901889557,0.08141661374355309
Niccolò Fortini,Fiorentina,it Serie A,MF,541,MID,0,0.9999999999998934,-0.11632690726645331,-0.22735883387584535
Lyle Foster,Burnley,eng Premier League,"FW,MF",1371,FWD,0,0.9999952055580067,1.3282226313535341,0.09509538743390192
Dimitri Foulquier,Valencia,es La Liga,DF,1150,DEF,1,0.9958813182689944,-1.6318850743997104,0.03649075039809487
Juan Foyth,Villarreal,es La Liga,DF,934,DEF,1,0.9970518991559003,-2.727732809209169,-0.070713655050132
Alejandro Francés,Girona,es La Liga,DF,1116,DEF,0,0.9587037630745541,-0.37432159456329145,-0.21827415185953367
Przemysław Frankowski,Rennes,fr Ligue 1,"MF,DF",1210,MID,0,0.9999999999999201,-0.6594366472248296,-0.2322324180896165
Davide Frattesi,Inter,it Serie A,MF,569,MID,0,0.9655511671193107,0.9024669256099765,-0.034737751700950524
Morten Frendrup,Genoa,it Serie A,MF,3081,MID,1,0.9952835695367874,-2.1511594165361294,-0.2562081896135376
Martin Frese,Hellas Verona,it Serie A,"MF,DF",2408,MID,0,0.6900002003795284,-0.9549950652495803,-0.29254738188652957
Remo Freuler,Bologna,it Serie A,MF,2213,MID,1,0.9970690149332415,-1.6273928181181874,-0.06271798543707943
Marco Friedl,Werder Bremen,de Bundesliga,DF,2546,DEF,1,0.9986158305395308,-2.0923731266829257,0.010929305462548439
Jeremie Frimpong,Liverpool,eng Premier League,"DF,MF",1040,DEF,0,0.9999999257503173,-0.04498899735055601,-0.017221859921043664
Jorge de Frutos,Rayo Vallecano,es La Liga,"FW,MF",2463,FWD,0,0.9999999992911572,2.8741699796050537,0.1275062403160574
Chris Führich,Stuttgart,de Bundesliga,MF,1698,MID,0,1.0,3.196050616545611,0.19142715008177302
Joel Fujita,St Pauli,de Bundesliga,MF,2665,MID,1,0.9973330206017451,-1.0095179739989208,-0.1183572203676394
Niclas Füllkrug,Milan,it Serie A,FW,659,FWD,0,1.0,3.3849492915774624,0.28274543781569617
Matteo Gabbia,Milan,it Serie A,DF,2530,DEF,1,0.9754607979025676,-1.609664963974267,0.15609744983025753
Tiago Gabriel,Lecce,it Serie A,DF,3219,DEF,1,0.9986516299113866,-1.7493394377193416,-0.07214217761192518
Gianluca Gaetano,Cagliari,it Serie A,"MF,FW",1912,MID,0,0.9769574773861552,0.2731914872184729,-0.0849913038927607
Roberto Gagliardini,Hellas Verona,it Serie A,MF,2272,MID,1,0.784166547931322,-2.0437167435385573,-0.3881098178981606
Cody Gakpo,Liverpool,eng Premier League,"MF,FW",2737,MID,0,0.9999999999999982,3.352975533121927,0.08388674156959629
Javi Galán,Osasuna,es La Liga,DF,1672,DEF,0,0.9999909422357337,-1.4259309945163257,-0.390084134907448
Iñigo Ruiz de Galarreta,Athletic Club,es La Liga,MF,2206,MID,0,0.7406502370217135,-0.7673484044819873,-0.2888369792182024
Conor Gallagher,Tottenham Hotspur,eng Premier League,MF,1184,MID,1,0.948348408872868,-0.5378832836400131,-0.2432521051641608
Conor Gallagher,Atlético Madrid,es La Liga,MF,679,MID,0,0.9991004751766087,0.6571710058369382,-0.30453862042736496
Antonino Gallo,Lecce,it Serie A,DF,3056,DEF,0,0.9999997735359941,-1.6437203690743718,0.03630977824260439
Idrissa Gana Gueye,Everton,eng Premier League,MF,2093,MID,1,0.9264504318699134,-0.6111938593160072,-0.08086577696302749
Ignatius Ganago,Nantes,fr Ligue 1,FW,929,FWD,0,0.9999835851405755,1.9468386635392199,0.18467783002680416
Omri Gandelman,Lecce,it Serie A,"MF,FW",975,MID,1,0.7472685074520694,-0.28661013601029434,0.13248518861444575
Ismaëlo Ganiou,Lens,fr Ligue 1,DF,2014,DEF,1,0.9984614946241973,-1.250603715231376,-0.1148550051633969
Facundo Garcés,Alavés,es La Liga,DF,793,DEF,1,0.9523248853815749,-0.8480376188299915,0.0076419816148308875
Aleix García,Leverkusen,de Bundesliga,MF,2667,MID,0,0.9999999999975948,-0.2492687027734328,0.03220071556257937
Álvaro García,Rayo Vallecano,es La Liga,"MF,FW",2101,MID,0,0.9999999999914042,2.0333264942549563,0.08215447688181643
Eric García,Barcelona,es La Liga,"DF,MF",2721,DEF,1,0.9985572214019901,-1.7374386910565476,-0.19636777931406654
Fran Garcia,Real Madrid,es La Liga,"DF,MF",929,DEF,0,0.9592817695899236,-0.628544812537014,-0.040839877939148735
Gonzalo García,Real Madrid,es La Liga,FW,964,FWD,0,0.9999999826461236,2.0575541470680396,0.21958174354170873
Joan García,Barcelona,es La Liga,GK,2700,GK,2,1.0,-1.735457858683642,-12.0161409381189
Rubén García,Osasuna,es La Liga,"MF,FW",2229,MID,0,0.9999999999999734,0.31697406878008666,-0.20953164104164398
Ulisses Garcia,Sassuolo,it Serie A,DF,943,DEF,0,0.9996718083804965,-1.0399647626829465,-0.04153309109500897
Víctor García,Levante,es La Liga,"MF,FW",1040,MID,0,0.999999999427585,0.9910682751462886,-0.10448784300723256
Alejandro Garnacho,Chelsea,eng Premier League,MF,1268,MID,0,1.0,1.4588629002905396,-0.02345682243411455
James Garner,Everton,eng Premier League,"MF,DF",3413,MID,0,0.9999999999889297,-0.6417590703019094,-0.36262115659846966
Federico Gatti,Juventus,it Serie A,DF,1093,DEF,1,0.981882861943893,-0.5994653118561396,-0.0011608185139950018
Gavi,Barcelona,es La Liga,MF,573,MID,0,0.9920274881906752,-1.0059002057205089,-0.17185695280711397
Paulo Gazzaniga,Girona,es La Liga,GK,3102,GK,2,1.0,-1.8739863907132484,0.6869889778599947
Jean-Philippe Gbamin,Metz,fr Ligue 1,"DF,MF",2485,DEF,1,0.999106166323318,-1.6772126704227026,0.009436857314400793
Yann Gboho,Toulouse,fr Ligue 1,"MF,FW",2691,MID,0,0.9999983228749847,1.4096815925983832,0.09046569924838117
David de Gea,Fiorentina,it Serie A,GK,3330,GK,2,1.0,-1.8595392499477497,-1.3075578425475867
Lutsharel Geertruida,Sunderland,eng Premier League,"DF,MF",1693,DEF,1,0.9991657711946825,-1.9253725600044869,-0.026126915020037157
Yannick Gerhardt,Wolfsburg,de Bundesliga,MF,1068,MID,1,0.9947520727962856,-0.9731441715130372,-0.046134240254768887
Willem Geubbels,Paris FC,fr Ligue 1,FW,1013,FWD,0,1.0,2.9305875067242537,0.2230601345420534
Daniele Ghilardi,Roma,it Serie A,DF,1097,DEF,1,0.978201631380199,-2.1652918276624082,-0.2903384490743196
Dimitris Giannoulis,Augsburg,de Bundesliga,MF,1888,MID,0,0.9999999996128004,-0.2453675947977417,-0.10207098951675644
Morgan Gibbs-White,Nottingham Forest,eng Premier League,MF,3097,MID,0,0.9999999390091984,2.3272373948157563,0.1805742981456052
Bryan Gil,Girona,es La Liga,"MF,FW",1578,MID,0,0.9999988708631447,0.8195461177725584,-0.09801677177773492
Mario Gila,Lazio,it Serie A,DF,2472,DEF,1,0.9989935203082817,-1.962238399597795,-0.03276950661739415
Billy Gilmour,Napoli,it Serie A,MF,805,MID,1,0.9980570297523991,-1.0393610491520866,-0.0366315870635501
Benedikt Gimber,Heidenheim,de Bundesliga,DF,1436,DEF,1,0.9622640082346813,-1.5320996305337682,-0.19768973637113996
Santiago Giménez,Milan,it Serie A,FW,892,FWD,0,0.9999999426688041,2.2799798535028635,0.1773908234751184
Gvidas Gineitis,Torino,it Serie A,MF,1756,MID,0,0.9431763026533988,-0.48086404397949645,-0.33657796005773505
Matthias Ginter,Freiburg,de Bundesliga,DF,2833,DEF,1,0.9462848729111533,-0.9608980671894352,0.14657039991475107
Giovane,Hellas Verona,it Serie A,"FW,MF",1533,FWD,0,0.9999999999999609,3.3553599715333613,0.09562314989189201
Olivier Giroud,Lille,fr Ligue 1,FW,1609,FWD,0,0.9999999963891124,2.7376655638705416,0.14154207658180873
Jamie Gittens,Chelsea,eng Premier League,MF,495,MID,0,0.9999999999999556,1.2895480684961036,-0.017738202135580937
Robert Glatzel,Hamburger SV,de Bundesliga,FW,612,FWD,0,1.0,3.6353401910944183,0.18433008059814546
Serge Gnabry,Bayern Munich,de Bundesliga,MF,1219,MID,0,1.0,4.71083620242829,0.17144627397752168
Wilfried Gnonto,Leeds United,eng Premier League,FW,537,FWD,0,0.9999999409663598,-0.44247168425982336,-0.2982244043770313
Giorgi Gocholeishvili,Hamburger SV,de Bundesliga,MF,940,MID,0,0.9988659146781741,0.14695611669702507,-0.1589044838925616
Martial Godo,Strasbourg,fr Ligue 1,MF,1584,MID,0,0.9999999999861906,3.171847337610914,0.07939489902679661
Aleksandr Golovin,Monaco,fr Ligue 1,MF,1649,MID,0,0.9999980837419794,1.6476940652554357,-0.13403697106489076
Angel Gomes,Marseille,fr Ligue 1,MF,888,MID,0,0.9520025474927595,0.525211055593463,0.04346026617000064
Angel Gomes,Wolves,eng Premier League,"MF,FW",461,MID,0,0.9551510699159037,-0.22240433039234736,-0.03772921906691587
João Gomes,Wolves,eng Premier League,MF,2829,MID,0,0.515115134445236,-1.249713918188886,-0.39668886097603895
Rodrigo Gomes,Wolves,eng Premier League,"MF,FW",960,MID,0,0.9893089660503295,0.3381964964850171,-0.07030684368138351
Toti Gomes,Wolves,eng Premier League,DF,1424,DEF,1,0.9972462187810615,-1.8318377582868146,0.0644905687342282
Diego Gómez,Brighton,eng Premier League,"MF,FW",2120,MID,0,0.9325282636537975,0.08331936535517423,-0.24655624133670626
Joe Gomez,Liverpool,eng Premier League,DF,607,DEF,0,0.9999999209144863,-0.9495510066770485,-0.22316972888574846
Moi Gómez,Osasuna,es La Liga,MF,1201,MID,0,0.9914336046401241,-0.5370905517285673,-0.11856097872349058
Sergio Gómez,Real Sociedad,es La Liga,DF,2701,DEF,0,0.9999999998962448,-1.2525085188446905,-0.3100750053677234
Unai Gómez,Athletic Club,es La Liga,MF,936,MID,0,0.9994074171493068,1.2117861737708429,0.08907483836287516
Valentín Gómez,Real Betis,es La Liga,DF,1882,DEF,1,0.9992160857695146,-1.6077618275651888,-0.081639270137296
Rafael Gonçalves,Strasbourg,fr Ligue 1,"MF,DF",588,MID,1,0.9422782591500808,-0.9984776108323138,-0.07421332900552123
Nicolás González,Manchester City,eng Premier League,MF,1569,MID,1,0.9911147560456024,-1.675620767740098,-0.26845450396507264
Nicolás González,Atlético Madrid,es La Liga,"MF,DF",1448,MID,0,0.9999999339878678,2.3206498112676726,-0.05075200505269005
Urko González,Espanyol,es La Liga,MF,2623,MID,1,0.9974593127206125,-1.4486936768442669,-0.13588898759953397
Anthony Gordon,Newcastle United,eng Premier League,FW,1795,FWD,0,0.9999999999985398,2.6257372384044544,0.10653365574856645
Leon Goretzka,Bayern Munich,de Bundesliga,MF,1947,MID,1,0.7767646010668263,0.11257044118141857,0.009738885132941265
Andoni Gorosabel,Athletic Club,es La Liga,DF,1360,DEF,0,0.989374234346224,-1.8826173487519935,-0.20659281324154755
Jon Gorrotxategi,Real Sociedad,es La Liga,MF,2210,MID,1,0.9948027464069665,-1.5115154748926785,-0.1594139169767759
Alimami Gory,Paris FC,fr Ligue 1,"MF,DF",982,MID,0,0.9999978634464328,2.180368660388158,0.04097790737590163
Robin Gosens,Fiorentina,it Serie A,"DF,MF",1881,DEF,1,0.98825573121565,-0.43526367224743134,-0.06574749536667115
Mario Götze,Eintracht Frankfurt,de Bundesliga,MF,886,MID,1,0.7259059731065801,-1.2289369077230754,0.02786486224858835
Amine Gouiri,Marseille,fr Ligue 1,"FW,MF",1326,FWD,0,0.999999999999801,3.5371604440652558,0.1285030581253445
Lucas Gourna-Douath,Le Havre,fr Ligue 1,MF,1272,MID,1,0.5091735959508583,-0.7935606531512912,-0.15901478327890034
Tiago Gouveia,Nice,fr Ligue 1,MF,532,MID,1,0.7827418616136355,-0.27120401607145944,-0.04981031597534701
Jeffrey Gouweleeuw,Augsburg,de Bundesliga,DF,848,DEF,1,0.9971719235808142,-1.5867315611718649,-0.05449796563288665
Kamil Grabara,Wolfsburg,de Bundesliga,GK,3060,GK,2,1.0,-2.117862107076263,9.28924622596153
Jonathan Gradit,Lens,fr Ligue 1,DF,807,DEF,1,0.9932191486097651,-2.368944641141781,-0.26437764393599256
Alberto Grassi,Cremonese,it Serie A,MF,1753,MID,1,0.978740741075303,-1.7232059601005543,-0.08441255027106964
Ryan Gravenberch,Liverpool,eng Premier League,MF,2992,MID,1,0.9875050260729225,-0.5606677799756542,-0.1103465263937056
Archie Gray,Tottenham Hotspur,eng Premier League,"MF,DF",1478,MID,1,0.965422786041016,-1.0627388722426758,0.0889473045348271
Jack Grealish,Everton,eng Premier League,MF,1627,MID,0,1.0,1.2376309714875056,-0.10977338062386824
Mason Greenwood,Marseille,fr Ligue 1,MF,2462,MID,0,1.0,5.095509405283218,0.15684920386030896
Michael Gregoritsch,Augsburg,de Bundesliga,FW,913,FWD,0,0.9999999999999911,3.654382822814667,0.2016510279126946
Dominik Greif,Lyon,fr Ligue 1,GK,2610,GK,2,1.0,-1.8262247391806794,-2.19271512641567
Antoine Griezmann,Atlético Madrid,es La Liga,FW,1481,FWD,0,1.0,4.439243021425261,0.20588993315952078
Vincenzo Grifo,Freiburg,de Bundesliga,MF,1710,MID,0,0.9999999999999876,1.4142930424520128,0.0817321481941013
Álex Grimaldo,Leverkusen,de Bundesliga,MF,2521,MID,0,1.0,2.0621679138614746,-0.002417204405045003
Pascal Groß,Dortmund,de Bundesliga,MF,613,MID,0,0.9950550533552144,-0.7091547609499055,-0.09611063704433319
Pascal Groß,Brighton,eng Premier League,MF,1636,MID,0,0.9999999999999947,0.27213975356782627,-0.06755670468140074
Brajan Gruda,RB Leipzig,de Bundesliga,"MF,FW",753,MID,0,1.0,3.421710404598397,0.020672031472189923
Brajan Gruda,Brighton,eng Premier League,MF,719,MID,0,0.9999161544133564,1.6274393951031416,0.03872614570950407
Ilia Gruev,Leeds United,eng Premier League,MF,1323,MID,0,0.782023864556072,-1.3491922262736276,-0.05972981680643101
Marco Grüll,Werder Bremen,de Bundesliga,"MF,FW",2006,MID,0,0.9717305173104679,0.6778516334936964,-0.062120580964903346
Albert Grønbaek,Hamburger SV,de Bundesliga,MF,492,MID,0,0.9999999999316316,0.030170190520572897,-0.277807244402617
Nemanja Gudelj,Sevilla,es La Liga,"DF,MF",2348,DEF,1,0.9934641112507001,-0.9459761753630375,-0.019654112749587917
Gabriel Gudmundsson,Leeds United,eng Premier League,"DF,MF",2631,DEF,0,0.966274837937438,-1.2110863276199386,-0.2225315564543322
Gonçalo Guedes,Real Sociedad,es La Liga,MF,1823,MID,0,0.9999999999999369,3.3160881092068197,0.08820791694580289
Marc Guéhi,Crystal Palace,eng Premier League,DF,1800,DEF,1,0.9953373400056876,-1.213155883362714,-0.03380881778397698
Marc Guéhi,Manchester City,eng Premier League,DF,1350,DEF,1,0.9744767793187068,-1.0754557986571667,-0.08700323777808855
Mattéo Guendouzi,Lazio,it Serie A,MF,1428,MID,1,0.8463295812401934,-0.10689920194393157,0.047784541254832974
Javier Guerra,Valencia,es La Liga,"MF,FW",2061,MID,0,0.9998189974049084,0.5596281270537372,-0.04166345998079593
Raphaël Guerreiro,Bayern Munich,de Bundesliga,MF,784,MID,0,0.999999736785024,1.560410647104659,0.23747094892591603
Evann Guessand,Aston Villa,eng Premier League,MF,588,MID,0,0.9972105921578304,0.43569307456415357,-0.1718012209147988
Ander Guevara,Alavés,es La Liga,MF,654,MID,1,0.9919505695090376,-1.0565750076913036,-0.14101607565895583
Pape Gueye,Villarreal,es La Liga,MF,2131,MID,0,0.9939183350367851,0.7117547351091775,-0.17939695900897637
Morgan Guilavogui,Lens,fr Ligue 1,MF,491,MID,0,0.9999999998834621,1.5456276016890746,-0.27466693539873166
Frederic Guilbert,Nantes,fr Ligue 1,"DF,MF",607,DEF,0,0.99999328961673,-1.9243601838530406,-0.482087113910154
Bruno Guimarães,Newcastle United,eng Premier League,MF,2453,MID,0,0.9999999999490541,2.030372548224925,-0.23385243596625016
Daouda Guindo,Brest,fr Ligue 1,DF,1686,DEF,1,0.9589419090218944,-1.024650644437051,-0.2591814258596741
Bahereba Guirassy,Nantes,fr Ligue 1,"FW,MF",821,FWD,0,0.9990830585423218,1.3071658665497434,-0.1136048832386746
Serhou Guirassy,Dortmund,de Bundesliga,FW,2337,FWD,0,1.0,4.446855077104882,0.2950306588130112
Péter Gulácsi,RB Leipzig,de Bundesliga,GK,2008,GK,2,1.0,-2.0705236117299792,-0.28723262759772594
Arda Güler,Real Madrid,es La Liga,MF,2014,MID,0,1.0,2.32995741364814,-0.12960177352790633
Gerard Gumbau,Rayo Vallecano,es La Liga,MF,1175,MID,0,0.9999999993591224,0.09235152819291578,-0.312544034924512
Christian Günter,Freiburg,de Bundesliga,DF,1547,DEF,0,0.9999999901573862,-0.8264360549260982,0.04517048017591682
Jon Guridi,Alavés,es La Liga,"MF,FW",1238,MID,1,0.9971308572324801,-1.1108789713340952,-0.05028299005306492
Gorka Guruzeta,Athletic Club,es La Liga,FW,2363,FWD,0,0.9999999999988454,3.4879148892523517,0.13710882460766421
Malo Gusto,Chelsea,eng Premier League,"DF,MF",2261,DEF,1,0.8504142477607483,-1.1372871744096718,-0.06702929647538369
Miguel Gutiérrez,Napoli,it Serie A,"MF,DF",1488,MID,0,0.9844717647760385,-0.3052745539037353,-0.10922459850828924
Albert Guðmundsson,Fiorentina,it Serie A,"FW,MF",2250,FWD,0,0.9999928587343085,1.5592074663100948,0.14380046139288102
Joško Gvardiol,Manchester City,eng Premier League,DF,1372,DEF,1,0.9863072088169301,-0.6362804786020578,-0.0048472436966139005
Viktor Gyökeres,Arsenal,eng Premier League,FW,2224,FWD,0,0.9999999999219238,2.7052890540976917,0.23354870726805924
Erling Haaland,Manchester City,eng Premier League,FW,2953,FWD,0,1.0,5.3657594075390085,0.3345104813007225
Janik Haberer,Union Berlin,de Bundesliga,MF,1646,MID,0,0.9838115415511511,-1.025054509845593,-0.0953649364587005
Albian Hajdari,Hoffenheim,de Bundesliga,DF,2434,DEF,1,0.9975165960554606,-1.625026845922122,-0.24383069817043518
Achraf Hakimi,Paris Saint-Germain,fr Ligue 1,DF,1375,DEF,0,0.9992870186749081,0.7473702052519824,0.029561018075443667
Lewis Hall,Newcastle United,eng Premier League,DF,2181,DEF,0,0.9999703330495764,-0.8973213871868692,-0.17992930281326538
Andreas Hanche-Olsen,Mainz 05,de Bundesliga,DF,851,DEF,1,0.9885238724596614,-1.03767204720993,-0.030600545720011
Dávid Hancko,Atlético Madrid,es La Liga,DF,2432,DEF,1,0.9826640726489915,-1.456684932418541,0.059968675041894876
Florent Hanin,Angers,fr Ligue 1,"DF,MF",865,DEF,1,0.9620012334975686,-2.074179544157513,-0.08361287511585973
Hákon Haraldsson,Lille,fr Ligue 1,MF,2460,MID,0,0.9999498584325774,1.205157824566408,0.05887470065882656
Conrad Harder,RB Leipzig,de Bundesliga,FW,932,FWD,0,1.0,4.170256637752223,-0.04936481825468616
Jack Harrison,Fiorentina,it Serie A,"FW,MF",981,FWD,0,1.0,0.46293072724599105,0.049988135326672796
Abdou Harroui,Hellas Verona,it Serie A,MF,907,MID,0,0.9999324407689939,-0.3908050158350568,-0.12631362699989793
Quilindschy Hartman,Burnley,eng Premier League,DF,1825,DEF,0,0.999999959292407,-1.6660807555224084,-0.21940859123296122
Haissem Hassan,Oviedo,es La Liga,"MF,FW",1942,MID,0,0.9999999999981188,0.18908349511603212,-0.038639742796895436
Hans Hateboer,Lyon,fr Ligue 1,"DF,MF",740,DEF,1,0.9431447124003586,-1.6454600427705395,-0.10630317230557448
Jorrel Hato,Chelsea,eng Premier League,DF,1148,DEF,1,0.997176332064577,-2.5236716032395554,-0.14477325254948123
Kai Havertz,Arsenal,eng Premier League,"FW,MF",581,FWD,0,1.0,3.2140929665970717,0.053378279483082415
Ayden Heaven,Manchester Utd,eng Premier League,DF,924,DEF,1,0.9196829372959457,-1.5192273942171945,0.053658675118995906
Jan Paul van Hecke,Brighton,eng Premier League,DF,3210,DEF,1,0.9955199555513781,-0.9756384138429242,-0.04143023092002129
Hwang Hee-chan,Wolves,eng Premier League,"FW,MF",1446,FWD,0,0.9990114092132156,0.88909578334557,0.04453981175494132
Torbjørn Heggem,Bologna,it Serie A,DF,2113,DEF,1,0.9987145791945763,-1.9200731355497387,-0.026564392427718443
Gauthier Hein,Metz,fr Ligue 1,"MF,FW",2351,MID,0,1.0,1.5783248410156372,0.10798298827196019
Eivind Helland,Bologna,it Serie A,DF,484,DEF,1,0.9981794978835966,-2.5102915584616325,-0.021828502722282633
Dean Henderson,Crystal Palace,eng Premier League,GK,3330,GK,2,0.9999986219984316,-1.9377453176300905,-0.4977519213225741
Jordan Henderson,Brentford,eng Premier League,MF,1919,MID,0,0.905347677408252,-1.4043363677898635,0.05936429149878307
Ramon Hendriks,Stuttgart,de Bundesliga,DF,2025,DEF,1,0.8591751646082227,-1.603529338993613,-0.006061561945087623
Luis Henrique,Inter,it Serie A,MF,1624,MID,0,0.9787445870802844,-0.8342149112175351,0.1366108376689575
Rico Henry,Brentford,eng Premier League,DF,1328,DEF,1,0.8320510606870154,-1.1526800907834538,0.02366491447291692
Mads Hermansen,West Ham United,eng Premier League,GK,1620,GK,2,0.7600671234490353,-1.8680464800793444,0.14812056738565335
Mario Hermoso,Roma,it Serie A,DF,2085,DEF,1,0.9960498761370709,-0.8708213199479465,-0.12225739423328735
Lucas Hernández,Paris Saint-Germain,fr Ligue 1,DF,1747,DEF,1,0.9363681649759252,-1.2275521453147442,-0.05743989863075936
Jorge Herrando,Osasuna,es La Liga,DF,1600,DEF,1,0.9983854965968234,-2.11808030332532,-0.07014905205631944
Sergio Herrera,Osasuna,es La Liga,GK,3284,GK,2,1.0,-1.8328871914906868,-0.7593102623362887
Yangel Herrera,Real Sociedad,es La Liga,MF,526,MID,0,0.9999975097816884,0.3550672862505065,-0.13649737392855846
Daniel Heuer Fernandes,Hamburger SV,de Bundesliga,GK,2970,GK,2,1.0,-1.9657729380765652,3.3080451645513325
Aaron Hickey,Brentford,eng Premier League,"DF,MF",690,DEF,1,0.9984733041479913,-1.5600545438874132,-0.03563498113026959
Santiago Hidalgo,Toulouse,fr Ligue 1,"MF,FW",1396,MID,0,1.0,3.2637738006334738,-0.2271631865478911
Isak Hien,Atalanta,it Serie A,DF,1970,DEF,1,0.9962220677812451,-1.8622436338075665,-0.22148267803214852
Omar El Hilali,Espanyol,es La Liga,DF,2826,DEF,1,0.963357192146991,-2.0539527555708723,-0.254318073277635
James Hill,Bournemouth,eng Premier League,DF,2106,DEF,1,0.991200998017695,-1.8205526801707286,-0.06710199507532533
Piero Hincapié,Arsenal,eng Premier League,DF,1792,DEF,1,0.9883208372186064,-1.779117159987507,-0.1397099402429339
Jack Hinshelwood,Brighton,eng Premier League,MF,1741,MID,0,0.9988224580636612,1.2443605358562297,0.06743777691162053
Jonas Hofmann,Leverkusen,de Bundesliga,MF,1013,MID,0,0.9999999817563695,1.1661207415980894,0.1162916130011713
Malthe Hojholt,Pisa,it Serie A,MF,850,MID,1,0.9988034032388774,-1.7024739885592723,-0.03027033608728161
Lucas Höler,Freiburg,de Bundesliga,"FW,MF",2037,FWD,0,0.9969848547202307,1.1412478825107641,0.10094142133936124
Benedict Hollerbach,Mainz 05,de Bundesliga,"FW,MF",872,FWD,0,0.9999999999994582,2.355975735579721,-0.02356197192799665
Emil Holm,Bologna,it Serie A,DF,655,DEF,0,1.0,0.691456563090631,-0.38075808984369636
Franck Honorat,Gladbach,de Bundesliga,"MF,FW",1977,MID,0,1.0,0.5730589329257213,0.09053552315704107
Mathias Honsak,Heidenheim,de Bundesliga,"MF,FW",1249,MID,0,0.99900559620523,1.124651992477895,-0.0025663134131443444
Andreas Hountondji,St Pauli,de Bundesliga,FW,1067,FWD,0,0.9999999999660449,2.366325014829739,0.3614949800344582
Lukáš Hrádecký,Monaco,fr Ligue 1,GK,1439,GK,2,1.0,-2.1183701393941745,5.966304121137555
Robin Hranáč,Hoffenheim,de Bundesliga,DF,2251,DEF,1,0.9972780139650588,-1.749873489907514,0.07381141594393875
Timo Hübers,Köln,de Bundesliga,DF,675,DEF,1,0.9979868311790611,-2.2577335754155254,-0.13947748111697827
Callum Hudson-Odoi,Nottingham Forest,eng Premier League,MF,1841,MID,0,0.9999999996807976,0.660805997955831,0.12376589533945244
Will Hughes,Crystal Palace,eng Premier League,MF,1571,MID,1,0.9320446274874069,-1.200724479732268,-0.11086072853782541
Dean Huijsen,Real Madrid,es La Liga,DF,2034,DEF,1,0.9961400845155655,-0.9646896725551062,0.0461887664136103
Trai Hume,Sunderland,eng Premier League,"DF,MF",3036,DEF,1,0.7253246456348897,-0.8452474136863152,-0.09215239226450334
Bashir Humphreys,Burnley,eng Premier League,"DF,MF",1578,DEF,1,0.996004082008618,-1.4904896218994486,0.04597819484328043
Denis Huseinbasic,Köln,de Bundesliga,MF,726,MID,1,0.9982944825501938,-1.6431060500271568,-0.008790115854013075
Omari Hutchinson,Nottingham Forest,eng Premier League,MF,1688,MID,0,1.0,1.4972979004607991,-0.08057817174953888
Kwon Hyeokkyu,Nantes,fr Ligue 1,MF,753,MID,1,0.9957015349699585,-1.641450625164213,-0.002055713145654486
Lucas Høgsberg,Strasbourg,fr Ligue 1,DF,1792,DEF,1,0.9904982545422657,-1.7964272688427507,0.12821393512022752
Pierre Højbjerg,Marseille,fr Ligue 1,MF,2712,MID,0,0.8476341835096587,0.27477508523657135,-0.04970830241981218
Oscar Højlund,Eintracht Frankfurt,de Bundesliga,MF,1089,MID,0,0.7073356667706652,-0.8633283530753052,-0.14138800605612606
Rasmus Højlund,Napoli,it Serie A,FW,2750,FWD,0,0.9999999999960352,3.1939321444864115,0.25593701939897895
Pablo Ibáñez,Alavés,es La Liga,MF,2236,MID,0,0.9991445575954764,0.5068151907285797,-0.23439927766117485
Arijon Ibrahimović,Heidenheim,de Bundesliga,"MF,FW",2169,MID,0,0.9999999999894307,1.018642539437076,-0.032157304318272455
Riyad Idrissi,Cagliari,it Serie A,"MF,DF",783,MID,0,0.597320409209605,-0.37437551850093054,-0.14276454206694109
Jay Idzes,Sassuolo,it Serie A,DF,3061,DEF,1,0.9970296882641821,-2.185042098842924,0.062007870976534755
Iglesias,Getafe,es La Liga,DF,3185,DEF,0,0.9980277207446838,-0.8407208703110625,-0.35189039691327245
Borja Iglesias,Celta Vigo,es La Liga,FW,1900,FWD,0,1.0,4.880413274231859,0.25406424787111664
Jonathan Ikone,Paris FC,fr Ligue 1,"MF,FW",1100,MID,0,0.9130928254207296,1.0846377052463243,0.0021299373946300215
Andrej Ilic,Union Berlin,de Bundesliga,FW,2257,FWD,0,1.0,3.815892130093303,0.1583449044916088
Luka Ilić,Oviedo,es La Liga,"MF,FW",742,MID,1,0.5033672240171617,0.1537282146103928,-0.02003156537257087
Emirhan İlkhan,Torino,it Serie A,MF,1001,MID,0,0.7588578611665702,-0.6080665944606672,-0.2253157377189917
Ciro Immobile,Paris FC,fr Ligue 1,FW,705,FWD,0,1.0,2.9614897491007177,0.2911468859655325
Tim Iroegbunam,Everton,eng Premier League,MF,1487,MID,0,0.6582534346819083,-1.782164681003917,-0.4482918161766865
Jackson Irvine,St Pauli,de Bundesliga,MF,1624,MID,1,0.999212229737079,-1.3980673664522807,-0.10721728409449174
Alexander Isak,Liverpool,eng Premier League,FW,699,FWD,0,0.9999888014239486,1.3488378474540743,0.23574315475740654
Gustav Isaksen,Lazio,it Serie A,FW,1593,FWD,0,0.9999999999999982,2.735756691307287,0.03830781346673479
Wilson Isidor,Sunderland,eng Premier League,FW,1165,FWD,0,1.0,3.7705170315368943,0.27380992971052115
Ardian Ismajli,Torino,it Serie A,DF,1906,DEF,1,0.9989614802965406,-1.9228636120613574,-0.076528507754026
Franco Israel,Torino,it Serie A,GK,810,GK,2,1.0,-2.0983557621882785,5.761964911653369
Hiroki Ito,Bayern Munich,de Bundesliga,DF,920,DEF,0,0.5071397030231944,-0.7600744434312394,0.04124086820799427
Alex Iwobi,Fulham,eng Premier League,MF,2419,MID,0,0.9999192881431208,0.07034818918479159,0.1238723407078112
Nicolas Jackson,Bayern Munich,de Bundesliga,FW,1007,FWD,0,1.0,5.431557228830716,0.25729084714668127
Jérémy Jacquet,Rennes,fr Ligue 1,DF,1671,DEF,1,0.9992712560936456,-1.6970056866430825,-0.046401362548884904
Lee Jae-sung,Mainz 05,de Bundesliga,"MF,FW",2185,MID,1,0.9017369250027503,0.06802236535459012,0.016894790077527796
Kristijan Jakić,Augsburg,de Bundesliga,"MF,DF",1653,MID,1,0.9986440082705973,-0.8092156105385723,-0.060984105864765
Daniel James,Leeds United,eng Premier League,"FW,MF",559,FWD,0,1.0,0.6585121183697312,0.05016707169396936
Reece James,Chelsea,eng Premier League,"DF,MF",1963,DEF,0,0.9999999999386926,-0.4783173399985695,-0.3111509939967483
Vitaly Janelt,Brentford,eng Premier League,MF,1444,MID,0,0.9999981240010432,-0.9234880442820267,-0.2526469812078224
Isak Jansson,Nice,fr Ligue 1,"FW,MF",644,FWD,0,0.9999768339698784,1.5642398838716394,-0.0438629222769035
Luca Jaquez,Stuttgart,de Bundesliga,DF,898,DEF,1,0.9814385657505891,-2.108739722072876,0.07132130805673548
Ardon Jashari,Milan,it Serie A,MF,701,MID,1,0.8593989986094959,-0.8458750097789494,-0.13959926100956999
Bakery Jatta,Hamburger SV,de Bundesliga,MF,911,MID,1,0.9120930498741592,-0.2823536066989706,-0.04906382998365328
Mikel Jauregizar,Athletic Club,es La Liga,MF,2831,MID,1,0.9746031014959328,-1.0487292617713049,-0.2562414608149377
Finn Jeltsch,Stuttgart,de Bundesliga,DF,1511,DEF,1,0.9981444559309532,-1.7650500235129032,-0.009681775139173307
Castrop Jens,Gladbach,de Bundesliga,MF,1584,MID,0,0.6389292810595256,0.6069000159656821,-0.19993022045930625
Mathias Jensen,Brentford,eng Premier League,MF,2247,MID,0,0.9999715750793257,-0.4480171771454233,-0.036415639259875836
Oliver Jensen,Parma,it Serie A,MF,1840,MID,1,0.9860871699794588,-1.0514129254222644,0.10655216133496301
Moritz Jenz,Wolfsburg,de Bundesliga,DF,1787,DEF,1,0.9881500878392061,-1.782204024643433,-0.026059130929846772
Igor Jesus,Nottingham Forest,eng Premier League,FW,2298,FWD,0,0.9999999802126285,2.713960865182148,0.08553694925492766
Juan Jesus,Napoli,it Serie A,DF,1675,DEF,1,0.7210473996039108,-2.399007784295528,-0.18871817650365513
Álex Jiménez,Bournemouth,eng Premier League,"DF,MF",2317,DEF,1,0.9846196727376619,-1.5644599663303913,-0.2150199630152634
Raúl Jiménez,Fulham,eng Premier League,FW,2189,FWD,0,0.9999999999998348,3.421494546483269,0.05550740219848096
João Pedro,Chelsea,eng Premier League,"FW,MF",2661,FWD,0,0.999999999996529,3.608330238368997,0.13209161959286117
Joelinton,Newcastle United,eng Premier League,MF,1951,MID,1,0.9130507132151037,-0.21215056052910256,-0.19981248937502616
Jofre,Espanyol,es La Liga,MF,930,MID,0,0.999999893415158,1.4266366195116993,-0.04224825569416691
Ísak Jóhannesson,Köln,de Bundesliga,MF,1809,MID,0,0.9972010739949188,-0.767941126879145,0.08533096606147374
Brennan Johnson,Tottenham Hotspur,eng Premier League,"MF,FW",610,MID,0,1.0,1.270908617852583,0.14077161727978343
Brennan Johnson,Crystal Palace,eng Premier League,"MF,FW",1112,MID,0,0.9999986990569425,0.5138499920189187,0.05381295248884695
Sam Johnstone,Wolves,eng Premier League,GK,1080,GK,2,1.0,-2.185908137423478,10.632201413588547
Curtis Jones,Liverpool,eng Premier League,"MF,DF",1937,MID,1,0.9630316290946708,-0.7469376198183456,-0.04085395296938246
Frenkie de Jong,Barcelona,es La Liga,MF,1636,MID,0,0.9996209803108695,-0.7949375380319027,-0.05103110217229298
Josan,Elche,es La Liga,"MF,DF",565,MID,0,1.0,0.27676254245405596,-0.32243826626118405
Mateo Joseph,Mallorca,es La Liga,"MF,FW",1699,MID,0,0.9739466754512474,0.964197345221412,-0.026914253961410887
Abdulai Juma Bah,Nice,fr Ligue 1,DF,1958,DEF,1,0.9964624281410435,-2.034455834516828,-0.043074272676216614
Anthony Jung,Freiburg,de Bundesliga,DF,526,DEF,1,0.9909848604344007,-2.4777973717128594,0.047765373146683415
Eli Junior Kroupi,Bournemouth,eng Premier League,"MF,FW",1672,MID,0,1.0,3.3769255687715045,0.2187291853204125
Luiz Lúcio Reis Júnior,Villarreal,es La Liga,GK,2520,GK,2,1.0,-1.8288084046090136,-4.047732906297052
Hamed Junior Traorè,Marseille,fr Ligue 1,MF,619,MID,0,0.9999999996854205,2.0131625890755793,-0.0876820210820039
Vinicius Júnior,Real Madrid,es La Liga,"FW,MF",2815,FWD,0,1.0,4.818117962117054,0.12196326087568206
James Justin,Leeds United,eng Premier League,"DF,MF",1901,DEF,1,0.5947817021203665,-0.8979943637073566,-0.19344289668874415
Ferran Jutglà,Celta Vigo,es La Liga,FW,1652,FWD,0,0.9999999999999893,4.033258288874561,0.1789721065723485
Martijn Kaars,St Pauli,de Bundesliga,FW,1348,FWD,0,0.9993392133193071,0.874958739169086,0.2922464098368455
Mohamed Kaba,Nantes,fr Ligue 1,MF,1008,MID,0,0.9996221957248451,-0.24282277725868695,-0.2637003005646137
Mohamed Kaba,Lecce,it Serie A,MF,633,MID,0,0.9999400081284617,0.271721734731709,-0.15465243416123908
Ozan Kabak,Hoffenheim,de Bundesliga,DF,1751,DEF,1,0.8182525222324527,-0.2651370473090111,-0.03137994826240146
Christian Kabasele,Udinese,it Serie A,DF,2247,DEF,1,0.9975390779044778,-1.3055444976529893,-0.018330538818759807
Anton Kade,Augsburg,de Bundesliga,"MF,FW",1743,MID,0,0.9999998081157393,2.187216001809785,0.12016441954557411
Ferdi Kadioglu,Brighton,eng Premier League,"DF,MF",3133,DEF,0,0.8970751405613016,-0.7274596539974885,-0.017467749486957517
Arnaud Kalimuendo,Eintracht Frankfurt,de Bundesliga,"FW,MF",1417,FWD,0,0.999999952774725,2.3070560710123753,0.2779611390218411
Pierre Kalulu,Juventus,it Serie A,"DF,MF",3281,DEF,0,0.633777727046133,-1.3158799969067352,-0.0130189339433133
Daichi Kamada,Crystal Palace,eng Premier League,MF,1902,MID,1,0.9270726955483948,-1.0994221151660772,-0.1831920715829222
Warren Kamanzi,Toulouse,fr Ligue 1,MF,870,MID,1,0.9779774852056167,-0.555749047634118,-0.015958205740201264
Boubacar Kamara,Aston Villa,eng Premier League,MF,1411,MID,0,0.9432552407013699,-0.6765403739243213,-0.10433597174249479
Hassane Kamara,Udinese,it Serie A,"MF,DF",1861,MID,0,0.9938941746629952,-1.322256939996911,-0.09586900801556296
Jakub Kamiński,Köln,de Bundesliga,"MF,FW",3016,MID,0,0.9999760933988847,0.9134179241047794,0.06806717275568416
Harry Kane,Bayern Munich,de Bundesliga,"FW,MF",2377,FWD,0,1.0,8.803490614407828,0.3419862869407441
Lee Kang-in,Paris Saint-Germain,fr Ligue 1,"MF,FW",1519,MID,0,1.0,2.349070877854116,0.03657174351061394
Adam Karabec,Lyon,fr Ligue 1,"MF,FW",922,MID,0,1.0,1.0762882531331663,0.005253481537965971
Atakan Karazor,Stuttgart,de Bundesliga,MF,1884,MID,1,0.9914097723379333,-1.4184726022980967,-0.08353547631097759
Dermane Karim,Lorient,fr Ligue 1,MF,1365,MID,0,0.9988439718894718,-0.16386999939498018,-0.15798895852032607
Lennart Karl,Bayern Munich,de Bundesliga,MF,1281,MID,0,1.0,3.2523087649397837,0.05490784673890247
Jesper Karlström,Udinese,it Serie A,MF,3146,MID,1,0.9993818211371513,-1.6716696009148244,-0.05719037397578414
Panos Katseris,Lorient,fr Ligue 1,"MF,DF",747,MID,0,0.999999999901739,0.5821004742684158,-0.27609125476442953
Mikkel Kaufmann,Heidenheim,de Bundesliga,FW,537,FWD,0,0.9999999361041711,1.7132121060926744,-0.00791047596781404
Michael Kayode,Brentford,eng Premier League,DF,3258,DEF,1,0.9793094897266257,-1.7219592080600763,-0.11189762038111947
Moise Kean,Fiorentina,it Serie A,FW,2036,FWD,0,1.0,5.315664821593734,0.2442072665496547
Michael Keane,Everton,eng Premier League,DF,2591,DEF,1,0.9969544215576571,-1.5294995829104376,0.04154933614160528
Ilan Kebbal,Paris FC,fr Ligue 1,"MF,FW",2222,MID,0,1.0,2.4691714796457727,0.04439020247425832
Yassine Kechta,Le Havre,fr Ligue 1,MF,1332,MID,0,0.7567367348606681,0.3480557534547439,-0.24032006009218254
Thilo Kehrer,Monaco,fr Ligue 1,DF,2353,DEF,1,0.9990512694899778,-1.877184002450321,-0.14706581680104253
Mandela Keita,Parma,it Serie A,MF,2979,MID,1,0.9862398808565379,-1.6378243144748421,-0.17204411162575506
Caoimhín Kelleher,Brentford,eng Premier League,GK,3330,GK,2,0.9999999903948056,-1.903810635834514,-0.6187818602000588
Lloyd Kelly,Juventus,it Serie A,DF,2996,DEF,1,0.9905353257407636,-1.247133411958508,0.026002428516389602
Aljoscha Kemlein,Union Berlin,de Bundesliga,MF,1959,MID,1,0.9977053415793526,-1.5461748784231004,-0.03878331951732345
Marc-Oliver Kempf,Como,it Serie A,DF,2326,DEF,1,0.9649093104698718,-0.6951397331576727,0.13303363488628517
Luca Kerber,Heidenheim,de Bundesliga,MF,682,MID,1,0.7064803864568749,0.04722956294928908,-0.04274690535350654
Milos Kerkez,Liverpool,eng Premier League,DF,2257,DEF,0,0.8270774104479895,-0.9310433377767846,-0.03383768427540902
Kevin,Fulham,eng Premier League,MF,1041,MID,0,0.9999688732368371,1.3207617369705054,-0.06299765872666231
Bilal El Khannouss,Stuttgart,de Bundesliga,"MF,FW",1630,MID,0,0.9999999999200178,1.5563632354004409,-0.049233041383987326
Rani Khedira,Union Berlin,de Bundesliga,MF,2830,MID,1,0.9969037770983034,-0.9080649703348525,-0.11747360116303321
Abdukodir Khusanov,Manchester City,eng Premier League,DF,1432,DEF,1,0.9963423537357426,-2.5885275612620786,-0.1463418809036267
Kialonda,Lecce,it Serie A,DF,1830,DEF,1,0.9931754006905564,-1.6317249404375802,0.09195053276766084
Kiké,Espanyol,es La Liga,FW,1734,FWD,0,1.0,5.3858225244803055,0.16221293797460526
Semih Kılıçsoy,Cagliari,it Serie A,FW,975,FWD,0,0.9999897557733834,1.5497315315780285,0.19405068425159458
Max Kilman,West Ham United,eng Premier League,DF,1561,DEF,1,0.9209239612482147,-1.756808637350724,0.17441792091925204
Joshua Kimmich,Bayern Munich,de Bundesliga,MF,2280,MID,0,1.0,-0.04394080684034428,-0.08448953223241171
Joshua King,Fulham,eng Premier League,MF,1308,MID,0,0.9999079458381842,1.2668362644814066,0.05129594616414732
Antonín Kinský,Tottenham Hotspur,eng Premier League,GK,630,GK,2,1.0,-1.9884588274707204,-1.627678201219011
Justin Kluivert,Bournemouth,eng Premier League,MF,952,MID,0,0.9946636794721782,0.4856782534119051,-0.005071031237391625
Ruben Kluivert,Lyon,fr Ligue 1,DF,772,DEF,0,0.7064047348819871,-1.1930100603422367,-0.0753089346431406
Ansgar Knauff,Eintracht Frankfurt,de Bundesliga,"MF,FW",1326,MID,0,0.9999991981494611,2.2303058924020847,0.017146340516760873
Gregor Kobel,Dortmund,de Bundesliga,GK,3060,GK,2,1.0,-1.7955777169565772,-7.329987150857017
Robin Koch,Eintracht Frankfurt,de Bundesliga,DF,2833,DEF,1,0.9990829821730626,-1.8324531565176039,-0.04487419290022048
Christian Kofane,Leverkusen,de Bundesliga,FW,1239,FWD,0,1.0,3.989215832972557,0.05844884456040318
Hervé Koffi,Angers,fr Ligue 1,GK,2658,GK,2,1.0,-1.688543030345356,-3.959553903174672
Derrick Köhn,Union Berlin,de Bundesliga,"MF,DF",1899,MID,0,0.9999999950574825,0.22602269965092442,-0.09425987146911977
Philipp Köhn,Monaco,fr Ligue 1,GK,1621,GK,2,1.0,-2.0221647487736045,1.3415835632958129
Dominik Kohr,Mainz 05,de Bundesliga,DF,2338,DEF,1,0.9856266637623124,-1.495303245918803,-0.2640822531553399
Koke,Atlético Madrid,es La Liga,MF,2219,MID,1,0.9710388772622961,-1.1850794284165396,-0.05662469438989604
Sead Kolašinac,Atalanta,it Serie A,DF,1212,DEF,1,0.9945252019638174,-1.8860553687362112,-0.11881447839604287
Luca Koleosho,Paris FC,fr Ligue 1,MF,554,MID,0,0.9999999999997868,3.072912928498126,-0.2025121437801232
Randal Kolo Muani,Tottenham Hotspur,eng Premier League,"FW,MF",1664,FWD,0,0.9763139247297452,-0.08565650257358107,-0.02753757532803548
Timothée Kolodziejczak,Paris FC,fr Ligue 1,DF,662,DEF,1,0.9969631980448552,-2.1546057952503164,0.03118539662640276
Mert Kömür,Augsburg,de Bundesliga,"MF,FW",1464,MID,0,0.9999999998245501,2.053359154968772,-0.06615370749801562
Ibrahima Konaté,Liverpool,eng Premier League,DF,3090,DEF,1,0.9979652165561148,-1.608040524959466,-0.003242804861502107
Geoffrey Kondogbia,Marseille,fr Ligue 1,"MF,DF",587,MID,1,0.9860510325197224,-1.8537936707425562,-0.2822713641213843
Ismaël Koné,Sassuolo,it Serie A,MF,2737,MID,0,0.7926391368558173,-0.24540369256238842,0.10768312293233409
Manu Koné,Roma,it Serie A,MF,2456,MID,1,0.6377968524528504,-0.38582422362056995,-0.12318036673274398
Ransford Königsdörffer,Hamburger SV,de Bundesliga,"FW,MF",2329,FWD,0,0.9999999999999982,2.961941732918233,0.2714961996753666
Ezri Konsa,Aston Villa,eng Premier League,DF,3035,DEF,1,0.7388204245772335,-1.634356193522281,0.17601677031700444
Teun Koopmeiners,Juventus,it Serie A,"MF,DF",1827,MID,1,0.9583598654173846,-0.5872678674280567,-0.03267994500332182
Odilon Kossounou,Atalanta,it Serie A,DF,988,DEF,1,0.9947468048445276,-1.6311103509787963,-0.06820500589746743
Filip Kostić,Juventus,it Serie A,MF,479,MID,0,1.0,2.11807651985257,-0.3094147009861401
Koffi Kouao,Metz,fr Ligue 1,"DF,MF",2265,DEF,1,0.8084661956287881,-0.7220947387467039,-0.24507337104307686
Arsène Kouassi,Lorient,fr Ligue 1,MF,2605,MID,0,0.9999999994737383,-0.0035465809519846818,-0.02730893198126946
Konstantinos Koulierakis,Wolfsburg,de Bundesliga,DF,2482,DEF,1,0.9981678787088648,-0.9541415086747028,-0.03235371741958649
Seny Koumbassa,Toulouse,fr Ligue 1,DF,534,DEF,1,0.983893789685938,-1.6084234437361449,0.1329367228929163
Jules Koundé,Barcelona,es La Liga,DF,2261,DEF,1,0.9819897070443667,-1.226010377239671,-0.09273055109882981
Goduine Koyalipou,Angers,fr Ligue 1,FW,668,FWD,0,0.999999999998046,3.1897921793217416,0.31878594360398116
Alex Král,Union Berlin,de Bundesliga,MF,459,MID,0,0.999847626459451,0.023744788197173093,-0.020409035569911933
Andrej Kramarić,Hoffenheim,de Bundesliga,"MF,FW",2207,MID,0,1.0,3.5757054524613885,0.2826076741466484
Jean-Philippe Krasso,Paris FC,fr Ligue 1,FW,1092,FWD,0,0.9999999999759499,2.8491610699331136,0.09512612337506121
Tom Krauß,Köln,de Bundesliga,"MF,DF",1780,MID,1,0.9686125269091291,-1.9187166423419795,-0.31010388883415074
Ladislav Krejčí,Wolves,eng Premier League,"DF,MF",2356,DEF,1,0.9988042913036356,-1.2424364561488785,-0.029216532620458424
Rasmus Kristensen,Eintracht Frankfurt,de Bundesliga,"DF,MF",1538,DEF,1,0.9095050659849793,-0.981937107597209,-0.2204044750397123
Thomas Kristensen,Udinese,it Serie A,DF,2472,DEF,1,0.9953359924170333,-1.3997746532768087,0.09728114102352993
Nikola Krstović,Atalanta,it Serie A,FW,1791,FWD,0,1.0,7.167042433426755,0.1259808668690312
Lukas Kübler,Freiburg,de Bundesliga,DF,1587,DEF,1,0.8604953758408623,-0.7081257320637212,-0.20745713017724693
Takefusa Kubo,Real Sociedad,es La Liga,MF,1503,MID,0,0.9999999999999503,2.289545167496327,-0.060408537661263376
Mohammed Kudus,Tottenham Hotspur,eng Premier League,"MF,FW",1535,MID,0,1.0,1.9812146516279092,-0.07532458871567739
Nicolas-Gerrit Kühn,Como,it Serie A,MF,665,MID,0,0.9527582265968337,0.1525690306238459,0.07716342434244955
Sael Kumbedi,Wolfsburg,de Bundesliga,"DF,MF",1804,DEF,0,0.999944698395141,-1.059223931825953,-0.17006965088411738
Khvicha Kvaratskhelia,Paris Saint-Germain,fr Ligue 1,FW,1479,FWD,0,1.0,4.857356411995694,0.037189073712842136
Giorgi Kvilitaia,Metz,fr Ligue 1,FW,495,FWD,0,0.9999999999413465,2.630608747845752,0.065389601400573
Adrián de la Fuente,Levante,es La Liga,DF,2711,DEF,1,0.9981430862920455,-0.8981652696333826,-0.07035563026459238
Rémy Labeau Lascary,Brest,fr Ligue 1,"MF,FW",1200,MID,0,0.9999999999999147,3.5085424785826342,0.027593550050203426
Maxence Lacroix,Crystal Palace,eng Premier League,DF,3085,DEF,1,0.9994291281654627,-1.6814676657306464,-0.07912097133336835
Yoel Lago,Celta Vigo,es La Liga,DF,938,DEF,1,0.9862926262836798,-1.5580642291545963,-0.06712035788678353
Konrad Laimer,Bayern Munich,de Bundesliga,DF,1994,DEF,0,0.9999999999879403,0.2999133350967307,-0.09766758537727378
Kenny Lala,Brest,fr Ligue 1,DF,2791,DEF,0,0.997100790492751,-1.6195888206500353,-0.014135072321913293
Senne Lammens,Manchester Utd,eng Premier League,GK,2880,GK,2,1.0,-1.9302348593673495,-1.0739819356684062
Noa Lang,Napoli,it Serie A,"FW,MF",666,FWD,0,1.0,1.2998302856167203,-0.05539498191208097
Aymeric Laporte,Athletic Club,es La Liga,DF,2058,DEF,1,0.996977202060872,-1.726030914655985,0.05691495027058764
Hugo Larsson,Eintracht Frankfurt,de Bundesliga,MF,1812,MID,1,0.9603591134923481,-1.4518641789127287,0.1015824473287378
Toni Lato,Mallorca,es La Liga,"DF,MF",583,DEF,0,0.9999762975871114,-1.7288868631324417,-0.1463432414091791
Josh Laurent,Burnley,eng Premier League,"DF,MF",1764,DEF,1,0.9972610681792962,-1.5303644859863221,-0.17063570789080096
Armand Lauriente,Sassuolo,it Serie A,FW,2592,FWD,0,1.0,3.491542164668633,0.024706678454497377
Valentino Lazaro,Torino,it Serie A,MF,2252,MID,0,0.9999984641501277,-1.3707702521826066,-0.14754734249696005
Manuel Lazzari,Lazio,it Serie A,DF,938,DEF,1,0.7626428139410317,-1.1389618760362452,-0.022740487671240976
Théo Le Bris,Lorient,fr Ligue 1,MF,1893,MID,0,0.9998666047999937,-1.0004836771036294,-0.03966073290988405
Enzo Le Fée,Sunderland,eng Premier League,"MF,FW",2930,MID,0,0.9994564979992606,-0.03956079497582129,-0.18537080769014683
Robin Le Normand,Atlético Madrid,es La Liga,DF,1789,DEF,1,0.999322789522225,-1.7114120560622592,-0.040604497669783544
Nicola Leali,Genoa,it Serie A,GK,1847,GK,2,1.0,-1.9527257928195496,1.1988427403329802
Rafael Leão,Milan,it Serie A,FW,1851,FWD,0,0.9999999999999449,3.7477244425034417,0.22556568738013205
Pierre Lees-Melou,Paris FC,fr Ligue 1,MF,1782,MID,1,0.8890020162555273,-0.6258952805340608,-0.23479987349957965
Jordan Lefort,Angers,fr Ligue 1,DF,3060,DEF,1,0.9983341489766888,-2.088202714298262,-0.04608943780532488
Diogo Leite,Union Berlin,de Bundesliga,DF,1963,DEF,1,0.9959213286797075,-2.127609499765764,-0.15264589440081847
Florian Lejeune,Rayo Vallecano,es La Liga,DF,3230,DEF,1,0.9972859963524566,-0.9929749461603823,-0.11665020028855641
Youssef Lekhedim,Alavés,es La Liga,"DF,MF",1335,DEF,0,0.9711703142276417,-0.859060460336787,-0.10101793163381302
Iñigo Lekue,Athletic Club,es La Liga,DF,600,DEF,0,0.8637144414980811,-1.68308870812365,-0.14306173371320852
Thomas Lemar,Girona,es La Liga,MF,1258,MID,0,0.9999596759972315,0.6360007972179338,-0.06947339547143234
Félix Lemaréchal,Strasbourg,fr Ligue 1,"MF,FW",555,MID,0,0.999999999596735,0.31228949091855646,-0.1009859230851698
Tim Lemperle,Hoffenheim,de Bundesliga,FW,1944,FWD,0,1.0,3.4185241359576426,0.0065647974973357375
Clément Lenglet,Atlético Madrid,es La Liga,DF,1391,DEF,1,0.9974775066620821,-1.9988652378350293,-0.05266674371734868
Bernd Leno,Fulham,eng Premier League,GK,3420,GK,2,1.0,-1.975682861556899,0.7441292332201421
Donovan Léon,Auxerre,fr Ligue 1,GK,2460,GK,2,1.0,-1.793651287526562,-2.3133282390234804
Esteban Lepaul,Rennes,fr Ligue 1,FW,2511,FWD,0,1.0,4.1395263076511615,0.32838743791400193
Johann Lepenant,Nantes,fr Ligue 1,MF,2263,MID,0,0.9931872558715745,-1.0539500479791306,-0.2991688166194697
Mehdi Léris,Pisa,it Serie A,MF,1900,MID,0,0.9999998152354721,0.09557538028782332,-0.2625775399684756
Jefferson Lerma,Crystal Palace,eng Premier League,"MF,DF",1733,MID,1,0.9943909417621697,-0.9451089120712819,-0.1272328195673433
Louis Leroux,Nantes,fr Ligue 1,"MF,DF",1441,MID,1,0.7817230463454189,-0.8241401014825516,-0.017197500238492425
Robert Lewandowski,Barcelona,es La Liga,FW,1664,FWD,0,1.0,5.575625503728471,0.3809408667161819
Jamie Leweling,Stuttgart,de Bundesliga,MF,2367,MID,0,1.0,2.756669017629063,0.054948845631443345
Keane Lewis-Potter,Brentford,eng Premier League,"DF,MF",1972,DEF,0,0.9999915592064086,0.6281318968529774,0.04163268631308277
Myles Lewis-Skelly,Arsenal,eng Premier League,"MF,DF",709,MID,1,0.869859386795893,-1.181981115800553,-0.004227323301963499
Philipp Lienhart,Freiburg,de Bundesliga,DF,1302,DEF,1,0.9956453037795873,-1.4915801344880264,0.06485793073678109
Matthijs de Ligt,Manchester Utd,eng Premier League,DF,1170,DEF,1,0.9964116327040579,-1.5133058220816167,0.07094250612616015
Victor Lindelöf,Aston Villa,eng Premier League,"DF,MF",948,DEF,1,0.5572590887465987,-2.025396733550996,0.21127671101646278
Luca Lipani,Sassuolo,it Serie A,MF,1034,MID,0,0.534731636325118,-1.0390045855705403,-0.2918334842424766
Adrián Liso,Getafe,es La Liga,"FW,MF",1702,FWD,0,0.9999999998731113,1.9420793191109191,-0.08661818060589696
Valentino Livramento,Newcastle United,eng Premier League,DF,1328,DEF,0,0.9909102304374116,-1.2035882522445036,0.080644383135813
Diego Llorente,Real Betis,es La Liga,DF,1229,DEF,1,0.9927106383118313,-2.1138115281136733,-0.1601343143241059
Marcos Llorente,Atlético Madrid,es La Liga,"DF,MF",2181,DEF,0,0.9357287180075644,-0.8375871165361455,-0.12557452272593886
Gautier Lloris,Le Havre,fr Ligue 1,DF,2398,DEF,1,0.9991565926542451,-1.8739883515383118,-0.08427082731731125
Giovani Lo Celso,Real Betis,es La Liga,MF,1393,MID,0,0.9999999999999982,1.9079015788822948,-0.028102185811027216
Danny Loader,Auxerre,fr Ligue 1,"MF,FW",2517,MID,0,0.9997504431953692,1.3582248907077812,-0.09751525646248994
Stanislav Lobotka,Napoli,it Serie A,MF,2431,MID,1,0.7048948059668452,-1.235221867979394,0.09276803493282364
Manuel Locatelli,Juventus,it Serie A,MF,2994,MID,1,0.9660955904439973,-0.8626505747897432,-0.296784165934729
Bradley Locko,Brest,fr Ligue 1,DF,1286,DEF,0,0.9841055092937542,-1.369097910047618,-0.20211958298408858
Ruben Loftus-Cheek,Milan,it Serie A,"MF,FW",1133,MID,0,0.9964390060076354,1.2801383860845335,0.0037337741019102667
Sean Longstaff,Leeds United,eng Premier League,MF,1011,MID,0,0.9999999997657465,0.19767581582923294,-0.34742234447038917
Ademola Lookman,Atalanta,it Serie A,"FW,MF",795,FWD,0,0.9999999650810173,2.3358706941794325,0.17342521925653145
Ademola Lookman,Atlético Madrid,es La Liga,"FW,MF",617,FWD,0,1.0,4.035861564913548,0.24769004902835648
Anthony Lopes,Nantes,fr Ligue 1,GK,2878,GK,2,1.0,-1.8541769311387994,2.340846896834608
David López,Mallorca,es La Liga,DF,837,DEF,1,0.9971637396508856,-1.9896974399220895,-0.011317248725978498
Diego López,Valencia,es La Liga,"MF,FW",1762,MID,0,0.8243296997421872,0.4684202443935102,-0.01279133609937014
Fer López,Celta Vigo,es La Liga,"MF,FW",1170,MID,1,0.6650076009895527,-0.0023478496141226953,-0.06443633794835953
Fermin López,Barcelona,es La Liga,MF,1797,MID,0,1.0,3.825021896647937,-0.06805822585605319
Javi López,Oviedo,es La Liga,DF,1711,DEF,0,0.6149514921894262,-1.1756503841544235,-0.2539244608982123
Maxime Lopez,Paris FC,fr Ligue 1,MF,1960,MID,0,0.9999553009701868,-0.5018243887610028,-0.006390784307119731
Pau López,Real Betis,es La Liga,GK,810,GK,2,1.0,-1.8644123758407758,-0.7654997615104249
Unai López,Rayo Vallecano,es La Liga,MF,1612,MID,0,0.9999624388731381,-0.3419985484415617,-0.23159732350976484
Iker Losada,Levante,es La Liga,MF,902,MID,0,0.8066374734164735,0.3654421733286753,-0.012155140657290625
Tom Louchet,Nice,fr Ligue 1,MF,1367,MID,0,0.9981902575064318,0.17840517001609776,-0.0547069474768266
Marius Louer,Angers,fr Ligue 1,DF,543,DEF,0,0.5679777020781172,-2.305681524259177,-0.232914272567177
Felipe Loyola,Pisa,it Serie A,MF,538,MID,1,0.9957328716779944,-0.9407849840262956,-0.05700008164724423
Pol Lozano,Espanyol,es La Liga,MF,2157,MID,1,0.5424116261062594,-0.6576527582154843,-0.19325449926737287
Lucas,Burnley,eng Premier League,"MF,DF",1409,MID,0,0.9830923029785948,-1.1508397474429457,-0.12565989892677207
Jhon Lucumí,Bologna,it Serie A,DF,2287,DEF,1,0.9992439844802127,-1.92806494596347,-0.014197125697959745
Florentino Luís,Burnley,eng Premier League,MF,2105,MID,1,0.8389491508650164,-2.1973458983696013,-0.35817508254875297
José Luis Gayà,Valencia,es La Liga,DF,2448,DEF,0,0.8668155389319903,-1.301929548284279,-0.17384228419352568
Douglas Luiz,Aston Villa,eng Premier League,MF,604,MID,0,0.9993932581882436,-0.2991450564859097,-0.2444426330528439
Castello Lukeba,RB Leipzig,de Bundesliga,DF,2176,DEF,1,0.9961632200207678,-2.066322930328236,0.07326581497096854
Saša Lukić,Fulham,eng Premier League,MF,1734,MID,0,0.9998650598799227,-0.11276049329887018,-0.33572452339974745
Kristoffer Lund,Köln,de Bundesliga,"DF,MF",2276,DEF,0,0.997739683443057,-1.0356005179984635,-0.09773038501005882
Andriy Lunin,Real Madrid,es La Liga,GK,540,GK,2,0.9992391131876962,-1.9469522614267518,0.06289186459791761
Sebastiano Luperto,Cremonese,it Serie A,DF,1307,DEF,1,0.9911746769818142,-1.4920293024957663,0.06972115932002074
Sebastiano Luperto,Cagliari,it Serie A,DF,1706,DEF,1,0.9985390205236497,-1.5599060735823975,0.008766372115782878
Zito Luvumbo,Mallorca,es La Liga,"FW,MF",508,FWD,0,1.0,4.661064593347072,-0.03134127309610655
Babis Lykogiannis,Bologna,it Serie A,DF,627,DEF,0,0.9999999999997922,-0.8724114022832389,-0.19181720181971165
Senne Lynen,Werder Bremen,de Bundesliga,MF,2752,MID,1,0.9246517148500649,-2.5165582451980226,-0.24636523431910556
Mathias Løvik,Parma,it Serie A,MF,471,MID,0,0.9653205206682284,-1.7645949472102196,-0.12395968409980924
Ian Maatsen,Aston Villa,eng Premier League,DF,1605,DEF,0,0.8509719772939104,-1.0505230803165637,-0.2063891438082819
Alexis Mac Allister,Liverpool,eng Premier League,MF,2658,MID,1,0.7095741165681758,0.026375119088230266,-0.01579747722540662
Deiver Machado,Nantes,fr Ligue 1,"DF,MF",907,DEF,0,0.996477672803848,-0.22883731225585652,-0.28614966996837454
Lanroy Machine,Angers,fr Ligue 1,FW,519,FWD,0,0.9999999976500487,2.087525004228876,0.1529398427167368
Shuto Machino,Gladbach,de Bundesliga,"FW,MF",1076,FWD,0,0.9999999972157614,2.474089755091183,0.20219647280769962
Noni Madueke,Arsenal,eng Premier League,"FW,MF",1211,FWD,0,0.999999999992955,1.5594787673353754,0.007455213056709585
Pablo Maffeo,Mallorca,es La Liga,DF,2662,DEF,1,0.7207140039091918,-1.7768341334965858,-0.11377450359741047
Gabriel Magalhães,Arsenal,eng Premier League,DF,2751,DEF,1,0.8489248186296982,-0.6779392401248091,0.0657787507163169
Soungoutou Magassa,West Ham United,eng Premier League,MF,981,MID,1,0.8540918406878663,-1.588109323181493,-0.3657306456238869
Hugo Magnetti,Brest,fr Ligue 1,MF,2688,MID,1,0.9977090874173477,-1.7058724612150922,-0.20023163430186425
Frank Magri,Toulouse,fr Ligue 1,"FW,MF",1253,FWD,0,0.9999999673134697,2.5558802470317072,0.09681935912370931
Harry Maguire,Manchester Utd,eng Premier League,DF,1653,DEF,1,0.9884643874782516,-0.9977850206236302,0.02407616973399043
Mike Maignan,Milan,it Serie A,GK,3295,GK,2,1.0,-1.7587457850878718,-7.104144072701584
Linton Maina,Köln,de Bundesliga,"MF,FW",1023,MID,0,0.9869058892570188,0.4760959774391208,0.1730619703033001
Patrick Mainka,Heidenheim,de Bundesliga,DF,3060,DEF,1,0.9942364271919405,-1.193586507324364,0.06914739978393052
Kobbie Mainoo,Manchester Utd,eng Premier League,MF,1662,MID,1,0.985517248481322,-1.152078935384277,-0.04782926741736762
Ainsley Maitland-Niles,Lyon,fr Ligue 1,"DF,MF",2483,DEF,1,0.9525844141638893,-1.3116621421413375,-0.16029849797646625
Radosław Majecki,Brest,fr Ligue 1,GK,864,GK,2,1.0,-2.1231598593237857,5.3574731128033095
Lovro Majer,Wolfsburg,de Bundesliga,MF,1371,MID,0,0.9997621355118396,1.0672943169158886,-0.1509859396030427
Jean-Victor Makengo,Lorient,fr Ligue 1,MF,1800,MID,0,0.9994404922301422,0.8242630082676671,0.041745760529631686
Jordy Makengo,Freiburg,de Bundesliga,DF,1178,DEF,1,0.8094028310098824,-1.7475341166856035,-0.021985733218378874
Said El Mala,Köln,de Bundesliga,"FW,MF",1956,FWD,0,1.0,4.86253492740321,0.21323971790392887
Julián Malatini,Werder Bremen,de Bundesliga,DF,516,DEF,1,0.9979722278255532,-2.2163175867709004,-0.055130753171991925
Daniel Maldini,Lazio,it Serie A,FW,687,FWD,0,0.9999991610520136,2.1177328836403295,-0.12312718863743022
Youssef Maleh,Cremonese,it Serie A,MF,1100,MID,0,0.6389939683087655,-0.4703755156609318,-0.14756651083549888
Youssef Maleh,Lecce,it Serie A,MF,460,MID,1,0.9838143199399507,-0.8715772424609232,-0.19289137141147142
Donyell Malen,Aston Villa,eng Premier League,"FW,MF",656,FWD,0,1.0,3.634201572207305,0.3421862229354509
Donyell Malen,Roma,it Serie A,FW,1467,FWD,0,1.0,6.6182491950278655,0.3838119266978385
Ruslan Malinovskyi,Genoa,it Serie A,MF,2235,MID,0,0.9978973126600162,1.1735223006020383,-0.02950216278633969
Lennard Maloney,Mainz 05,de Bundesliga,"DF,MF",485,DEF,0,0.8492895611119232,-1.4062321361104055,-0.28576286253772976
Pape Mamadou Sy,Metz,fr Ligue 1,GK,706,GK,2,1.0,-2.102239576321248,11.299777744212486
Giorgi Mamardashvili,Liverpool,eng Premier League,GK,867,GK,2,1.0,-2.087453966423853,5.966061130709255
Felix Mambimbi,Le Havre,fr Ligue 1,"FW,MF",530,FWD,0,0.9999999999997584,0.7092826024653446,-0.19823587670259027
Gianluca Mancini,Roma,it Serie A,DF,3059,DEF,1,0.9848796879088442,-0.7053290412781263,-0.1795494823028023
Reinildo Mandava,Sunderland,eng Premier League,DF,1966,DEF,1,0.9950307232455008,-1.7060706977506077,-0.1905892192477662
Aïssa Mandi,Lille,fr Ligue 1,DF,2424,DEF,1,0.997863951552721,-2.0365200763991784,-0.03043119467415372
Rolando Mandragora,Fiorentina,it Serie A,MF,2421,MID,0,0.9999990158704464,1.6346872170406341,-0.07260102392630938
Mateus Mane,Wolves,eng Premier League,MF,1795,MID,0,0.9999999999886917,1.8311342504039512,-0.030793100812747456
Johan Manzambi,Freiburg,de Bundesliga,MF,2077,MID,0,0.999999999997879,1.6306654128648224,-0.11961011979491044
Sekou Mara,Auxerre,fr Ligue 1,FW,1226,FWD,0,0.9999999645791717,2.302929427330947,0.02220726972569071
Alessandro Marcandalli,Genoa,it Serie A,DF,2597,DEF,1,0.9925623860950078,-1.8447516680248963,0.06672191368590767
Marcão,Sevilla,es La Liga,DF,938,DEF,0,0.9802290952891981,-0.007526521642402637,-0.00616695174521157
Vincent Marchetti,Paris FC,fr Ligue 1,MF,825,MID,0,0.9497835565046798,1.0273466558138051,-0.01799638412451702
Pablo Marí,Fiorentina,it Serie A,DF,808,DEF,1,0.9621216839463785,-2.432270102540088,-0.24949548914690448
José María Giménez,Atlético Madrid,es La Liga,DF,1178,DEF,1,0.99758225992867,-1.1293401133590475,-0.08925182299123495
Luca Marianucci,Torino,it Serie A,DF,575,DEF,1,0.9988576358262881,-2.1888249425026296,-0.07413018315562807
Marius Marin,Pisa,it Serie A,MF,1281,MID,0,0.8132254644762136,-1.7101697346336022,-0.3622761559368963
Pablo Marín,Real Sociedad,es La Liga,MF,1502,MID,1,0.940409478461584,-0.4529733579790717,-0.046068155036706526
Rafa Marín,Villarreal,es La Liga,DF,1979,DEF,1,0.9981310897023352,-1.928162081699016,0.04202317159447868
João Mário Lopes,Bologna,it Serie A,"DF,MF",735,DEF,0,0.9988336391597843,-0.7360728501475721,-0.03706284012387238
Guillermo Maripán,Torino,it Serie A,DF,2145,DEF,1,0.9979927245045465,-1.3757968024363962,-0.04435028086316284
Omar Marmoush,Manchester City,eng Premier League,"FW,MF",700,FWD,0,1.0,5.280487535233491,-0.027955679619535163
Marquinhos,Paris Saint-Germain,fr Ligue 1,DF,1052,DEF,1,0.9915834102201133,-2.1286141811688366,0.11210268515643751
Eric Martel,Köln,de Bundesliga,"MF,DF",2559,MID,1,0.9809590036244237,-0.9906066846122981,-0.18255263371968125
Aarón Martín,Genoa,it Serie A,"MF,DF",2156,MID,0,1.0,-0.24879218870351252,-0.19609023931284586
Carlos Martín,Rayo Vallecano,es La Liga,"MF,FW",450,MID,0,0.9960538073972371,0.43517084857693283,-0.09904560880006757
Gerard Martín,Barcelona,es La Liga,DF,2119,DEF,1,0.9985834748855472,-2.3210518952956734,-0.058907258703009856
Iván Martín,Girona,es La Liga,MF,2532,MID,1,0.9980470649914521,-1.3129654243007234,-0.0657927076460358
Jon Martin,Real Sociedad,es La Liga,DF,2250,DEF,1,0.9977908228904997,-1.72163097758634,0.03239490491732838
Mario Martín,Getafe,es La Liga,"MF,FW",2125,MID,0,0.9997096653677798,-0.047883013687235146,-0.26578759746220704
Gabriel Martinelli,Arsenal,eng Premier League,"FW,MF",1081,FWD,0,1.0,2.704762265343045,0.0912507138518607
Arnau Martinez,Girona,es La Liga,"DF,MF",2666,DEF,1,0.9793816144538994,-1.2582157921273442,-0.13353673181637862
Emiliano Martínez,Aston Villa,eng Premier League,GK,2835,GK,2,1.0,-1.6723609503026513,-0.9103036718196106
Joaquín Martínez Gauna,Sevilla,es La Liga,"MF,DF",1408,MID,0,0.9999999999998632,0.6457586293015061,-0.08885553629913018
Josep Martinez,Inter,it Serie A,GK,450,GK,2,1.0,-1.8712719893102256,-10.346456086635698
Lautaro Martínez,Inter,it Serie A,FW,2159,FWD,0,1.0,5.704596502496885,0.07149722199601097
Lisandro Martínez,Manchester Utd,eng Premier League,DF,1233,DEF,1,0.9966511101203073,-2.2431818082007835,0.07733194731078524
Pablo Martínez,Levante,es La Liga,MF,1857,MID,0,0.9999999471872535,0.0670559017084867,-0.07288632487252628
Toni Martínez,Alavés,es La Liga,FW,2714,FWD,0,0.9999999999997087,3.6443015160706733,0.16971791072600015
Adam Marušić,Lazio,it Serie A,DF,2778,DEF,1,0.995290829977152,-1.4066993921875994,0.05389297766702022
Omar Mascarell,Mallorca,es La Liga,"MF,DF",2239,MID,1,0.9983370629344364,-1.736512400872911,-0.15055539798057566
Patrizio Masini,Genoa,it Serie A,MF,1413,MID,0,0.9999992100829538,-0.748540541381274,-0.6066841519486815
Han-Noah Massengo,Augsburg,de Bundesliga,MF,2427,MID,1,0.9990020563150069,-1.3664552588792278,-0.02093527830914741
Franco Mastantuono,Real Madrid,es La Liga,"MF,FW",1037,MID,0,0.9999998367327292,1.411879511288552,-0.0985570871409498
Clinton Mata,Lyon,fr Ligue 1,DF,2833,DEF,1,0.997563505555685,-1.822328935256836,0.005258894658704919
Igor Matanovic,Freiburg,de Bundesliga,FW,1571,FWD,0,0.9999999999999982,3.73838044565157,0.02552862965346506
Pape Matar Sarr,Tottenham Hotspur,eng Premier League,MF,1397,MID,0,0.9971662779079427,0.21003837163446004,-0.17951978330856824
Jean-Philippe Mateta,Crystal Palace,eng Premier League,FW,2218,FWD,0,1.0,3.4892130688436285,0.335668450198311
Nemanja Matić,Sassuolo,it Serie A,MF,2660,MID,1,0.996737657874804,-1.5125270102261141,-0.022460300251556327
Rudy Matondo,Paris FC,fr Ligue 1,MF,743,MID,0,0.8545387032145646,0.21595295732957842,-0.18382019926996962
Rudy Matondo,Auxerre,fr Ligue 1,MF,614,MID,1,0.9936447003838904,-1.3643150611858665,-0.14423437853347057
Chrislain Matsima,Augsburg,de Bundesliga,DF,1489,DEF,1,0.9946203440479788,-2.24100065555364,-0.025819105777937265
Jean Mattéo Bahoya,Eintracht Frankfurt,de Bundesliga,"MF,FW",1331,MID,0,0.999999839187351,1.402019222272759,-0.052847821289493745
Alan Matturro,Levante,es La Liga,DF,947,DEF,1,0.9934976971189602,-1.136144832596372,0.00932193301885121
Neal Maupay,Sevilla,es La Liga,FW,865,FWD,0,0.9999953790234235,1.8801286905552532,0.16155053012820153
Konstantinos Mavropanos,West Ham United,eng Premier League,DF,2534,DEF,1,0.9926162015005274,-1.6677163531929056,-0.006857546729588045
Christian Mawissa,Monaco,fr Ligue 1,"DF,MF",1191,DEF,1,0.9979182289437253,-2.3356473962878974,-0.1878439790703386
Eliezer Mayenda,Sunderland,eng Premier League,"FW,MF",759,FWD,0,0.9998633840001631,1.2353352948281122,0.25028297630591456
Borja Mayoral,Getafe,es La Liga,FW,1058,FWD,0,0.9999999993019433,1.8623763185756939,0.2865589883387435
Senny Mayulu,Paris Saint-Germain,fr Ligue 1,"MF,FW",1672,MID,0,0.9981266111232155,0.8273561278082289,-0.1499795395533185
Ibrahim Maza,Leverkusen,de Bundesliga,MF,1849,MID,0,0.9999999902228058,1.704990591780479,-0.10628815055143274
Noussair Mazraoui,Manchester Utd,eng Premier League,"DF,MF",985,DEF,1,0.9966301226928296,-1.8509138509120737,-0.14431628757539935
Luca Mazzitelli,Cagliari,it Serie A,MF,767,MID,0,0.9999913354121632,1.0414819779129243,-0.3093793898298426
Samuel Mbangula,Werder Bremen,de Bundesliga,"MF,FW",1171,MID,0,0.9999960372240672,1.2979500192043107,0.1290647967572655
Ethan Mbappé,Lille,fr Ligue 1,"MF,FW",567,MID,0,1.0,2.9579722801581965,-0.03302241357094828
Kylian Mbappé,Real Madrid,es La Liga,FW,2599,FWD,0,1.0,8.28659754419256,0.45744104121193624
Ibrahim Mbaye,Paris Saint-Germain,fr Ligue 1,"FW,MF",1006,FWD,0,0.9999938615978143,1.8903647051987167,0.11160533730729416
Chancel Mbemba,Lille,fr Ligue 1,DF,954,DEF,1,0.9991097589683697,-1.726537121069023,0.0021929295327045946
Bryan Mbeumo,Manchester Utd,eng Premier League,"MF,FW",2609,MID,0,0.9999999999725304,2.7016568684345064,0.179312309529573
Michel Mboula,Metz,fr Ligue 1,"DF,MF",746,DEF,1,0.9940668792326208,-2.177925976353449,-0.2132732121881028
Pathé Mboup,Brest,fr Ligue 1,MF,1054,MID,0,0.999999771045077,1.2047079255816184,-0.30316181815421517
Moustapha Mbow,Paris FC,fr Ligue 1,DF,2717,DEF,1,0.9994196825828012,-2.1000199652257505,-0.05768263824864932
John McGinn,Aston Villa,eng Premier League,MF,2137,MID,0,0.9999997413201053,0.946279177046742,-0.06638388306138553
Weston McKennie,Juventus,it Serie A,MF,2835,MID,0,0.6308350688558079,0.32009790442433933,0.0068250198016257535
Mark McKenzie,Toulouse,fr Ligue 1,DF,2494,DEF,1,0.9975944873792639,-1.9060664652048311,-0.05838556643701295
Dwight McNeil,Everton,eng Premier League,MF,1168,MID,0,0.9201620425072685,-0.3274813293807123,-0.05536812691267169
Scott McTominay,Napoli,it Serie A,MF,2791,MID,0,0.9999999999966054,2.779990512556639,0.09505952586462756
Facundo Medina,Marseille,fr Ligue 1,DF,1365,DEF,1,0.9980706875370923,-2.0648113662400527,-0.18636194878583773
Henrik Meister,Pisa,it Serie A,FW,1515,FWD,0,0.9979506628417018,0.5310245388273513,0.19452430331530243
Bamo Meïté,Lorient,fr Ligue 1,DF,1979,DEF,1,0.7935299436058415,-1.029341156668723,-0.00829290685499507
Kader Meïté,Rennes,fr Ligue 1,FW,535,FWD,0,1.0,5.949039574297493,0.18408363264805325
Hannibal Mejbri,Burnley,eng Premier League,MF,1229,MID,0,0.9999999999999947,1.4539201529245753,-0.25053159800410696
Nuno Mendes,Paris Saint-Germain,fr Ligue 1,DF,1256,DEF,0,1.0,2.4281560771356436,-0.17259559723582787
Brais Méndez,Real Sociedad,es La Liga,"MF,FW",1660,MID,0,0.9999999930464565,2.606314455211257,-0.13113707761716734
Rodrigo Mendoza,Elche,es La Liga,"MF,FW",794,MID,0,0.8859689418763397,0.2191981405124483,-0.14423390714996726
Antoine Mendy,Nice,fr Ligue 1,DF,2097,DEF,1,0.9979994926532696,-1.2153840056281333,-0.12102794222825138
Batista Mendy,Sevilla,es La Liga,MF,1617,MID,1,0.9469108191204699,-0.8755253075630841,-0.2034368063495017
Nobel Mendy,Rayo Vallecano,es La Liga,DF,1797,DEF,1,0.9974369886744013,-1.3832660087479722,-0.050131920901584595
Gideon Mensah,Auxerre,fr Ligue 1,DF,2327,DEF,1,0.6731216938829304,-1.6035173715978424,-0.20497842619875983
Khalis Merah,Lyon,fr Ligue 1,"MF,FW",1130,MID,1,0.8486326403194463,-1.0931837604901773,-0.09236161437082577
Alex Meret,Napoli,it Serie A,GK,979,GK,2,1.0,-1.7455506211003722,-3.591440431757205
Mikel Merino,Arsenal,eng Premier League,"MF,FW",1036,MID,0,0.9999995414873236,2.090562465975711,-0.137412283020666
Quentin Merlin,Rennes,fr Ligue 1,"DF,MF",2533,DEF,0,0.9999999999875797,-0.4059804373231915,-0.18705259767881047
Rafik Messali,Toulouse,fr Ligue 1,MF,502,MID,1,0.9476129648755556,-2.2383129322306257,-0.35160684293714384
Junior Messias,Genoa,it Serie A,MF,685,MID,0,0.9999999999996305,2.4749330348424747,-0.15767608290517168
Connor Metcalfe,St Pauli,de Bundesliga,"MF,FW",592,MID,0,0.9999999998564615,0.5230221581833685,-0.18579827018332953
Dayann Methalie,Toulouse,fr Ligue 1,MF,1961,MID,0,0.8140344196519195,-0.8327434217053495,-0.2743721009994856
Karol Mets,St Pauli,de Bundesliga,DF,1932,DEF,1,0.998867917340464,-2.02540140581245,0.018980445178443984
Thomas Meunier,Lille,fr Ligue 1,DF,1909,DEF,1,0.7985093594747916,-0.7527272681233754,-0.024544897424146818
Georges Mikautadze,Villarreal,es La Liga,FW,2109,FWD,0,1.0,3.9867413931970512,0.23400084344144403
William Mikelbrencis,Hamburger SV,de Bundesliga,"MF,DF",1372,MID,0,0.9999999994715978,0.028845341199275887,-0.09574680370530847
Nikola Milenković,Nottingham Forest,eng Premier League,DF,3375,DEF,1,0.9930222801143862,-1.9110536928694555,0.13175414543300598
Lewis Miley,Newcastle United,eng Premier League,"MF,DF",1496,MID,0,0.9999634027164139,-0.9858243035423149,-0.0400257793030186
Vanja Milinković-Savić,Napoli,it Serie A,GK,2430,GK,2,1.0,-1.7036684857104651,-7.176369832789571
Éder Militão,Real Madrid,es La Liga,DF,1139,DEF,1,0.8756677637079795,0.188233431990837,-0.05078878086841269
Luis Milla,Getafe,es La Liga,MF,3271,MID,0,1.0,-0.42508224070053446,-0.18876401289556483
Pere Milla,Espanyol,es La Liga,"MF,FW",1973,MID,0,0.9999994994777373,2.3601381292069323,-0.023827106057214505
Lennon Miller,Udinese,it Serie A,MF,996,MID,0,0.9994249964152726,-0.5935199416169347,-0.15330692823530848
James Milner,Brighton,eng Premier League,MF,784,MID,1,0.6438202586171433,-0.44945574903722213,-0.05550771884987183
Jovan Milošević,Werder Bremen,de Bundesliga,FW,488,FWD,0,1.0,3.9811303308467147,0.26318761408021446
Kim Min-jae,Bayern Munich,de Bundesliga,DF,1602,DEF,1,0.963250758333344,-2.528580405446137,-0.10843392523474554
Yerry Mina,Cagliari,it Serie A,DF,2150,DEF,1,0.9953937783604376,-1.1894057882521536,-0.029417762565951577
Takumi Minamino,Monaco,fr Ligue 1,MF,944,MID,0,0.9999878585361994,1.738517123953027,0.1977262639793852
Tyrone Mings,Aston Villa,eng Premier League,DF,1324,DEF,1,0.9779793086416091,-1.6559703012276032,0.175557145656459
Óscar Mingueza,Celta Vigo,es La Liga,MF,1968,MID,0,0.9999953833985977,-0.4125098456789156,-0.005710688941321657
Yankuba Minteh,Brighton,eng Premier League,MF,2391,MID,0,0.999999999999579,0.7812881138554428,-0.14118190453033158
Rafa Mir,Elche,es La Liga,"FW,MF",1803,FWD,0,1.0,4.0026623121477805,0.17501176355697476
Juan Miranda,Bologna,it Serie A,DF,2573,DEF,0,0.9999999995840092,-0.9052146277765994,-0.17978886732322788
Fabio Miretti,Juventus,it Serie A,MF,617,MID,0,0.999999999140627,1.6359982320467685,-0.20758930275747056
Tyrick Mitchell,Crystal Palace,eng Premier League,MF,3251,MID,0,0.8140657676415285,-1.4037716511679297,-0.15286695585198845
Kaoru Mitoma,Brighton,eng Premier League,"MF,FW",1721,MID,0,0.9797782181844272,1.0227663411841372,0.02180681599435327
Maximilian Mittelstädt,Stuttgart,de Bundesliga,"DF,MF",2186,DEF,0,0.9999999999535945,0.23461168120138887,-0.22552830070966173
Henrikh Mkhitaryan,Inter,it Serie A,MF,1560,MID,0,0.9975196362341558,1.23756327651887,-0.16483625047856798
Luka Modrić,Milan,it Serie A,MF,2811,MID,0,0.982660613622851,-0.9841212005101069,-0.07733150691062421
Terem Moffi,Nice,fr Ligue 1,FW,488,FWD,0,1.0,4.24285116277349,0.4663366095910422
Mostafa Mohamed,Nantes,fr Ligue 1,FW,1152,FWD,0,0.9999990421960576,2.063748953047009,0.05351778676090998
Wael Mohya,Gladbach,de Bundesliga,"MF,FW",552,MID,0,0.99999998409122,1.6546107025361256,0.010110946756079233
Johan Mojica,Mallorca,es La Liga,DF,2724,DEF,0,0.9999936998079244,-1.02251362113177,-0.1017637097702943
Alberto Moleiro,Villarreal,es La Liga,MF,2478,MID,0,0.9994848069342804,1.4993184675969136,0.05370147880399222
Nahuel Molina,Atlético Madrid,es La Liga,"DF,MF",1331,DEF,0,0.9978807479079301,-0.3665219099197548,-0.13221109425460914
Jon Moncayola,Osasuna,es La Liga,MF,3016,MID,0,0.9996666755315131,-1.0961291565775853,-0.06566654739998291
Lorenzo Montipò,Hellas Verona,it Serie A,GK,3150,GK,2,1.0,-1.9644638180252356,5.115259140235036
Álvaro Morata,Como,it Serie A,FW,930,FWD,0,0.9999999999993499,2.71580132945069,-0.04956266594908107
Morato,Nottingham Forest,eng Premier League,DF,1345,DEF,1,0.9987178944472063,-1.6562834165288582,-0.00967688273882354
Afonso Moreira,Lyon,fr Ligue 1,"MF,FW",1722,MID,0,1.0,2.8117015349076695,-0.2673931543994827
Diego Moreira,Strasbourg,fr Ligue 1,MF,2034,MID,0,0.9999999993633377,0.9628208840963378,-0.08761325955512288
Alberto Moreno,Como,it Serie A,DF,1233,DEF,1,0.5661661637812608,-0.10311497957524747,0.0033661964567847672
Álex Moreno,Girona,es La Liga,DF,2559,DEF,1,0.6545961466506595,-0.8863355881800792,-0.07466729668538474
Gerard Moreno,Villarreal,es La Liga,FW,1343,FWD,0,0.9999999999999911,3.3324458693076116,0.2481082988126076
Matias Moreno,Levante,es La Liga,DF,2252,DEF,1,0.9989375867329386,-2.1600974646511424,-0.09271275259699063
Tete Morente,Elche,es La Liga,MF,929,MID,0,0.9984904646181072,-0.4600652987940641,-0.2228632586464201
Tete Morente,Lecce,it Serie A,"FW,MF",859,FWD,0,0.9187716916938006,-0.3144553001483284,-0.03429413564645107
Stefano Moreo,Pisa,it Serie A,"FW,MF",2307,FWD,0,0.9816853293735974,1.0597997549148712,0.13201975181582998
Mateu Morey,Mallorca,es La Liga,"DF,MF",704,DEF,1,0.9639046741179165,-0.5661822144539037,-0.12409018398041084
Ilaix Moriba,Celta Vigo,es La Liga,MF,2495,MID,1,0.6727187142526078,-0.7693133606277319,-0.20635289800453124
Manu Morlanes,Mallorca,es La Liga,MF,1765,MID,1,0.997710601105725,-1.3195134716628205,-0.131621190168005
Nikola Moro,Bologna,it Serie A,MF,1799,MID,1,0.9713616578574253,-0.9338098333574034,0.04918171384823999
Raúl Moro,Osasuna,es La Liga,MF,625,MID,0,1.0,0.7490647031286577,0.2238766872687318
Tyler Morton,Lyon,fr Ligue 1,MF,2517,MID,1,0.6604084523211603,-0.8236148077266081,-0.06502578338709529
Cristhian Mosquera,Arsenal,eng Premier League,DF,994,DEF,1,0.987262085135402,-2.0818247624693824,-0.18325880423068555
Daniel Mosquera,Hellas Verona,it Serie A,FW,597,FWD,0,1.0,2.35848479270645,-0.07904155590357079
Yerson Mosquera,Wolves,eng Premier League,DF,2136,DEF,1,0.9562185589203919,-0.9047574134230693,-0.21424933574731708
Edoardo Motta,Lazio,it Serie A,GK,810,GK,2,1.0,-1.9006251380679258,-2.5318038500263476
Mason Mount,Manchester Utd,eng Premier League,MF,1017,MID,1,0.6306484314570039,0.21386853251148577,-0.08447812412593353
Samir El Mourabet,Strasbourg,fr Ligue 1,MF,2128,MID,1,0.9977150362071765,-1.5088359201360437,-0.1636435136128697
Santiago Mouriño,Villarreal,es La Liga,DF,2377,DEF,1,0.5829449550845379,-1.4574418088580054,-0.4022421429981532
Louis Mouton,Angers,fr Ligue 1,MF,1891,MID,1,0.9367814760940408,-0.07108125273596913,-0.007344528395498435
Tarik Muharemovic,Sassuolo,it Serie A,DF,2835,DEF,1,0.9986035300850541,-1.6025939149898518,-0.01708769296825026
Miro Muheim,Hamburger SV,de Bundesliga,"MF,DF",2435,MID,0,0.9999999998042313,-0.3453867349647925,-0.2804169950829001
Ngal'Ayel Mukau,Lille,fr Ligue 1,MF,1534,MID,1,0.9708792805475251,-0.4037463286248189,-0.07825431844853885
Nordi Mukiele,Sunderland,eng Premier League,DF,2784,DEF,1,0.7788275103338429,-1.02982886734605,-0.1873338924935374
Marshall Munetsi,Paris FC,fr Ligue 1,MF,975,MID,0,0.9994457063816812,1.4203999433820313,0.1405242140313488
Marshall Munetsi,Wolves,eng Premier League,"MF,FW",875,MID,0,0.9921111081058057,0.8652395876451555,-0.11764350434615457
Rodrigo Muniz,Fulham,eng Premier League,FW,1000,FWD,0,0.9999988940094197,1.9222075496507722,0.09240005221368837
Aihen Muñoz,Real Sociedad,es La Liga,DF,848,DEF,0,0.5667145361238084,-1.4490719325525487,-0.09259568933967562
Daniel Muñoz,Crystal Palace,eng Premier League,MF,2399,MID,0,0.6689186658816597,-0.11060717291566596,-0.17654178868911052
Iker Muñoz,Osasuna,es La Liga,MF,952,MID,1,0.9434725170901146,-0.623636936163664,-0.11436883703071318
Javier Muñoz,Getafe,es La Liga,"MF,FW",551,MID,1,0.8442564067783358,0.09400179282622746,-0.029531980224099662
Víctor Muñoz,Osasuna,es La Liga,"MF,FW",2656,MID,0,0.9999999986567909,2.3769791736595423,0.07484424751702662
Arijanet Muric,Sassuolo,it Serie A,GK,2880,GK,2,1.0,-1.8364587335417886,-0.2877714711069777
Murillo,Nottingham Forest,eng Premier League,DF,2130,DEF,1,0.9990690687244322,-1.9818682488812724,-0.021253940659537514
Vedat Muriqi,Mallorca,es La Liga,FW,3128,FWD,0,1.0,4.6304649597524214,0.28618646095532496
Jacob Murphy,Newcastle United,eng Premier League,"FW,MF",1617,FWD,0,1.0,1.6160684877502745,0.07395298302234865
Yunus Musah,Atalanta,it Serie A,MF,574,MID,0,0.984541899880687,0.40240651997273497,-0.041701430897628594
Jamal Musiala,Bayern Munich,de Bundesliga,"MF,FW",683,MID,0,1.0,4.34374139938452,0.036968289588935686
Juan Musso,Atlético Madrid,es La Liga,GK,720,GK,2,0.9993091344035574,-1.8763254774560074,-0.16599136348988622
Yvon Mvogo,Lorient,fr Ligue 1,GK,2790,GK,2,1.0,-2.0156002172309537,1.9583542002883443
Joel Mvuka,Lorient,fr Ligue 1,"MF,DF",560,MID,0,0.8833020212845181,-1.0616226036364698,-0.2254691168125912
Junior Mwanga,Nantes,fr Ligue 1,MF,1260,MID,1,0.994922032998372,-0.9864184691573122,0.0018328438288292709
Phillipp Mwene,Mainz 05,de Bundesliga,MF,2069,MID,0,0.9848053848734631,-0.7773714720381669,-0.042068732294382204
Vitaliy Mykolenko,Everton,eng Premier League,DF,2958,DEF,1,0.7775490804883582,-1.6381639100920167,-0.015393831588301937
Joakim Mæhle,Wolfsburg,de Bundesliga,"MF,DF",1222,MID,1,0.7550457053840676,-1.42335313294461,-0.16705231164778564
David Møller Wolfe,Wolves,eng Premier League,"MF,DF",1049,MID,0,0.9995640272827211,-1.3650925219602332,0.06676025249135373
Obite N'Dicka,Roma,it Serie A,DF,2680,DEF,1,0.9961600563856815,-1.3436175344753107,-0.03494230241364399
Konan N'dri,Lecce,it Serie A,MF,544,MID,0,0.9999999999999982,3.216666971706745,-0.03431336861218866
Stanley N'Soki,Union Berlin,de Bundesliga,"DF,MF",816,DEF,0,0.9048138929066,-1.522568642418431,-0.19329555378513277
Bilal Nadir,Marseille,fr Ligue 1,MF,598,MID,0,1.0,0.7393871023575654,-0.4466343124201604
Mahamadou Nagida,Rennes,fr Ligue 1,DF,805,DEF,1,0.822167461755111,-1.4057726820410312,-0.35134330540391234
Sebastian Nanasi,Strasbourg,fr Ligue 1,MF,1050,MID,0,0.9999999934652486,2.1316621382483376,0.2288045815292537
Nikolas Nartey,Stuttgart,de Bundesliga,MF,1256,MID,0,0.9999651216793985,1.5308848207809198,-0.036908371918603466
Noah Nartey,Lyon,fr Ligue 1,"MF,FW",545,MID,1,0.7082674295812061,0.16392184582416863,0.08119104858634285
Natan,Real Betis,es La Liga,DF,2807,DEF,1,0.9981006259206495,-2.199644563564751,0.046608239699089046
Pau Navarro,Villarreal,es La Liga,DF,1921,DEF,1,0.9925217554499339,-2.0655632694455415,-0.15372854377100204
Roberto Navarro,Athletic Club,es La Liga,MF,1307,MID,0,0.9999999904132011,1.7809029028918772,0.022133701733843807
Corrie Ndaba,Lecce,it Serie A,DF,543,DEF,1,0.9217223926786489,-2.125283733808377,0.17642104877028075
Michel Ndary Adopo,Cagliari,it Serie A,MF,3050,MID,1,0.9982729617547105,-0.9241014140893274,-0.014297905106946568
Abdoulaye Ndiaye,Parma,it Serie A,DF,780,DEF,1,0.9974020987754729,-1.7619011105439042,-0.16436605369986299
Iliman Ndiaye,Everton,eng Premier League,MF,2778,MID,0,0.9535434726846646,0.9936041891098405,-0.01878589670387683
Rassoul Ndiaye,Le Havre,fr Ligue 1,MF,2566,MID,0,0.9995499808784433,0.19032997066906562,-0.045493796166389745
Cher Ndour,Fiorentina,it Serie A,MF,1876,MID,1,0.9841487151333476,-0.3552155193005138,0.00547032557806094
Dan Ndoye,Nottingham Forest,eng Premier League,MF,1173,MID,0,0.9999824125420149,0.7969105395988172,-0.052096930752535506
Paul Nebel,Mainz 05,de Bundesliga,MF,2073,MID,0,0.9999999910396067,0.44550401045615334,-0.11905433908825891
Loïc Nego,Le Havre,fr Ligue 1,"DF,MF",2339,DEF,1,0.5375972340720326,-1.7054369277516173,-0.12442760014677877
Victor Nelsson,Hellas Verona,it Serie A,DF,3315,DEF,1,0.9908740622515841,-2.716114692099726,-0.20794316631410914
David Neres,Napoli,it Serie A,"FW,MF",922,FWD,0,1.0,1.622928997000193,-0.017534149591264658
Martim Neto,Elche,es La Liga,MF,1347,MID,0,0.999999999941247,0.3011529823236476,0.012277678857684465
Pedro Neto,Chelsea,eng Premier League,"MF,FW",2631,MID,0,1.0,1.2098118361364867,0.10318408730207328
Luca Netz,Gladbach,de Bundesliga,"MF,DF",940,MID,0,0.9995506391281055,-1.603924229960323,-0.009367879369570172
Manuel Neuer,Bayern Munich,de Bundesliga,GK,1859,GK,2,1.0,-2.002621732960401,-2.087235408407181
Florian Neuhaus,Gladbach,de Bundesliga,"MF,FW",930,MID,1,0.8911828090838141,-0.05546479045743877,0.029458370601275756
João Neves,Paris Saint-Germain,fr Ligue 1,MF,1287,MID,0,0.8797328394663465,0.6225401279389241,0.08245338171569644
Oumar Ngom,Lecce,it Serie A,MF,842,MID,1,0.9971853700468012,-1.9208283992668433,-0.21030636806091468
Cyril Ngonge,Torino,it Serie A,FW,994,FWD,0,0.9999999766841638,2.529158580194246,0.07917356166741356
Nathan Ngoy,Lille,fr Ligue 1,DF,2405,DEF,1,0.9985030842759621,-1.6184720433868576,-0.015589489208409473
Rio Ngumoha,Liverpool,eng Premier League,MF,560,MID,0,0.9999999999999556,2.406013646940064,0.09341578866208462
Moussa Niakhate,Lyon,fr Ligue 1,DF,2759,DEF,1,0.9976390872585978,-1.8220106316842035,-0.04314413045734177
Tanguy Nianzou,Sevilla,es La Liga,DF,655,DEF,1,0.89164546720863,-1.253322104394389,-0.13576178533510094
Cheikh Niasse,Hellas Verona,it Serie A,MF,970,MID,1,0.963979066870054,-1.159509045651701,-0.2642381519804379
Rasmus Nicolaisen,Toulouse,fr Ligue 1,DF,2654,DEF,1,0.9988537947232135,-1.7448516006592232,0.00870342312905434
Moritz Nicolas,Gladbach,de Bundesliga,GK,3060,GK,2,1.0,-1.9006464392300257,-1.197228922293655
Hans Nicolussi Caviglia,Fiorentina,it Serie A,MF,585,MID,0,0.9999999996708766,-0.021518112981250122,-0.27895686338939046
Hans Nicolussi Caviglia,Parma,it Serie A,MF,869,MID,0,0.9999999998713331,0.1274781574594116,0.00795920217806153
Julian Niehues,Heidenheim,de Bundesliga,MF,1383,MID,1,0.9753099488381598,-0.8726183028256307,0.03916171186546939
Oliver Nielsen,Lazio,it Serie A,DF,1536,DEF,1,0.9959397198840856,-1.862861161371684,0.10910394406065746
Justin Njinmah,Werder Bremen,de Bundesliga,"FW,MF",1947,FWD,0,0.9999999999999698,2.9216598324509184,0.2463755892362251
Obed Nkambadio,Paris FC,fr Ligue 1,GK,1080,GK,2,1.0,-2.224471395791429,8.84719059728494
Christopher Nkunku,Milan,it Serie A,FW,1356,FWD,0,0.9999999999986606,3.300886793768684,0.2797704201442016
Felix Nmecha,Dortmund,de Bundesliga,MF,2176,MID,1,0.9915856740483002,-0.4943724986089136,-0.05243685198101695
Lukas Nmecha,Leeds United,eng Premier League,FW,1083,FWD,0,0.999999999994472,3.350732300872704,0.12260596674525082
Arnaud Nordin,Mainz 05,de Bundesliga,"MF,FW",469,MID,0,0.9999985238875665,0.6250877461880958,-0.08342757171472961
Arnaud Nordin,Rennes,fr Ligue 1,"FW,MF",570,FWD,0,1.0,3.5001783832427633,-0.09309330686720232
Brooke Norton-Cuffy,Genoa,it Serie A,"MF,DF",2212,MID,0,0.9030862774487779,-0.9833074066907966,-0.03628247667861147
Tijjani Noslin,Lazio,it Serie A,FW,1148,FWD,0,0.9999999992799076,3.1089775664313017,0.09944690111395907
Alexander Nübel,Stuttgart,de Bundesliga,GK,3060,GK,2,1.0,-1.8060634885761189,-1.4400432529046139
Matheus Nunes,Manchester City,eng Premier League,DF,2862,DEF,0,0.9050967036612908,-1.361321592802273,-0.07677487330147906
Álvaro Núñez,Elche,es La Liga,"DF,MF",1647,DEF,0,0.9947344665226611,-1.39642586121679,-0.02216861697603608
Unai Núñez,Hellas Verona,it Serie A,DF,1265,DEF,1,0.9930588099027312,-2.075392720089667,-0.25355882385645645
Unai Núñez,Valencia,es La Liga,DF,911,DEF,1,0.9994489711097857,-1.7196257159209212,-0.07385775996833026
Antonio Nusa,RB Leipzig,de Bundesliga,"FW,MF",2027,FWD,0,1.0,2.221906377898594,0.05102637518319766
Ørjan Nyland,Sevilla,es La Liga,GK,450,GK,2,1.0,-2.141994305620498,4.631903128176173
Allan Nyom,Getafe,es La Liga,DF,523,DEF,0,0.9998521819182137,-0.14433677841709588,-0.12051511797733967
M'Bala Nzola,Pisa,it Serie A,FW,1052,FWD,0,0.9999999999999787,2.7376813233388573,0.22155636784010693
M'Bala Nzola,Sassuolo,it Serie A,FW,473,FWD,0,0.9999999999977387,2.8392909726251796,0.0748386076230338
Jake O'Brien,Everton,eng Premier League,DF,3120,DEF,1,0.9548795310015302,-1.3009321741048336,0.09373809198836597
Luke O'Nien,Sunderland,eng Premier League,DF,569,DEF,1,0.7458624630574283,-1.0594218417274395,-0.0933172730818154
Matt O'Riley,Marseille,fr Ligue 1,MF,741,MID,0,0.9989438318410185,-0.14380698585423493,-0.07072178189232294
Adam Obert,Cagliari,it Serie A,"DF,MF",2771,DEF,1,0.9733286739076423,-1.8717826359339802,-0.1579240400104038
Jan Oblak,Atlético Madrid,es La Liga,GK,2700,GK,2,1.0,-1.8473334438497306,-4.9958483421602145
Rafel Obrador,Torino,it Serie A,MF,1116,MID,0,0.9999999999050058,-0.6749424266956366,-0.016456888159212077
Jens Odgaard,Bologna,it Serie A,MF,1378,MID,0,0.9999994762889045,2.4218878320442574,0.015786433348173243
Wilson Odobert,Tottenham Hotspur,eng Premier League,"MF,FW",985,MID,0,0.9999999784519693,0.8856442826526653,0.17003466576083967
Ifechukwu Ogbus,Freiburg,de Bundesliga,DF,1177,DEF,1,0.997150208068264,-2.0385628015895865,-0.004620832060488982
Noah Okafor,Leeds United,eng Premier League,"FW,MF",1561,FWD,0,0.9999419043266188,1.4901781596530472,0.0504307257581505
Bryan Okoh,Auxerre,fr Ligue 1,DF,1005,DEF,1,0.744866018837985,-1.4660074656580828,-0.1469264086796673
Maduka Okoye,Udinese,it Serie A,GK,2616,GK,2,1.0,-1.878228230696219,-2.447911329538239
Olasagasti,Levante,es La Liga,MF,1734,MID,0,1.0,0.6712973742604066,-0.13004670300198173
Michael Olise,Bayern Munich,de Bundesliga,MF,2316,MID,0,1.0,7.0759656040249,-0.07092680517328187
Mathías Olivera,Napoli,it Serie A,"DF,MF",1370,DEF,1,0.9993481257185943,-1.8874909656891536,-0.11375716087463678
Dani Olmo,Barcelona,es La Liga,MF,2067,MID,0,0.9999999999999662,3.0507678327474252,-0.05259346088522176
Tani Oluwaseyi,Villarreal,es La Liga,FW,901,FWD,0,0.999999999999563,2.452874717330883,0.21363520677660092
Warmed Omari,Hamburger SV,de Bundesliga,DF,1605,DEF,1,0.9988357203882045,-2.332475883428934,-0.10884620515769462
Andrew Omobamidele,Strasbourg,fr Ligue 1,DF,1357,DEF,1,0.9952869903991811,-1.6256458672703191,0.10685575270909767
Amadou Onana,Aston Villa,eng Premier League,MF,1758,MID,1,0.9939093077810609,-1.0174152219163013,-0.11540600372719684
Jacob Ondrejka,Parma,it Serie A,"FW,MF",773,FWD,0,0.999597587058393,1.03831924746465,0.1607718324197873
Loïs Openda,Juventus,it Serie A,"FW,MF",666,FWD,0,1.0,4.287170183315253,0.1609488467187249
Fredrik Oppegard,Auxerre,fr Ligue 1,"MF,DF",1246,MID,0,0.960821757294802,-1.5698825545857549,-0.09822637463612521
Louis Oppie,St Pauli,de Bundesliga,MF,1620,MID,0,0.8545747907280039,-0.7373546541650441,-0.005883088191864634
Gift Orban,Hellas Verona,it Serie A,FW,2027,FWD,0,1.0,4.148618832722847,0.309795106959799
Willi Orban,RB Leipzig,de Bundesliga,DF,2949,DEF,1,0.9983265321338853,-1.661859464143939,-0.022880828739667396
Christian Ordoñez,Parma,it Serie A,MF,1091,MID,1,0.9979568261328953,-1.1356202464576286,-0.05126116371166157
Gaetano Oristanio,Parma,it Serie A,"FW,MF",859,FWD,0,0.9999676650626714,1.525791179227587,0.04977026497891881
Aimar Oroz,Osasuna,es La Liga,"MF,FW",2139,MID,0,0.9999507903774605,0.08557867373629838,-0.071878497872405
Riccardo Orsolini,Bologna,it Serie A,"MF,FW",2111,MID,0,1.0,4.286293242456006,0.16701653230323818
Ángel Ortíz,Real Betis,es La Liga,DF,584,DEF,0,0.9999529891310855,-1.7596087592668417,-0.3376796845461156
Ibrahim Osman,Auxerre,fr Ligue 1,"MF,FW",625,MID,0,0.9999999982481285,1.9965639622820859,-0.09830801947540828
Patrick Osterhage,Freiburg,de Bundesliga,MF,1189,MID,1,0.9982538028522832,-1.2284111840717153,0.025901853360798657
William Osula,Newcastle United,eng Premier League,FW,819,FWD,0,1.0,4.203951005674723,0.06872178089426714
Philip Otele,Hamburger SV,de Bundesliga,"MF,FW",471,MID,0,0.999305829787297,0.9916609717080616,0.04016618897246306
Sebastian Otoa,Genoa,it Serie A,DF,829,DEF,1,0.9944451384177412,-1.4120725893544022,-0.008051896400721095
Abdoul Ouattara,Strasbourg,fr Ligue 1,"MF,DF",1768,MID,1,0.9705065394869766,-0.5825003310269564,0.08099449226398477
Dango Ouattara,Brentford,eng Premier League,MF,2276,MID,0,0.9999999337107277,1.9543995399462701,-0.020565689807142743
Kassoum Ouattara,Monaco,fr Ligue 1,"MF,DF",967,MID,0,0.9999999999958717,-0.8621945560092709,-0.48584083988794885
Assan Ouedraogo,RB Leipzig,de Bundesliga,MF,948,MID,0,1.0,3.1403241479848956,0.15261818502531146
Azzedine Ounahi,Girona,es La Liga,MF,1760,MID,0,0.9999999999999698,2.2936660428950995,-0.07272090486155636
Elisha Owusu,Auxerre,fr Ligue 1,MF,2344,MID,1,0.9652980301962232,-2.0524732174368885,-0.24271378307253386
Mikel Oyarzabal,Real Sociedad,es La Liga,FW,2710,FWD,0,0.9999999999966178,3.526279666227457,0.18596997712052407
Daniel Oyegoke,Hellas Verona,it Serie A,"MF,DF",594,MID,0,0.9996486187159072,-1.2275473894041642,-0.26195373454875587
Berke Özer,Lille,fr Ligue 1,GK,2834,GK,2,1.0,-1.756958278567431,-4.206176955091917
Cenk Özkacar,Köln,de Bundesliga,DF,1791,DEF,1,0.9986239936473451,-2.120573817178749,-0.0285517560105387
Nico O’Reilly,Manchester City,eng Premier League,"DF,MF",2646,DEF,1,0.8950076080559652,0.043306150569671506,-0.07489036301037479
Pablo,West Ham United,eng Premier League,"MF,FW",823,MID,0,0.9700292626590686,-0.4361709791391319,-0.23147598439494307
Jon Pacheco,Alavés,es La Liga,DF,1735,DEF,1,0.994759004216667,-1.9471657847890993,0.0986942761349237
Willian Pacho,Paris Saint-Germain,fr Ligue 1,DF,1914,DEF,1,0.9966921928096973,-2.357340656292766,0.007205061921545473
Pablo Pagis,Lorient,fr Ligue 1,"MF,FW",1756,MID,0,1.0,3.2284500865482295,-0.0965130778784032
Igor Paixão,Marseille,fr Ligue 1,MF,1975,MID,0,0.9999999997692877,2.8132541064818106,0.035409178819834276
Exequiel Palacios,Leverkusen,de Bundesliga,MF,1099,MID,1,0.8792923291458636,-1.1576973623355191,0.039270336540263906
Isaac Palazón Camacho,Rayo Vallecano,es La Liga,"MF,FW",2248,MID,0,0.9999999995212256,1.8265691307924596,0.010342420636672085
Alberto Paleari,Torino,it Serie A,GK,2610,GK,2,1.0,-1.9927022382336976,1.610027275043003
Marco Palestra,Cagliari,it Serie A,"MF,DF",3081,MID,0,0.9999999917786653,0.3887373895865662,-0.159886180884506
João Palhinha,Tottenham Hotspur,eng Premier League,MF,2199,MID,1,0.5996126221428095,-0.570960185316817,-0.31296785164635366
Cole Palmer,Chelsea,eng Premier League,MF,1955,MID,0,0.999999999996728,2.6934955595840595,0.13772508853768303
Emerson Palmieri,Marseille,fr Ligue 1,"DF,MF",2114,DEF,0,0.9999999819726534,-1.4459267306285257,-0.2089282194737287
Diego Pampín,Levante,es La Liga,DF,534,DEF,1,0.9808490298230762,-1.5102408191913312,-0.08354849030420204
Joaquín Panichelli,Strasbourg,fr Ligue 1,FW,2193,FWD,0,1.0,4.001314290305409,0.12870114928295756
Lucas Paquetá,West Ham United,eng Premier League,"MF,FW",1511,MID,0,0.9962425656900797,1.240112256008975,-0.09772426760471953
Victor Parada,Alavés,es La Liga,DF,2146,DEF,0,0.651609286496043,-0.8051698157997452,0.067182626457273
Aitor Paredes,Athletic Club,es La Liga,DF,1630,DEF,1,0.9980563703699117,-1.5926721458883044,-0.003917864411644501
Daniel Parejo,Villarreal,es La Liga,MF,1392,MID,0,0.7903304403050061,-1.58213700456284,-0.23711626615718306
Fabiano Parisi,Fiorentina,it Serie A,"MF,FW",1520,MID,0,0.9999999999996554,0.5551854940977063,-0.1628259910267883
Thomas Partey,Villarreal,es La Liga,MF,934,MID,1,0.9991401255435354,-1.5524863077625417,0.007761292412925427
Mario Pašalić,Atalanta,it Serie A,MF,1936,MID,0,0.5377265956848337,-0.3678697268706659,0.05120345042598439
Patric,Lazio,it Serie A,"MF,DF",667,MID,2,0.9795652238107724,-1.6412010471987402,0.2703043928214091
Benjamin Pavard,Marseille,fr Ligue 1,DF,1928,DEF,1,0.9953962412881178,-1.128037594455421,0.012921196886979042
Aleksandar Pavlovic,Bayern Munich,de Bundesliga,MF,1462,MID,1,0.9968029593446233,-0.7779187577324204,-0.002598562224056067
Strahinja Pavlović,Milan,it Serie A,DF,2869,DEF,1,0.9948288349571217,-0.6777671673591323,0.06447201754686713
Martín Payero,Cremonese,it Serie A,MF,1457,MID,0,0.9827891748819622,0.5601453022229708,-0.1112505785374756
Nicolás Paz,Como,it Serie A,MF,2878,MID,0,0.9999999999998508,3.2004429262882437,-0.2017080107416623
Marcus Pedersen,Torino,it Serie A,"MF,DF",2134,MID,0,0.9999901129185594,-0.7037693458102586,0.02037132269620714
Alfonso Pedraza,Villarreal,es La Liga,DF,1689,DEF,0,0.9999954357158456,-0.8310752380733866,-0.34742828546165594
Pedri,Barcelona,es La Liga,MF,2104,MID,0,0.9999999999942215,0.06854672268788761,-0.13688974540721707
Pedro,Lazio,it Serie A,"FW,MF",982,FWD,0,0.9999999999999929,2.758342441361629,0.047735905400204386
Zé Pedro Figueiredo,Cagliari,it Serie A,DF,1699,DEF,1,0.9982358966634509,-1.8137776258947251,-0.09828003408851659
Adrià Pedrosa,Elche,es La Liga,"DF,MF",1090,DEF,0,0.9939257882634345,-0.8878681070016491,-0.27012736626772926
Dženan Pejčinović,Wolfsburg,de Bundesliga,FW,1460,FWD,0,0.9999999999999893,3.1869765719517056,0.21350394881299917
Lorenzo Pellegrini,Roma,it Serie A,MF,1463,MID,0,0.9999999999991172,2.1630877647000433,-0.06276431476851843
Luca Pellegrini,Lazio,it Serie A,DF,1469,DEF,1,0.9686086755578939,-1.1938982450730944,-0.12140869001698366
Mateo Pellegrino,Parma,it Serie A,FW,2984,FWD,0,0.9999999997969375,2.4090188616125103,0.02322296589238881
Iñaki Peña,Elche,es La Liga,GK,1440,GK,2,1.0,-2.0279384175445085,3.5957335169308595
Mike Penders,Strasbourg,fr Ligue 1,GK,2970,GK,2,1.0,-1.9285790969217893,0.4242900987401781
Nicolas Pépé,Villarreal,es La Liga,"MF,FW",2393,MID,0,0.9999999999998614,3.029750400013908,0.024563825470510357
Kojo Peprah Oppong,Nice,fr Ligue 1,DF,2425,DEF,1,0.9992098117538138,-1.6909277743616815,-0.07663134074162334
Peque,Sevilla,es La Liga,"MF,FW",982,MID,0,1.0,1.9094969119194292,-0.09691692807334419
Mathias Pereira Lage,St Pauli,de Bundesliga,"MF,FW",2018,MID,0,0.9999883896365476,1.535450577154587,-0.06182282343500658
Ángel Pérez,Alavés,es La Liga,"MF,DF",1288,MID,0,0.9999999999999929,0.629272818260157,-0.09949611574050728
Ayoze Pérez,Villarreal,es La Liga,FW,1124,FWD,0,0.9999999999970317,3.06327979841484,0.023269729168590277
Francisco Perez,Rayo Vallecano,es La Liga,"MF,FW",1237,MID,0,0.9999912786148416,1.1513814257948927,0.058920460590817354
Mattia Perin,Juventus,it Serie A,GK,765,GK,2,1.0,-2.0058925577729734,-0.766910446454583
Romain Perraud,Lille,fr Ligue 1,DF,2241,DEF,0,0.9999999999434941,0.4163569249613858,-0.17503185168433244
Lucas Perri,Leeds United,eng Premier League,GK,1440,GK,2,1.0,-2.1066392374269194,6.5338714023124345
Máximo Perrone,Como,it Serie A,MF,2742,MID,1,0.9843674948422204,-0.782351746388789,-0.0768276454175202
Prosper Peter,Angers,fr Ligue 1,FW,1273,FWD,0,1.0,3.4726910342081436,0.13692007947191237
Léo Pétrot,Elche,es La Liga,DF,1572,DEF,1,0.9977790094915057,-1.9825943718167083,-0.06347281840245465
Đorđe Petrović,Bournemouth,eng Premier League,GK,3420,GK,2,0.9999989267313172,-1.9690809492597658,-0.09180464529184883
Giuseppe Pezzella,Cremonese,it Serie A,"MF,DF",2585,MID,0,0.9999846983179179,-0.8209047334116232,-0.12327778733789796
Rayan Philippe,Hamburger SV,de Bundesliga,"FW,MF",1285,FWD,0,0.9999999434143569,2.217050961178108,0.0637740850724894
Gabriele Piccinini,Pisa,it Serie A,MF,875,MID,0,0.9362426330556922,0.12181777830033183,-0.07684594794928225
Roberto Piccoli,Fiorentina,it Serie A,FW,1672,FWD,0,0.9999999999992237,3.0460286224464785,0.14894583653277454
Charles Pickel,Espanyol,es La Liga,MF,707,MID,1,0.8474901973195499,-0.49751199518887745,0.008542262119751438
Jordan Pickford,Everton,eng Premier League,GK,3420,GK,2,0.9999999999999996,-1.9454280658703935,-0.35256833857032244
Amos Pieper,Werder Bremen,de Bundesliga,DF,1502,DEF,1,0.9968684951154412,-2.1288511700901465,-0.12958007291317675
Marvin Pieringer,Heidenheim,de Bundesliga,"FW,MF",1650,FWD,0,0.9999631094513171,1.5112173499885149,-0.033470377523280206
Santiago Pierotti,Lecce,it Serie A,"MF,FW",2597,MID,0,0.8992256626380611,-0.45676202391804954,-0.24368646632401325
Andrea Pinamonti,Sassuolo,it Serie A,FW,2552,FWD,0,0.9999999995483027,2.745267239804521,0.31673000746286684
Thiago Pinar,Real Madrid,es La Liga,MF,592,MID,0,0.9999993464431332,0.30189500849196876,-0.08762537887425577
Yeremi Pino,Crystal Palace,eng Premier League,"MF,FW",2080,MID,0,0.9999699069483078,1.0847251002832154,0.007291788951718377
Jakub Piotrowski,Udinese,it Serie A,MF,1696,MID,1,0.810810102322209,0.17946701095198933,-0.15100335499767398
Niccolò Pisilli,Roma,it Serie A,MF,1295,MID,0,0.9956697653841757,-0.261577438576618,-0.14863667269493244
Tommaso Pobega,Bologna,it Serie A,MF,1434,MID,0,0.5242585267059308,0.036320134618025066,-0.1730115870020242
Ernest Poku,Leverkusen,de Bundesliga,MF,1482,MID,0,0.9999999916031541,1.354936857479544,0.16223332630452772
Matteo Politano,Napoli,it Serie A,"MF,FW",2200,MID,0,1.0,1.1833953225870584,0.03226782308275922
Marin Pongračić,Fiorentina,it Serie A,DF,2918,DEF,1,0.9376932574786704,-1.8120220580101183,-0.07936162195964724
Nick Pope,Newcastle United,eng Premier League,GK,2416,GK,2,1.0,-1.8654224454230122,0.18583112334245935
Pedro Porro,Tottenham Hotspur,eng Premier League,DF,2796,DEF,0,1.0,-0.7882846731732404,-0.258609725778096
Portu,Girona,es La Liga,"FW,MF",474,FWD,0,0.999999578714826,1.2787753906625823,0.1646360975172706
Stefan Posch,Mainz 05,de Bundesliga,DF,1395,DEF,1,0.9971068452579294,-1.925902884353285,-0.09485369095071143
Freddie Potts,West Ham United,eng Premier League,MF,1171,MID,1,0.8089900550997423,-1.7658942361875771,-0.20604822711807405
Kacper Potulski,Mainz 05,de Bundesliga,DF,1065,DEF,1,0.9931463671621533,-1.321815855360419,-0.15937154004654552
Alexander Prass,Hoffenheim,de Bundesliga,MF,1308,MID,0,0.9999532876921128,1.1241535805514882,-0.17535366449735756
Matteo Prati,Torino,it Serie A,MF,614,MID,0,0.5767223724683884,-0.45900065054699446,-0.02683544519885445
Matteo Prati,Cagliari,it Serie A,MF,1268,MID,1,0.9985809980183998,-1.388815034004087,-0.015136049544853147
Grischa Prömel,Hoffenheim,de Bundesliga,MF,1758,MID,0,0.9991102766402309,1.435782564885987,0.012397846519153448
Ivan Provedel,Lazio,it Serie A,GK,2430,GK,2,1.0,-1.7605834140589491,-7.939922691445419
Javi Puado,Espanyol,es La Liga,"MF,FW",674,MID,0,0.9999927829795624,1.6931949860878508,0.11842339302155631
Marc Pubill,Atlético Madrid,es La Liga,DF,1381,DEF,1,0.9991526823276535,-1.1512007572522056,-0.06310742228067732
Cameron Puertas,Werder Bremen,de Bundesliga,MF,1846,MID,0,0.9992064436509772,-0.024844478317573596,-0.29886803103885423
Christian Pulisic,Milan,it Serie A,FW,1609,FWD,0,1.0,3.6518159761121454,0.19883347036409932
Arkadiusz Pyrka,St Pauli,de Bundesliga,MF,2576,MID,1,0.9522264457847627,-1.440878769731149,0.012332666798386158
Jarell Quansah,Leverkusen,de Bundesliga,DF,2299,DEF,1,0.9956794075780055,-1.027942081642079,0.027805110946168863
Leopold Querfeld,Union Berlin,de Bundesliga,DF,2705,DEF,1,0.996579662742919,-0.9942792523990005,-0.07690397339053572
Adrien Rabiot,Milan,it Serie A,MF,2550,MID,0,0.9967214702587044,1.0306790737465368,-0.09622073038298563
Ionuț Radu,Celta Vigo,es La Liga,GK,3420,GK,2,1.0,-1.863664232638608,-1.5728958757342753
Ugo Raghouber,Levante,es La Liga,MF,706,MID,1,0.9526649203969152,-1.981880829114348,-0.2645423526901525
Antonio Raillo,Mallorca,es La Liga,DF,2070,DEF,1,0.9896740699015844,-1.4551853100512802,0.09740015493593358
Ylber Ramadani,Lecce,it Serie A,MF,3203,MID,1,0.9912205995671336,-1.3796019657218785,-0.18545664873607023
Diant Ramaj,Heidenheim,de Bundesliga,GK,2790,GK,2,1.0,-2.0931042645600146,11.488860731732945
Largie Ramazani,Valencia,es La Liga,"MF,FW",1234,MID,0,0.9999999999988951,3.2292934235674053,-0.021367354427119647
Jacobo Ramón,Como,it Serie A,DF,2742,DEF,1,0.9987523220247659,-1.3176683505643232,-0.04990663948662748
Gonçalo Ramos,Paris Saint-Germain,fr Ligue 1,FW,1318,FWD,0,1.0,4.3592145122162895,0.06388855834828414
Aaron Ramsdale,Newcastle United,eng Premier League,GK,1004,GK,2,1.0,-2.074256984338799,5.109105070877624
Jacob Ramsey,Newcastle United,eng Premier League,MF,1450,MID,1,0.7460769345177078,-0.29494882704254777,-0.037482416624769414
Luca Ranieri,Fiorentina,it Serie A,DF,2458,DEF,1,0.9977845875221251,-1.355320693563341,0.00971683251660343
Lilian Raolisoa,Angers,fr Ligue 1,"MF,DF",1966,MID,0,0.9999998891435763,-0.4373616803264853,-0.16621800727697641
Raphinha,Barcelona,es La Liga,"MF,FW",1380,MID,0,1.0,5.474222259684745,0.21606457666336784
Marcus Rashford,Barcelona,es La Liga,"MF,FW",1763,MID,0,1.0,5.180168457051576,0.1492518231129009
Mathias Rasmussen,St Pauli,de Bundesliga,MF,694,MID,1,0.9982122135745095,-1.2890326479889678,0.01645642595361829
Giacomo Raspadori,Atalanta,it Serie A,"MF,FW",796,MID,0,1.0,3.013265722454113,0.18176231953301153
Andrei Ratiu,Rayo Vallecano,es La Liga,DF,2807,DEF,0,0.9930897119209132,-1.0315910505756054,-0.15610241920055856
Raúl,Osasuna,es La Liga,FW,1041,FWD,0,1.0,4.843223627824343,0.10206366232187615
David Raum,RB Leipzig,de Bundesliga,DF,2553,DEF,0,1.0,0.06367412517382251,-0.24593030079788109
Federico Ravaglia,Bologna,it Serie A,GK,1470,GK,2,1.0,-2.014409832200498,6.229118504256776
David Raya,Arsenal,eng Premier League,GK,3330,GK,2,1.0,-1.7746425299391493,-9.449357174911453
Rayan,Bournemouth,eng Premier League,MF,1111,MID,0,0.999977992400007,1.5174022955716144,0.13847712234903733
Abde Rebbach,Alavés,es La Liga,"MF,DF",1496,MID,0,1.0,1.8507952383095003,-0.36631125321774
Luca Reggiani,Dortmund,de Bundesliga,DF,511,DEF,1,0.9954063523926323,-1.3880604247364225,0.005918950659360773
Alejandro Rego,Athletic Club,es La Liga,MF,1279,MID,0,0.9798599469438647,-1.2532144181683929,-0.32535404113451855
Tijjani Reijnders,Manchester City,eng Premier League,MF,1631,MID,0,0.9999938465387557,2.04008663835849,0.14093546554749498
Alberto Reina,Oviedo,es La Liga,MF,2462,MID,1,0.7810159683799989,-0.01050835450125265,-0.02415082026208174
Vitor Reis,Girona,es La Liga,DF,3138,DEF,1,0.9992824909527817,-1.63784591366217,-0.02512763240462794
Rocco Reitz,Gladbach,de Bundesliga,MF,2627,MID,0,0.998707222231805,-0.08884391276751655,-0.30471210447642855
Nicolai Remberg,Hamburger SV,de Bundesliga,MF,2880,MID,1,0.9965472867332563,-1.286619574607834,-0.12618789806704667
Álex Remiro,Real Sociedad,es La Liga,GK,3330,GK,2,1.0,-2.0109984973628756,5.993667400046631
Devyne Rensch,Roma,it Serie A,MF,1184,MID,0,0.9999988485462875,-0.5331674518656635,-0.10716970899332069
Guillaume Restes,Toulouse,fr Ligue 1,GK,3029,GK,2,1.0,-1.9332167948655425,-0.5223456844411443
Elvis Rexhbeçaj,Augsburg,de Bundesliga,MF,1118,MID,1,0.7230475986381614,-0.0926632930151831,0.09258468672172628
Oriol Rey,Levante,es La Liga,MF,1319,MID,1,0.9950200267554855,-1.3749061354354677,-0.06225019974745044
Gio Reyna,Gladbach,de Bundesliga,MF,520,MID,0,0.5950898659841858,-0.24582047711940344,-0.025777123533971255
Chadi Riad,Crystal Palace,eng Premier League,DF,552,DEF,1,0.6334007738833075,-0.9956776596443256,0.036686359469309655
Alexsandro Ribeiro,Lille,fr Ligue 1,DF,509,DEF,1,0.8883123658100386,-1.443148747827555,-0.33583298749408175
Rodrigo Ribeiro,Augsburg,de Bundesliga,FW,636,FWD,0,1.0,3.6701947498180467,0.22090759545467178
Samuele Ricci,Milan,it Serie A,MF,1312,MID,0,0.9999999978706402,0.7559963206771537,-0.06547850452534291
Declan Rice,Arsenal,eng Premier League,MF,3094,MID,0,0.9999999413933799,-0.3672001389116006,-0.06350870241760444
Chris Richards,Crystal Palace,eng Premier League,DF,2827,DEF,1,0.9976191725721361,-2.354861936676462,-0.02316453930331795
Richarlison,Tottenham Hotspur,eng Premier League,"FW,MF",1964,FWD,0,0.9999999999991491,3.7223185736407522,0.1268343114385926
Diego Rico,Getafe,es La Liga,DF,1758,DEF,0,0.9749088176526152,-1.709852452658498,-0.3094639174438672
Clemens Riedel,Espanyol,es La Liga,DF,1396,DEF,1,0.985548578771324,-1.5373415575431082,-0.019386652469290742
Fabian Rieder,Augsburg,de Bundesliga,MF,2343,MID,0,0.9999963090451535,1.0683395805712639,-0.09078566286987555
Chris Rigg,Sunderland,eng Premier League,MF,761,MID,1,0.6433768620833427,0.2125403180124833,0.039119169989348286
Hugo Rincón,Girona,es La Liga,DF,1750,DEF,0,0.999536787714858,-0.49046467593574333,-0.22966153496889913
Luis Rioja,Valencia,es La Liga,MF,2624,MID,0,0.9999999999996945,0.45379273989011704,-0.0007096941870019823
Rodrigo Riquelme,Real Betis,es La Liga,MF,821,MID,0,0.999575340640537,1.1399824369207516,-0.03265733463038785
Robin Risser,Lens,fr Ligue 1,GK,2970,GK,2,1.0,-1.8067511541655712,-3.6779561180709712
Lars Ritzka,St Pauli,de Bundesliga,"MF,DF",966,MID,1,0.5676207265439346,-2.2355096960499155,-0.2643713837423926
Sergi Roberto,Como,it Serie A,MF,544,MID,1,0.9900188135843851,-0.8557376042402925,-0.114363139048851
Andrew Robertson,Liverpool,eng Premier League,DF,1176,DEF,0,0.9999947872303042,-0.6917178757242931,0.13481802831100065
Antonee Robinson,Fulham,eng Premier League,"DF,MF",1492,DEF,0,0.9999675420372038,-2.033478039169358,-0.2979045264642131
Joel Roca,Girona,es La Liga,"MF,FW",1473,MID,0,0.9999999999982645,2.624911451424063,0.07886151718952146
Marc Roca,Real Betis,es La Liga,MF,2026,MID,1,0.9945113569298001,-1.0608492856333709,-0.177792816408711
Joe Rodon,Leeds United,eng Premier League,DF,2951,DEF,1,0.995024712951531,-1.5371409208573537,0.11387570145017656
Rodri,Manchester City,eng Premier League,MF,1511,MID,1,0.9264219938151818,-1.0428751758126011,-0.09614048793213563
Álvaro Rodríguez,Elche,es La Liga,FW,2201,FWD,0,0.9999999999999662,3.8308280832023898,0.09672769531549581
Guido Rodríguez,Valencia,es La Liga,MF,1309,MID,0,0.7391278187503654,-0.15346183125293106,-0.18777188948559495
Javi Rodríguez,Celta Vigo,es La Liga,DF,2558,DEF,1,0.9985681951071501,-1.6388371088207743,-0.03688248437436749
Jesus Rodríguez,Como,it Serie A,MF,1731,MID,0,1.0,2.2812320129661856,-0.07111597897701648
Juan Rodríguez,Cagliari,it Serie A,DF,1310,DEF,1,0.9985203602528026,-2.156997452510816,-0.1699941766421065
Ricardo Rodríguez,Real Betis,es La Liga,DF,1547,DEF,1,0.96103535278992,-1.9011169788715365,0.10006749944935027
Rodrygo,Real Madrid,es La Liga,"MF,FW",684,MID,0,1.0,3.885251200543753,-0.14075145282897344
Robin Roefs,Sunderland,eng Premier League,GK,3150,GK,2,1.0,-1.8055852853868584,-1.0446344013308673
Morgan Rogers,Aston Villa,eng Premier League,MF,3280,MID,0,0.9999947409124436,1.9465120333490817,0.06233441647139039
Merlin Röhl,Everton,eng Premier League,MF,682,MID,0,0.9992810918276387,-0.1337686262150194,-0.22595046290052345
Alessio Romagnoli,Lazio,it Serie A,DF,2666,DEF,1,0.9965697408136681,-2.0257650579558937,0.0948842920423957
Leo Román,Mallorca,es La Liga,GK,2970,GK,2,1.0,-2.003873258366794,3.44818963330076
Miguel Román,Celta Vigo,es La Liga,MF,1311,MID,1,0.9979260293924476,-1.3872175169576424,-0.08296089536817067
Carlos Romero,Espanyol,es La Liga,DF,3191,DEF,1,0.7791885840572927,-0.670357259357494,-0.17651435477205832
Cristian Romero,Tottenham Hotspur,eng Premier League,DF,1868,DEF,1,0.9943323433550242,-1.044956346123156,-0.19276712090969614
Isaac Romero,Sevilla,es La Liga,"FW,MF",1484,FWD,0,0.999995749651271,1.9566157002675901,0.07083119647298032
Iván Romero,Levante,es La Liga,"FW,MF",2259,FWD,0,0.9999999973598808,2.2781647622778913,-0.06906941303603574
Zaid Romero,Getafe,es La Liga,DF,1349,DEF,1,0.9880583511912053,-2.1898229159465243,-0.19182031093289106
Rômulo,RB Leipzig,de Bundesliga,FW,2188,FWD,0,0.9999998284201658,2.5146558794967517,0.15178574450267857
Salomón Rondón,Oviedo,es La Liga,FW,1032,FWD,0,0.9999999999999609,2.3338205289843605,0.28883905643350716
Valentin Rongier,Rennes,fr Ligue 1,MF,2745,MID,1,0.9428637500525092,-0.9692185179856353,-0.22708158715118404
Marten de Roon,Atalanta,it Serie A,MF,2691,MID,1,0.998497044060802,-1.6901954072681986,-0.10281501185423621
Max Rosenfelder,Freiburg,de Bundesliga,DF,492,DEF,1,0.9953891786769337,-1.9312858758571305,0.06357957634726409
Valentin Rosier,Osasuna,es La Liga,"DF,MF",2547,DEF,1,0.9984129415266644,-1.6347409810507183,-0.15149996756420292
Tom Rothe,Union Berlin,de Bundesliga,"MF,DF",1029,MID,0,0.8716733711896798,-0.6004800293047317,-0.1743940692762587
Anthony Rouault,Rennes,fr Ligue 1,DF,1724,DEF,1,0.9970694221915034,-1.6284084817219069,0.018817423212791617
Nicolò Rovella,Lazio,it Serie A,MF,512,MID,0,0.9995996400548124,-1.5866623471620256,-0.37043471528860605
Jonathan Rowe,Bologna,it Serie A,"MF,FW",1605,MID,0,0.9999999999868319,2.52141285944171,-0.07038861820459505
Amir Rrahmani,Napoli,it Serie A,DF,1795,DEF,1,0.9982162688696954,-1.0444926511319528,0.028627559459820137
Rubén,Espanyol,es La Liga,"DF,MF",812,DEF,0,0.9989218407841746,-0.6704873242109759,-0.1821588436376406
Antonio Rüdiger,Real Madrid,es La Liga,DF,1490,DEF,1,0.604724804158698,-1.1942366615663134,0.2528912317327794
Javi Rueda,Celta Vigo,es La Liga,MF,1404,MID,0,0.9999999996326814,0.2430396011286616,-0.18369743849632256
Matteo Ruggeri,Atlético Madrid,es La Liga,DF,1774,DEF,0,0.9999894741089667,-1.465546063609701,-0.16580658976282922
Aitor Ruibal,Real Betis,es La Liga,"DF,MF",1808,DEF,1,0.5946190110049987,0.30830179211928954,-0.20519068273285057
Fabián Ruiz Peña,Paris Saint-Germain,fr Ligue 1,MF,1131,MID,0,0.9999997866054408,-0.31708173377242205,-0.0019966289580852534
Gerónimo Rulli,Marseille,fr Ligue 1,GK,2610,GK,2,1.0,-1.7219649693330603,-2.692658225655347
Jacen Russell-Rowe,Toulouse,fr Ligue 1,FW,472,FWD,0,0.9998240950166308,1.0085988365192393,0.13738745254853255
Georginio Rutter,Brighton,eng Premier League,"MF,FW",1786,MID,0,0.9999612495180038,1.945960540564283,-0.03556520449314392
Mathew Ryan,Levante,es La Liga,GK,3240,GK,2,1.0,-1.9738489860225954,1.7487883740207024
Julian Ryerson,Dortmund,de Bundesliga,MF,2266,MID,0,1.0,0.6913651115144612,-0.20944157736628657
Frederik Rønnow,Union Berlin,de Bundesliga,GK,2640,GK,2,1.0,-2.152314314960148,6.781041663152148
José Sá,Wolves,eng Premier League,GK,2070,GK,2,1.0,-1.980288857982604,4.116416665666981
Elias Saad,Augsburg,de Bundesliga,"MF,FW",497,MID,0,0.9999957899759567,0.9602869789387211,-0.07574557506168368
Stefano Sabelli,Genoa,it Serie A,"MF,DF",913,MID,0,0.9988168801372546,-1.143503517128506,-0.05775708008930375
Marcel Sabitzer,Dortmund,de Bundesliga,MF,1817,MID,1,0.9767920446408646,-0.7794657625842687,-0.050786926249797006
Noah Sadiki,Sunderland,eng Premier League,MF,2889,MID,1,0.99828124140576,-1.379177002302224,-0.03170372185085863
Umar Sadiq,Valencia,es La Liga,FW,911,FWD,0,1.0,4.96454470277186,0.02067260767821851
Alexis Saelemaekers,Milan,it Serie A,MF,2788,MID,0,0.9987832471765754,-0.020116967034320497,-0.1437385675391825
Matvei Safonov,Paris Saint-Germain,fr Ligue 1,GK,1350,GK,2,1.0,-1.8266621227720068,-8.609582904279412
Osame Sahraoui,Lille,fr Ligue 1,MF,505,MID,0,1.0,2.75836372870439,-0.08661572369878259
Wesley Saïd,Lens,fr Ligue 1,MF,1991,MID,0,0.9999999999999645,3.5789329163583745,0.13154550856992567
Bukayo Saka,Arsenal,eng Premier League,"FW,MF",2222,FWD,0,1.0,3.6469690690032532,-0.07435356703050211
Mohamed Salah,Liverpool,eng Premier League,MF,2146,MID,0,1.0,3.177712656638587,0.1749722010884303
Kike Salas,Sevilla,es La Liga,DF,2203,DEF,1,0.9978276123117483,-1.4124676127515494,-0.17453056926494698
Manolis Saliakas,St Pauli,de Bundesliga,MF,1106,MID,0,0.9999999843365207,-0.2137059008481286,-0.12588293033046088
William Saliba,Arsenal,eng Premier League,DF,2614,DEF,1,0.9944547017724619,-1.8039552268524215,0.09893616050753871
Mohammed Salisu,Monaco,fr Ligue 1,DF,1080,DEF,1,0.8311711587062005,-1.381990469623947,-0.07502470312137374
Lazar Samardzic,Atalanta,it Serie A,MF,1030,MID,0,0.9999999972623801,1.2489402264433052,-0.09516041123502574
Mbwana Samatta,Le Havre,fr Ligue 1,FW,1542,FWD,0,0.9999999952705956,2.3131465299040257,0.10365987498356402
Mama Samba Baldé,Brest,fr Ligue 1,"FW,MF",716,FWD,0,0.9999999919951055,2.2579626628093457,-0.04319614185874534
Brice Samba,Rennes,fr Ligue 1,GK,2880,GK,2,0.9999999999999991,-1.9340935690542995,-0.3794870876710291
Albert Sambi Lokonga,Hamburger SV,de Bundesliga,MF,1710,MID,0,0.5527677788903013,0.14090947752916216,0.054791952116747165
Antonio Sanabria,Cremonese,it Serie A,FW,945,FWD,0,0.9999692227982613,1.0618822755670483,0.173440225607549
Oihan Sancet,Athletic Club,es La Liga,MF,1788,MID,0,0.999672357264406,1.2559063425724677,0.0773577146552719
Alexis Sánchez,Sevilla,es La Liga,"FW,MF",1308,FWD,0,0.9999999964297874,2.4645230947057457,0.04156477016920123
Antonio Sánchez,Mallorca,es La Liga,"MF,DF",1073,MID,1,0.9949178106698954,-1.5014758927652547,-0.1438182275113431
Juanlu Sánchez,Sevilla,es La Liga,"MF,DF",1990,MID,0,0.9997629431621557,-0.7023789469676304,-0.2195761489985895
Manu Sánchez,Levante,es La Liga,DF,2814,DEF,1,0.9132897321776493,-1.6716720606712663,-0.20519495971977325
Robert Sánchez,Chelsea,eng Premier League,GK,3039,GK,2,0.9999999999997025,-1.8123955933683709,1.1839789560036795
Jadon Sancho,Aston Villa,eng Premier League,MF,876,MID,0,0.9999999011033736,-0.023368945420140567,0.24059627156930014
Álex Sancris,Getafe,es La Liga,"MF,FW",708,MID,0,1.0,2.5145701638724542,-0.08765219402966425
Philipp Sander,Gladbach,de Bundesliga,"DF,MF",2445,DEF,1,0.9908543274746174,-1.8263175828469174,-0.21405088332738917
James Sands,St Pauli,de Bundesliga,MF,1934,MID,1,0.9507283378085338,-1.5966331575201567,-0.22157461718143917
Ibou Sané,Metz,fr Ligue 1,"FW,MF",541,FWD,0,0.9999999712399341,1.8002837077066025,0.015000188470102864
Sadibou Sané,Metz,fr Ligue 1,DF,1940,DEF,1,0.9965964368873196,-2.207895991089645,-0.21932857026458435
Arouna Sangante,Le Havre,fr Ligue 1,DF,2324,DEF,1,0.995596083881265,-1.4045591364863577,-0.1798911592785177
Buba Sangaré,Elche,es La Liga,"DF,MF",538,DEF,0,0.9999999947565819,-1.609684228630079,-0.5637871147424061
Ibrahim Sangaré,Nottingham Forest,eng Premier League,MF,2075,MID,1,0.9911803118658877,-1.0788773747714533,-0.17131726441403045
Mamadou Sangare,Lens,fr Ligue 1,MF,2323,MID,0,0.9410991705287316,0.10856303294247445,-0.33842489127237513
Nhoa Sangui,Paris FC,fr Ligue 1,DF,1737,DEF,1,0.8738781873942599,-1.9208301000108585,0.043714992881899936
Kaishu Sano,Mainz 05,de Bundesliga,MF,3059,MID,1,0.9801770299493422,-1.836066801850972,-0.08966811928225851
Morgan Sanson,Nice,fr Ligue 1,MF,1772,MID,1,0.9501267271927508,-0.9138518042320305,-0.23066645593513554
Baptiste Santamaria,Valencia,es La Liga,MF,754,MID,1,0.9702474781724659,-0.42401027600441604,-0.03616480375842046
Alisson Santos,Napoli,it Serie A,"MF,FW",834,MID,0,1.0,3.2494382621722164,0.16609401771519858
Andrey Santos,Chelsea,eng Premier League,MF,1260,MID,1,0.9929598312281586,-1.405158503704808,-0.16060722265989152
Kauã Santos,Eintracht Frankfurt,de Bundesliga,GK,1084,GK,2,1.0,-2.326587443746606,14.953197262354571
Tiago Santos,Lille,fr Ligue 1,DF,709,DEF,0,0.9999970833575283,-0.45062637708655234,-0.20828273859168633
Amin Sarr,Hellas Verona,it Serie A,"FW,MF",1102,FWD,0,0.9999733257218623,1.1816970909479418,-0.03812672596947463
Bouna Sarr,Metz,fr Ligue 1,"MF,DF",895,MID,0,0.9869073253388416,-0.3294193544225001,-0.19530396789452362
Ismaila Sarr,Crystal Palace,eng Premier League,MF,2174,MID,0,0.9999999955157559,2.4734562329418477,0.23759944602947122
Malang Sarr,Lens,fr Ligue 1,DF,2925,DEF,1,0.8904726146618474,-2.4747358158895745,-0.22512221619227166
Mamadou Sarr,Strasbourg,fr Ligue 1,DF,1305,DEF,1,0.9900557784716707,-1.8496456394325085,0.05960875343254088
Martin Satriano,Getafe,es La Liga,"FW,MF",1603,FWD,0,0.9998666815424877,1.773587215007512,0.05268540784347154
Martin Satriano,Lyon,fr Ligue 1,FW,692,FWD,0,0.9999872693803583,2.2032958719498117,0.06683372666806427
Mario Sauer,Toulouse,fr Ligue 1,MF,651,MID,1,0.9817356827534041,-0.4840932426548665,-0.09335864857388441
Razvan Sava,Udinese,it Serie A,GK,620,GK,2,1.0,-2.3614212058379476,11.407867416765146
Sávio,Manchester City,eng Premier League,MF,833,MID,0,0.9999999998126938,2.287623131674638,0.04170548183784543
Nicolò Savona,Nottingham Forest,eng Premier League,DF,1028,DEF,1,0.8683592125804384,-0.8166785849072333,0.03291669565300168
Joe Scally,Gladbach,de Bundesliga,"DF,MF",2608,DEF,1,0.5310921849498478,-0.30822644325007004,-0.05437903747999867
Giorgio Scalvini,Atalanta,it Serie A,DF,1808,DEF,1,0.9885189241865473,-1.1836182132871604,-0.1901284629651719
Gianluca Scamacca,Atalanta,it Serie A,FW,1315,FWD,0,1.0,5.164987728434054,0.20790664492883937
Oliver Scarles,West Ham United,eng Premier League,"DF,MF",659,DEF,0,0.999999995488583,-2.2844804508803414,-0.45803706079445766
Kevin Schade,Brentford,eng Premier League,"MF,FW",2745,MID,0,0.9972190313505553,1.6415925290679274,-0.01780656397796675
András Schäfer,Union Berlin,de Bundesliga,MF,1421,MID,1,0.6518267321336783,0.11904127019930506,-0.2552062403959366
Fabian Schär,Newcastle United,eng Premier League,DF,1091,DEF,1,0.998648794855562,-1.1317296832261312,-0.036973578658929265
Derry Scherhant,Freiburg,de Bundesliga,MF,1301,MID,0,0.9999999999999822,2.8560778353966123,-0.036511550199865815
Patrik Schick,Leverkusen,de Bundesliga,FW,1988,FWD,0,1.0,4.513687836619327,0.3142193543397886
Stefan Schimmer,Heidenheim,de Bundesliga,FW,820,FWD,0,0.9999999999999982,3.928863786075551,0.18083438907767313
Xaver Schlager,RB Leipzig,de Bundesliga,MF,1837,MID,1,0.9808877572526904,-0.3253731122243975,0.009402946347214995
Keven Schlotterbeck,Augsburg,de Bundesliga,DF,2031,DEF,1,0.9993989610712944,-1.839407415067712,-0.12701604355140736
Nico Schlotterbeck,Dortmund,de Bundesliga,DF,2520,DEF,1,0.9935408877554911,-0.5585146280210754,-0.07846384976629187
Romano Schmid,Werder Bremen,de Bundesliga,"MF,FW",2982,MID,0,0.9999999999998099,1.0879582669135741,0.02337954199669541
Isaac Schmidt,Werder Bremen,de Bundesliga,"MF,DF",682,MID,1,0.998161249077281,-1.6206035310015958,-0.12112352871714399
Joël Schmied,Köln,de Bundesliga,DF,1078,DEF,1,0.9986224996096666,-1.876526361261225,-0.01638912573409277
Jan Schöppner,Heidenheim,de Bundesliga,MF,2252,MID,1,0.9926949907773417,-0.7308149885893745,0.0014146678596532395
Marvin Schwäbe,Köln,de Bundesliga,GK,3060,GK,2,1.0,-2.1824845423460775,8.502250235953845
Alex Scott,Bournemouth,eng Premier League,MF,2849,MID,0,0.8336314931314971,-0.1486485677006014,-0.19876053114074674
Simone Scuffet,Pisa,it Serie A,GK,630,GK,2,1.0,-2.1399409148384327,11.126548597500129
Sebastian Sebulonsen,Köln,de Bundesliga,"DF,MF",2498,DEF,0,0.5216730708855171,-1.2010844763787827,0.08332685783838656
Jenson Seelt,Wolfsburg,de Bundesliga,DF,681,DEF,1,0.9983328062595433,-2.071173079512334,0.018450785316655793
Alidu Seidu,Rennes,fr Ligue 1,DF,1186,DEF,1,0.5389376298527073,-1.1372206334457977,-0.2767865909146235
Nicolas Seiwald,RB Leipzig,de Bundesliga,MF,2694,MID,1,0.9762871196412496,-2.402350245542955,-0.18891492787478834
Ayumu Seko,Le Havre,fr Ligue 1,"MF,DF",2625,MID,1,0.9993286463623643,-1.7555771479298359,-0.014870915547933267
Matz Sels,Nottingham Forest,eng Premier League,GK,2668,GK,2,1.0,-1.887401611182103,-0.5869195015059243
Antoine Semenyo,Bournemouth,eng Premier League,MF,1798,MID,0,0.9999999999999485,3.721188333139846,0.05486971347504552
Antoine Semenyo,Manchester City,eng Premier League,"MF,FW",1397,MID,0,0.9999998109988547,2.2902146459036556,0.16451460983320756
Adrian Šemper,Pisa,it Serie A,GK,2250,GK,2,1.0,-1.9688218687633494,4.683221897413645
Marvin Senaya,Auxerre,fr Ligue 1,"DF,MF",1780,DEF,1,0.8512456752911162,-1.3777481145428507,-0.3017813155193656
Marcos Senesi,Bournemouth,eng Premier League,DF,3288,DEF,1,0.985024970150325,-1.5310735408977252,-0.10562769503130191
Suat Serdar,Hellas Verona,it Serie A,MF,1108,MID,1,0.8964971364500711,-0.1017024091944123,-0.13813126265502346
Benjamin Šeško,Manchester Utd,eng Premier League,FW,1643,FWD,0,1.0,4.346547379997139,0.3618956779230004
Ryan Sessegnon,Fulham,eng Premier League,"DF,MF",1823,DEF,1,0.6231544523717395,-0.9065902458751601,-0.16941886867969616
Stephan El Shaarawy,Roma,it Serie A,"MF,FW",666,MID,0,0.9999996673328744,1.6762736871609532,-0.07482476192914445
Luke Shaw,Manchester Utd,eng Premier League,DF,3219,DEF,1,0.9984230934098216,-1.9396408317706475,-0.14583372758475982
Kwasi Sibo,Oviedo,es La Liga,MF,1681,MID,1,0.987690211387334,-1.8303634838133145,-0.04160627270610327
Djibril Sidibé,Toulouse,fr Ligue 1,"MF,DF",2231,MID,0,0.8071443887633447,-0.6611155971300148,-0.08979383829720809
Armindo Sieb,Mainz 05,de Bundesliga,FW,548,FWD,0,0.9999999999999964,2.8928234386759417,0.06623607532624193
Jamil Siebert,Lecce,it Serie A,DF,1701,DEF,1,0.9974793795069011,-1.6844362387085947,0.037480403891502354
Francisco Sierralta,Auxerre,fr Ligue 1,DF,861,DEF,1,0.9969258638750461,-1.366200592135099,0.0810863094119167
Tim Siersleben,Heidenheim,de Bundesliga,DF,1081,DEF,1,0.996607171512739,-1.8974164016988984,-0.2076010669288542
André Silva,Elche,es La Liga,FW,1849,FWD,0,0.9999999999999982,3.4242132263460845,0.2152478179681574
Bernardo Silva,Manchester City,eng Premier League,MF,2872,MID,1,0.5230389096234223,-0.47943368407589737,-0.014982938276001011
Caio Henrique Oliveira Silva,Monaco,fr Ligue 1,"DF,MF",1536,DEF,0,0.9999999956520806,-1.2227990108328042,-0.032839924803077576
Fábio Silva,Dortmund,de Bundesliga,"FW,MF",817,FWD,0,1.0,3.7438765515281562,-0.0009702056768154905
Abdallah Sima,Lens,fr Ligue 1,"MF,FW",718,MID,0,0.9999999999999964,3.9089769224873017,0.0288204880994347
Giovanni Simeone,Torino,it Serie A,FW,2230,FWD,0,1.0,3.8093339797596673,0.22200143079638487
Giuliano Simeone,Atlético Madrid,es La Liga,MF,2099,MID,0,0.999997966751667,1.2294569885059403,-0.08445118691082751
Moses Simon,Paris FC,fr Ligue 1,"MF,FW",2001,MID,0,1.0,1.3178412944700753,0.08069577796082583
Unai Simón,Athletic Club,es La Liga,GK,3330,GK,2,1.0,-1.9819041604947025,3.4006711897571287
Xavi Simons,Tottenham Hotspur,eng Premier League,"MF,FW",1755,MID,0,0.9999999998966782,1.1304779442843544,-0.1452021171129818
Jahmai Simpson-Pusey,Köln,de Bundesliga,DF,863,DEF,1,0.9970098421580426,-1.8970658966497869,0.04371657038823197
Danel Sinani,St Pauli,de Bundesliga,"MF,FW",2069,MID,0,0.9999999999999822,2.396064527283702,-0.02453352728982961
Lassine Sinayoko,Auxerre,fr Ligue 1,"FW,MF",2770,FWD,0,0.9999999998386908,3.2080936193072778,0.03498001137011184
Ibrahima Sissoko,Nantes,fr Ligue 1,"MF,DF",893,MID,0,0.7008260266842767,-1.5524392223594303,-0.22850604389201803
Antonio Sivera,Alavés,es La Liga,GK,3420,GK,2,1.0,-2.047034817014412,3.7435232222901766
Tim Skarke,Union Berlin,de Bundesliga,"MF,FW",623,MID,0,0.9999995319225125,2.0589313353145213,0.11743200517471568
Ellyes Skhiri,Eintracht Frankfurt,de Bundesliga,"MF,DF",1444,MID,1,0.9973981103264118,-2.203389883142678,0.0013745219177451712
Leo Skiri Østigård,Genoa,it Serie A,DF,2622,DEF,1,0.9948966770640667,-0.7185468508539767,-0.012292987377774081
Łukasz Skorupski,Bologna,it Serie A,GK,1592,GK,2,1.0,-1.8001779057416523,-4.900772406808511
Adam Smith,Bournemouth,eng Premier League,DF,1077,DEF,1,0.5046841588176125,-1.5144343326027923,-0.12204381053686407
Eric Smith,St Pauli,de Bundesliga,"DF,MF",2311,DEF,1,0.5202427293743,-1.0900131109323963,-0.022021787052114564
Emile Smith Rowe,Fulham,eng Premier League,MF,1923,MID,1,0.9151429923408034,-0.32881578897152014,0.042127870552179744
Ivan Smolčić,Como,it Serie A,DF,1662,DEF,1,0.9975722158570406,-1.4986467297102888,-0.1851446328667368
Simon Sohm,Bologna,it Serie A,MF,717,MID,0,0.6320438798147705,-1.0045312651085065,0.13608872882178707
Simon Sohm,Fiorentina,it Serie A,MF,708,MID,1,0.7112643235195092,-1.025111606378345,-0.13311345115460024
Dominic Solanke,Tottenham Hotspur,eng Premier League,FW,1001,FWD,0,0.9981820262169143,1.2126190728240374,0.05500475419036405
Carlos Soler,Real Sociedad,es La Liga,MF,2317,MID,0,0.9826076467414544,0.42643889678092745,-0.001595019478899161
Oumar Solet,Udinese,it Serie A,DF,2959,DEF,1,0.9975609203089052,-1.478619042349059,-0.19137959154638917
Manor Solomon,Fiorentina,it Serie A,"FW,MF",890,FWD,0,0.9999999999988542,0.5946182455379502,0.05865024095532991
Yann Sommer,Inter,it Serie A,GK,2960,GK,2,1.0,-1.873830877418629,-7.410448735247899
David Soria,Getafe,es La Liga,GK,3420,GK,2,1.0,-1.8043659472895295,-5.029783465687766
Hugo Sotelo,Celta Vigo,es La Liga,MF,1338,MID,0,0.9449711801931683,-1.3280984470007295,-0.18454290232161305
Florian Sotoca,Lens,fr Ligue 1,"MF,FW",507,MID,0,0.9691643319716754,0.7853551178231742,-0.1297037043478156
Riccardo Sottil,Lecce,it Serie A,"FW,MF",1066,FWD,0,1.0,1.6815053339908643,0.008332349950312472
Tomáš Souček,West Ham United,eng Premier League,MF,2200,MID,1,0.7844492071945268,0.17455886377006682,0.005094921462594174
Matìas Soulé,Roma,it Serie A,"MF,FW",2139,MID,0,0.9999999999867271,2.0367104938587834,0.1087280532293049
Sambou Soumano,Lorient,fr Ligue 1,FW,941,FWD,0,1.0,3.9515638983826302,0.1416970942845995
Issa Soumaré,Le Havre,fr Ligue 1,"FW,MF",2948,FWD,0,0.9999999927361607,2.761237930934672,-0.011025654616862895
Vinicius Souza,Wolfsburg,de Bundesliga,MF,1764,MID,1,0.9676827241970761,-1.8206813157202844,-0.28649171316629113
Djibril Sow,Sevilla,es La Liga,MF,2187,MID,1,0.7840095492972903,0.013906926641125476,-0.13902998253744345
Djed Spence,Tottenham Hotspur,eng Premier League,"DF,MF",2055,DEF,1,0.9633069518226635,-0.9177451402226765,-0.04832740277183446
Leonardo Spinazzola,Napoli,it Serie A,"MF,DF",1901,MID,0,0.9999981387173558,0.027117427690671034,0.17096506425125682
Anton Stach,Leeds United,eng Premier League,MF,2370,MID,0,0.9999999998831903,0.7703395288501166,-0.1761291772732984
Jens Stage,Werder Bremen,de Bundesliga,MF,2460,MID,0,0.9930676629751287,1.320462845851575,-0.010809824132910931
Benjamin Stambouli,Metz,fr Ligue 1,MF,960,MID,1,0.9986342313603895,-1.7706437392806769,-0.13063023946224517
Josip Stanišić,Bayern Munich,de Bundesliga,DF,1857,DEF,1,0.507165927339108,-1.0116344674949977,0.02655900729845903
Carl Starfelt,Celta Vigo,es La Liga,DF,1491,DEF,1,0.9988655483980359,-2.1044674259839122,-0.01922643651841856
Niklas Stark,Werder Bremen,de Bundesliga,DF,697,DEF,1,0.9956305865847872,-2.242737091304023,-0.252344006795186
Orri Steinn Óskarsson,Real Sociedad,es La Liga,FW,835,FWD,0,1.0,6.905957441258476,0.3292334599650168
Angelo Stiller,Stuttgart,de Bundesliga,MF,2743,MID,0,0.9999880765500397,-0.6278564374200362,-0.04693055710557524
Kevin Stöger,Gladbach,de Bundesliga,MF,1324,MID,0,0.9999802091112933,0.20883583867396685,-0.24696657323487792
Filip Stojilković,Pisa,it Serie A,"FW,MF",658,FWD,0,1.0,1.9374119071595093,0.36742666756350967
Jørgen Strand Larsen,Crystal Palace,eng Premier League,FW,903,FWD,0,0.9999999235222738,1.6879166676229445,0.17744243002094526
Jørgen Strand Larsen,Wolves,eng Premier League,FW,1404,FWD,0,0.9999995324331376,0.9229536714200447,0.15981891618438201
Gabriel Strefezza,Parma,it Serie A,FW,1007,FWD,0,0.9999999998553886,2.0045482432988853,-0.18535874532554944
Pascal Struijk,Leeds United,eng Premier League,DF,2936,DEF,1,0.9982385815569506,-1.280047301168522,0.05220514397781051
Nikola Štulić,Lecce,it Serie A,FW,1709,FWD,0,0.9999985320567869,1.4376848921751213,0.12371108715120545
Denis Suárez,Alavés,es La Liga,MF,1406,MID,0,0.9950078499483775,-0.3069681492870332,-0.04862869741444703
Gabriel Suazo,Sevilla,es La Liga,"DF,MF",2096,DEF,0,0.9999986883486724,-1.9445660502746933,-0.43255373225330734
Luka Sučić,Real Sociedad,es La Liga,"MF,FW",1022,MID,0,0.9194396831758375,0.8143686822977392,0.12973632588660625
Petar Sucic,Inter,it Serie A,MF,1765,MID,0,0.6890150501911745,-0.17908014110853734,-0.11643541645017481
Yukinari Sugawara,Werder Bremen,de Bundesliga,"DF,MF",2428,DEF,0,0.9999789547951309,-0.28931527373370447,0.021070477221131114
Pavel Šulc,Lyon,fr Ligue 1,"FW,MF",1566,FWD,0,0.9999999999931326,3.430068349198268,0.10182783968996545
Niklas Süle,Dortmund,de Bundesliga,DF,486,DEF,1,0.5226865308457644,-1.4572980592633733,-0.09979252108381463
Ibrahim Sulemana,Cagliari,it Serie A,MF,860,MID,1,0.9957917677092378,-0.9014834928819427,-0.060665180030465136
Kamaldeen Sulemana,Atalanta,it Serie A,MF,1011,MID,0,0.9999977872587354,2.1443459063372434,0.13547823817580681
Crysencio Summerville,West Ham United,eng Premier League,"MF,FW",2470,MID,0,0.9999397558280594,1.481608926275254,-0.1228900866735716
Yuito Suzuki,Freiburg,de Bundesliga,MF,1632,MID,0,0.9675863890427031,1.0540057518167794,0.09232765996206584
Zion Suzuki,Parma,it Serie A,GK,1800,GK,2,1.0,-1.8836773963687357,0.17708430073294287
Mattias Svanberg,Wolfsburg,de Bundesliga,MF,861,MID,0,0.999930591428943,1.765836962600009,-0.10678252086106135
Daniel Svensson,Dortmund,de Bundesliga,MF,2454,MID,0,0.9999134084208251,-0.9141795922569785,-0.07236378867537117
Mile Svilar,Roma,it Serie A,GK,3420,GK,2,1.0,-1.718560683298106,-9.746773894429353
Williot Swedberg,Celta Vigo,es La Liga,"FW,MF",1270,FWD,0,0.9999999999999964,3.1385694962689126,-0.1436447764414645
Lamine Sy,Auxerre,fr Ligue 1,DF,1536,DEF,1,0.7550094616482628,-1.6375302017255426,-0.28050635902161664
Wojciech Szczęsny,Barcelona,es La Liga,GK,720,GK,2,1.0,-2.191207753865775,10.364880714754728
Dominik Szoboszlai,Liverpool,eng Premier League,"MF,DF",3231,MID,0,0.9999999999962785,1.0459423196588329,-0.10311594451546165
Sebastian Szymański,Rennes,fr Ligue 1,MF,776,MID,0,1.0,1.9925337733386639,-0.1693711818239334
Alexander Sørloth,Atlético Madrid,es La Liga,FW,1980,FWD,0,1.0,4.218441326115501,0.298856228282028
Musa Al-Taamari,Rennes,fr Ligue 1,"MF,FW",2212,MID,0,1.0,3.534374995399153,0.12884197031038686
Haris Tabakovic,Gladbach,de Bundesliga,FW,2382,FWD,0,1.0,4.127967181973272,0.2595463594256621
Nicolás Tagliafico,Lyon,fr Ligue 1,DF,1310,DEF,0,0.9999408942431385,-0.10546512749163636,-0.30928817864337677
Jonathan Tah,Bayern Munich,de Bundesliga,DF,2018,DEF,1,0.9986268716870363,-1.6104130047188339,-0.000265100319818013
Chemsdine Talbi,Sunderland,eng Premier League,"MF,FW",1561,MID,0,0.9999762771943932,0.43184505975066256,0.2681522991760085
Montassar Talbi,Lorient,fr Ligue 1,DF,2610,DEF,1,0.9886070217008375,-1.9964802467420963,0.11600634087104675
Adrien Tameze,Torino,it Serie A,DF,1120,DEF,1,0.9991853309511234,-2.244348304159433,-0.13223010590751508
Ao Tanaka,Leeds United,eng Premier League,MF,1315,MID,1,0.9449906243734549,-1.0128486075798304,-0.0979498346247796
Edmond Tapsoba,Leverkusen,de Bundesliga,DF,2575,DEF,1,0.9130114839522288,-0.4543169887270936,0.10845689799001591
James Tarkowski,Everton,eng Premier League,DF,3330,DEF,1,0.9963258807326238,-1.0504267039174227,0.03122068876613902
César Tárrega,Valencia,es La Liga,DF,2598,DEF,1,0.9968478639985403,-1.9191155040904297,-0.005062708884300391
Tylel Tati,Nantes,fr Ligue 1,DF,1721,DEF,1,0.9962495912982849,-1.8857745525974794,0.020728734195324405
Nuno Tavares,Lazio,it Serie A,DF,1473,DEF,0,0.9999999976790583,-0.6531679641776416,-0.2158336546298003
Marcus Tavernier,Bournemouth,eng Premier League,MF,2732,MID,0,0.9999996489681177,1.6417647512208604,0.025524314183984737
Kenneth Taylor,Lazio,it Serie A,MF,1394,MID,1,0.8490964810600337,0.003933639657504151,0.05836901407179231
Loum Tchaouna,Burnley,eng Premier League,"MF,FW",1272,MID,0,0.9986514819079136,0.7320229990121596,0.11662138777803156
Jackson Tchatchoua,Wolves,eng Premier League,"MF,DF",1845,MID,0,0.9999878854434266,-1.6044914308028373,0.0497685112227439
Aurélien Tchouaméni,Real Madrid,es La Liga,MF,2615,MID,1,0.9969701584500821,-1.3983228086673674,-0.17011428817134494
Mathys Tel,Tottenham Hotspur,eng Premier League,"MF,FW",1349,MID,0,0.9999999999996714,1.802049361153381,-0.03892307205461158
Nathan Tella,Leverkusen,de Bundesliga,MF,868,MID,0,1.0,3.156815929247472,-0.07090530646140247
Nahuel Tenaglia,Alavés,es La Liga,DF,3239,DEF,1,0.9984079955340068,-1.381290487204821,-0.09154916103580395
Arnau Tenas,Villarreal,es La Liga,GK,900,GK,2,1.0,-2.0256847793539396,6.135607466823153
Filippo Terracciano,Cremonese,it Serie A,DF,3011,DEF,1,0.9952314784541143,-2.0534868535688227,-0.026358233703934728
Ramón Terrats,Espanyol,es La Liga,MF,1030,MID,0,0.9992850646938034,0.12117498939528124,-0.1868580828952406
Martin Terrier,Leverkusen,de Bundesliga,"MF,FW",675,MID,0,0.9999999999934044,2.4838061118237884,0.246696133428224
Tanner Tessmann,Lyon,fr Ligue 1,MF,1953,MID,1,0.9920265079728549,-0.6139081073322639,0.03506669960698084
Kenny Tete,Fulham,eng Premier League,DF,1791,DEF,1,0.9167295102947383,-1.3946920483756144,-0.29941119862998977
Jordan Teze,Monaco,fr Ligue 1,"MF,DF",2489,MID,1,0.9402787093379952,-1.3332510858018098,-0.19645233254273045
Florian Thauvin,Lens,fr Ligue 1,MF,2443,MID,0,1.0,3.3018527874044583,0.03127456875790663
Arthur Theate,Eintracht Frankfurt,de Bundesliga,DF,2141,DEF,1,0.9983678545327701,-1.731561417955433,-0.013651969224146894
Igor Thiago,Brentford,eng Premier League,FW,3282,FWD,0,1.0,3.580377383218674,0.14429490086339947
Malick Thiaw,Newcastle United,eng Premier League,DF,2965,DEF,1,0.9960097219212691,-1.0767198244732674,0.04712960403547333
Jan Thielmann,Köln,de Bundesliga,"MF,FW",1540,MID,0,0.9492688623529482,0.6162807581681067,0.05803029799037248
Adrien Thomasson,Lens,fr Ligue 1,MF,2683,MID,0,0.9999999999993445,0.7954244775428465,-0.3279675152206016
Morten Thorsby,Genoa,it Serie A,MF,731,MID,0,0.9999998542572239,1.5024712492591454,0.15361160901095616
Morten Thorsby,Cremonese,it Serie A,MF,643,MID,0,0.7694065652194225,0.4052299786586323,0.07205866657485314
Kristian Thorstvedt,Sassuolo,it Serie A,MF,2460,MID,0,0.980628896931808,0.4301885064875113,-0.09421669541349069
Khéphren Thuram,Juventus,it Serie A,MF,2442,MID,1,0.697428395320298,0.29080589348622954,-0.005715859675368486
Marcus Thuram,Inter,it Serie A,FW,1900,FWD,0,1.0,5.741400325695824,0.07419263714353848
Cheikh Tidiane Sabaly,Metz,fr Ligue 1,"MF,FW",967,MID,0,0.9989948541378527,0.39299225218734607,-0.051942570230732746
Youri Tielemans,Aston Villa,eng Premier League,MF,1862,MID,0,0.9999299715815776,-0.26144923643595563,-0.2711088385050626
Phillip Tietz,Mainz 05,de Bundesliga,FW,1610,FWD,0,1.0,3.5394900980829735,0.16517860460150033
Malik Tillman,Leverkusen,de Bundesliga,MF,1674,MID,0,0.9830223964067031,0.7174122259177672,-0.1355875042420516
Jurriën Timber,Arsenal,eng Premier League,DF,2454,DEF,0,0.6728971370264276,-0.47046627183674755,-0.15313529840075418
Quinten Timber,Marseille,fr Ligue 1,MF,1105,MID,1,0.9917614852678382,-1.1618338696522037,-0.1005672055912985
Jean-Clair Todibo,West Ham United,eng Premier League,DF,1814,DEF,1,0.9960610117466855,-2.2899812000542696,0.044523482270734285
Corentin Tolisso,Lyon,fr Ligue 1,MF,2302,MID,0,0.999999997482945,2.715205824638002,-0.04832252907344074
Jeremy Toljan,Levante,es La Liga,DF,3164,DEF,1,0.8178860590308741,-1.5806231763006575,-0.06486757457346029
Tiago Tomás,Stuttgart,de Bundesliga,"MF,FW",1020,MID,0,1.0,3.592343153998158,0.020869996886403393
Fikayo Tomori,Milan,it Serie A,DF,2554,DEF,1,0.9965379704332308,-1.9192877401502009,-0.1098840039396356
Sandro Tonali,Newcastle United,eng Premier League,MF,2534,MID,0,0.9872295510422576,-0.5766674032909661,-0.09080679756411773
Keke Topp,Werder Bremen,de Bundesliga,FW,638,FWD,0,0.9999995792617146,2.032444444121973,0.0012528750785575336
Pablo Torre,Mallorca,es La Liga,"MF,FW",1599,MID,0,0.9999999999998472,1.6242339212633625,-0.162983523016326
Ferrán Torres,Barcelona,es La Liga,FW,1965,FWD,0,1.0,4.849148135795551,0.3602206914749058
Pau Torres,Aston Villa,eng Premier League,DF,1676,DEF,1,0.9871310051259312,-1.981829400414599,0.1441305708628947
Lucas Torró,Osasuna,es La Liga,MF,2293,MID,1,0.9974058058227753,-0.9679192010888579,-0.08107424998280488
Jordan Torunarigha,Hamburger SV,de Bundesliga,DF,1962,DEF,1,0.9991606642526203,-2.3576456201341096,-0.05990899407479027
Abdoulaye Touré,Le Havre,fr Ligue 1,MF,740,MID,0,0.9231170465439925,0.39807608324226224,-0.12429269859504784
Alpha Touré,Metz,fr Ligue 1,MF,1606,MID,1,0.9764750967767182,-0.9304394837039816,-0.12243003578319256
Bazoumana Touré,Hoffenheim,de Bundesliga,"MF,FW",2308,MID,0,1.0,2.110738911353056,-0.08574178896726474
Idrissa Touré,Pisa,it Serie A,MF,2279,MID,1,0.8867032660367465,-0.7978240566838162,-0.05579629486346803
Lucas Tousart,Brest,fr Ligue 1,"MF,DF",834,MID,1,0.7606527528362811,-0.9416940312176604,-0.17048056434083744
Mattéo Tramoni,Pisa,it Serie A,"MF,FW",1600,MID,0,0.9994035442037619,0.14408445237189546,-0.08376976837992317
Bertrand Traoré,Sunderland,eng Premier League,"MF,FW",632,MID,0,0.9987220413373108,1.2325140332330884,0.041861662003604895
Boubacar Traoré,Metz,fr Ligue 1,MF,1387,MID,1,0.8191280450349868,-1.3019870025378864,-0.20878549233194973
Hamari Traoré,Paris FC,fr Ligue 1,DF,1150,DEF,1,0.8333768516673039,-2.0051266890177364,-0.28859492076400545
Omar Traoré,Heidenheim,de Bundesliga,"DF,MF",1501,DEF,1,0.8324119633351498,-0.9318721732682277,-0.07723534686085222
Kevin Trapp,Paris FC,fr Ligue 1,GK,1980,GK,2,1.0,-1.883822989444666,-2.1285284997325116
Philipp Treu,Freiburg,de Bundesliga,"DF,MF",2186,DEF,1,0.5813002164490728,-0.6044941933628251,0.004202330704086164
Christopher Trimmel,Union Berlin,de Bundesliga,"MF,DF",1861,MID,0,1.0,-0.996878214047716,-0.17739540711525467
Kieran Trippier,Newcastle United,eng Premier League,DF,1586,DEF,0,0.9999999539037578,-1.0949424765251825,-0.054704581029922324
Mariano Troilo,Parma,it Serie A,DF,1625,DEF,1,0.9977423933454882,-1.3639821305822786,-0.06785811037415544
Leandro Trossard,Arsenal,eng Premier League,"FW,MF",2000,FWD,0,0.9999999999977867,2.230754964396289,0.06129379370006813
Adrien Truffert,Bournemouth,eng Premier League,DF,3379,DEF,0,0.9985935467993676,-1.338826146735822,-0.19469181281023087
Kostas Tsimikas,Roma,it Serie A,MF,644,MID,0,0.9999986605175657,-0.9863528543342045,-0.13370976765040382
Heorhii Tsitaishvili,Metz,fr Ligue 1,"MF,DF",2449,MID,0,0.9999999998019895,0.3719742973453588,0.0254923626497688
Viktor Tsyhankov,Girona,es La Liga,"MF,FW",2630,MID,0,0.9999999563556276,1.236302071294656,-0.00040267310252164426
Axel Tuanzebe,Burnley,eng Premier League,DF,1201,DEF,1,0.9939517723267566,-1.8479159180526201,0.08814186034094054
Kareem Tunde,Levante,es La Liga,MF,1133,MID,1,0.8728221700874907,-0.35076898133957185,-0.12072650679010728
Stefano Turati,Sassuolo,it Serie A,GK,532,GK,2,1.0,-1.9938559855718705,-2.1930564733209073
Beñat Turrientes,Real Sociedad,es La Liga,MF,1348,MID,0,0.9901612445639361,-0.07028268565299925,-0.21639032890524745
Destiny Udogie,Tottenham Hotspur,eng Premier League,"DF,MF",1339,DEF,1,0.7682506643003244,-1.020947067823277,-0.09168849034101359
Matthieu Udol,Lens,fr Ligue 1,"MF,DF",3002,MID,0,0.9998400585683684,-0.22929447160132735,-0.1064605044747229
Manuel Ugarte,Manchester Utd,eng Premier League,MF,887,MID,0,0.9999950831267677,-1.9252073301412496,-0.6489085797051254
Lesley Ugochukwu,Burnley,eng Premier League,MF,2336,MID,1,0.9946630070586996,-0.657131269177491,0.0004570940537623496
Filip Ugrinic,Valencia,es La Liga,MF,1504,MID,0,0.9999775432449598,-0.08386099755262072,-0.04392929179261854
Lukas Ullrich,Gladbach,de Bundesliga,"DF,MF",1305,DEF,1,0.9853075285489791,-1.7125658173297358,-0.1683493346880671
Deniz Undav,Stuttgart,de Bundesliga,"FW,MF",2241,FWD,0,1.0,7.254791097094986,0.24566775626773665
Dayot Upamecano,Bayern Munich,de Bundesliga,DF,1794,DEF,1,0.9990872299138737,-1.9966473926208665,-0.04235113518168976
Jonas Urbig,Bayern Munich,de Bundesliga,GK,1111,GK,2,1.0,-1.8970204203969125,-5.725165402092106
Can Uzun,Eintracht Frankfurt,de Bundesliga,MF,1156,MID,0,1.0,4.5679014993656635,0.058724604934582696
Josha Vagnoman,Stuttgart,de Bundesliga,"DF,MF",1587,DEF,0,0.9961203764101044,0.22442812550250643,0.025529556493812798
Lautaro Valenti,Parma,it Serie A,DF,2252,DEF,1,0.9993166092644274,-1.7777380013061925,-0.07107464930037719
Óscar Valentín,Rayo Vallecano,es La Liga,MF,2109,MID,1,0.9976771960480785,-1.8573754939479923,-0.22335064639801205
Nicolás Valentini,Hellas Verona,it Serie A,DF,1409,DEF,1,0.9839268870841735,-1.022143321327937,-0.1307568273778914
Germán Valera,Elche,es La Liga,"MF,DF",2857,MID,0,0.9999893228010477,0.2199206352388425,-0.18565883002093847
Emanuele Valeri,Parma,it Serie A,"MF,DF",2643,MID,0,1.0,-0.7062806726826857,-0.12671971959541392
Martin Valjent,Mallorca,es La Liga,DF,3308,DEF,1,0.9974577944586542,-1.7233596493531,0.05851516958249151
Álex Valle,Como,it Serie A,DF,2026,DEF,0,0.6863808447114186,-1.1498420560237184,-0.2073008753791164
Álvaro Vallés,Real Betis,es La Liga,GK,2520,GK,2,1.0,-1.8827106017889426,-1.8180646820820643
Federico Valverde,Real Madrid,es La Liga,"MF,DF",2740,MID,0,0.9998963999667159,0.5630400882306291,0.052997117998392115
Ignace Van Der Brempt,Como,it Serie A,DF,931,DEF,1,0.8870095249185093,-1.2199847173809413,-0.2030985795523469
Virgil van Dijk,Liverpool,eng Premier League,DF,3420,DEF,1,0.9117528814888811,-0.8714082154617652,0.19559222015367822
Vladyslav Vanat,Girona,es La Liga,FW,1942,FWD,0,0.9999999999999698,2.6345777496919327,0.2938808892271641
Jari Vandeputte,Cremonese,it Serie A,MF,1944,MID,0,1.0,0.23826237941902434,-0.23335991655323338
Vanderson,Monaco,fr Ligue 1,"DF,MF",616,DEF,0,0.9999999999999964,-2.0210248367575367,-0.6342448377203554
Maarten Vandevoordt,RB Leipzig,de Bundesliga,GK,1052,GK,2,1.0,-1.9857472656642985,1.6555688211890964
Charles Vanhoutte,Nice,fr Ligue 1,MF,1772,MID,1,0.9697544611351038,-1.8695244403082822,-0.191799161242278
Jamie Vardy,Cremonese,it Serie A,FW,2105,FWD,0,0.9999999999575717,2.1250358639936717,0.2658369305598894
Obed Vargas,Atlético Madrid,es La Liga,MF,740,MID,1,0.9553403507659796,-1.6627645475831971,-0.164022093239747
Ruben Vargas,Sevilla,es La Liga,"MF,FW",1594,MID,0,1.0,1.95994832080854,-0.0027824208281391092
Nikola Vasilj,St Pauli,de Bundesliga,GK,3060,GK,2,1.0,-2.058255309769073,5.425866799839132
Johan Vásquez,Genoa,it Serie A,DF,3215,DEF,1,0.9951060201025329,-1.6267204361700542,-0.06795091946209346
Denis Vavro,Wolfsburg,de Bundesliga,DF,1176,DEF,1,0.9919020065688973,-1.2068281151958575,0.11970685566222809
José Luis García Vayá,Valencia,es La Liga,"MF,DF",2225,MID,1,0.9926597042861602,-1.2247138266130448,-0.08206664943274375
Franco Vázquez,Cremonese,it Serie A,"FW,MF",524,FWD,0,0.9999999999957385,1.371502895401496,-0.3524888206446305
Jesus Vazquez,Valencia,es La Liga,"DF,MF",974,DEF,1,0.5927909822016652,-0.8142521715012766,-0.010191556695658341
Lucas Vázquez,Leverkusen,de Bundesliga,MF,481,MID,0,1.0,0.9401814648809826,-0.055150366195747307
Luis Vázquez,Getafe,es La Liga,FW,1194,FWD,0,1.0,3.344992425241886,0.15062952280450634
Matías Vecino,Lazio,it Serie A,MF,603,MID,1,0.9898313739108116,-1.3693876534027523,-0.113651487557491
Danilo Veiga,Lecce,it Serie A,DF,3020,DEF,1,0.7288453362324998,-1.6345030437593118,-0.22799416959008867
Renato Veiga,Villarreal,es La Liga,DF,2481,DEF,1,0.9882067364287561,-1.8231383131219714,0.12873538334027682
Joël Veltman,Brighton,eng Premier League,DF,1057,DEF,1,0.8328645929446461,-1.4916832933635125,-0.22294797155197943
Micky van de Ven,Tottenham Hotspur,eng Premier League,DF,3041,DEF,1,0.993677788194345,-1.1200263335985834,0.11829662033985952
Unai Vencedor Paris,Levante,es La Liga,MF,812,MID,0,0.9988652017328894,-1.4870539843256907,-0.25609788786206683
Nikolas Veratschnig,Mainz 05,de Bundesliga,"MF,DF",660,MID,0,0.976035784482947,-1.1357516107108228,-0.3521838475501139
Bart Verbruggen,Brighton,eng Premier League,GK,3420,GK,2,1.0,-1.902669950915538,-1.9045565270548217
Calvin Verdonk,Lille,fr Ligue 1,DF,790,DEF,1,0.8595310494870465,-2.1317003717637344,-0.23698077812541496
Antonio Vergara,Napoli,it Serie A,MF,612,MID,0,0.9999999999992042,1.8397448130702663,-0.31153471518672254
Arthur Vermeeren,Marseille,fr Ligue 1,MF,828,MID,1,0.9757707751001382,-1.9113636879762996,-0.13867538495196877
Mikel Vesga,Athletic Club,es La Liga,MF,465,MID,1,0.9477835435907502,-2.199548919432358,-0.36005266975523037
Guglielmo Vicario,Tottenham Hotspur,eng Premier League,GK,2790,GK,2,1.0,-2.0765490488095164,3.9316558627379345
Carlos Vicente,Alavés,es La Liga,MF,1258,MID,0,1.0,2.1544360270492953,-0.16886019201282254
Nacho Vidal,Oviedo,es La Liga,DF,2263,DEF,1,0.9969128072947381,-1.6883950515473654,-0.11203732155970696
Fabio Vieira,Hamburger SV,de Bundesliga,"MF,FW",2206,MID,0,0.9999999995759694,1.9815111433645403,0.0737049426945715
Gonzalo Villar,Elche,es La Liga,MF,718,MID,0,0.9999775083286877,-0.20445344253007378,-0.10918532042525958
Federico Viñas,Oviedo,es La Liga,"FW,MF",2439,FWD,0,0.9999999573615996,2.3547221880745677,-0.06590730429282698
Jan Virgili,Mallorca,es La Liga,"MF,FW",1792,MID,0,0.9999933422327695,1.1742236048242165,0.0624476334378847
Martin Vitík,Bologna,it Serie A,DF,1325,DEF,1,0.9858770508483692,-1.7582411916658824,-0.0798144272585887
Vitinha,Genoa,it Serie A,"FW,MF",2226,FWD,0,0.999999999786338,2.536543757460376,-0.12110124945211186
Vitinha,Paris Saint-Germain,fr Ligue 1,MF,2119,MID,0,0.9999859739851896,-0.19515270742183471,-0.035676301195774085
Daniel Vivian,Athletic Club,es La Liga,DF,2564,DEF,1,0.9991246376589842,-1.7078304759112135,-0.12631736255712187
Odysseas Vlachodimos,Sevilla,es La Liga,GK,2970,GK,2,1.0,-2.0548785228489073,3.903462033223166
Dušan Vlahović,Juventus,it Serie A,FW,968,FWD,0,1.0,5.998609935627858,0.3077956999376026
Nikola Vlašić,Torino,it Serie A,"MF,FW",3043,MID,1,0.5741634986580815,0.5639067589781211,-0.05922018852305385
Mërgim Vojvoda,Como,it Serie A,"MF,DF",1591,MID,0,0.9992810455176245,0.17806246568675782,0.09123517237198137
Cristian Volpato,Sassuolo,it Serie A,FW,1064,FWD,0,0.9999999999999929,1.337124348309307,-0.12122291553117051
Alexis Vossah,Toulouse,fr Ligue 1,MF,1092,MID,1,0.9737204194155924,-0.7896442015607076,0.028218989887484097
Aster Vranckx,Sassuolo,it Serie A,MF,690,MID,0,0.9888038455611025,-0.4896680684329365,-0.10320801665493098
Stefan de Vrij,Inter,it Serie A,DF,670,DEF,1,0.999078986405543,-1.7691237021369761,-0.07433660451293192
İsak Vural,Pisa,it Serie A,MF,752,MID,0,0.9999999980978025,0.15847138355366214,-0.14493493084432754
Luka Vušković,Hamburger SV,de Bundesliga,DF,2442,DEF,1,0.9498350745976494,-0.5722616648469016,-0.024845248110524975
Elye Wahi,Nice,fr Ligue 1,FW,922,FWD,0,1.0,5.713679624047555,0.2543901016808918
Hauke Wahl,St Pauli,de Bundesliga,DF,2592,DEF,1,0.9979510345698649,-1.7379576160883563,0.025809115943883923
Luca Waldschmidt,Köln,de Bundesliga,"FW,MF",677,FWD,0,1.0,5.607726782461916,0.09335072501082071
Kyle Walker,Burnley,eng Premier League,"DF,MF",3096,DEF,1,0.9983056763089313,-2.112140671039069,-0.0655925132513976
Kyle Walker-Peters,West Ham United,eng Premier League,DF,1383,DEF,1,0.8980611708619252,-1.3059021637478916,-0.14826986671008652
Sebastian Walukiewicz,Sassuolo,it Serie A,DF,2852,DEF,1,0.9935929047008074,-1.9128204804786506,-0.028233613727941725
Aaron Wan-Bissaka,West Ham United,eng Premier League,"DF,MF",2081,DEF,1,0.9780461868593964,-2.345494503523793,-0.1684475120981253
James Ward-Prowse,Burnley,eng Premier League,MF,684,MID,0,0.9999999999999964,-1.2221635504044228,-0.20185765475002343
Ollie Watkins,Aston Villa,eng Premier League,FW,2839,FWD,0,1.0,3.8879278944197453,0.2569004418689458
Timothy Weah,Marseille,fr Ligue 1,"MF,DF",2253,MID,1,0.671558047893693,-0.4347702471615732,-0.10104133177736169
Nelson Weiper,Mainz 05,de Bundesliga,FW,558,FWD,0,0.9999999999920668,1.70894443049462,0.22802747703087026
Danny Welbeck,Brighton,eng Premier League,FW,2258,FWD,0,0.9999999973490645,2.31704088620516,0.20849909070825556
Wesley,Roma,it Serie A,MF,2448,MID,0,0.9991101727373024,0.07056146610860657,-0.20190489519480012
Adam Wharton,Crystal Palace,eng Premier League,MF,2552,MID,0,0.9970718489324197,-0.6037621041181471,-0.17650466567172204
Ben White,Arsenal,eng Premier League,DF,702,DEF,0,0.6578332941964118,-0.9822480020620746,-0.0682965439675897
Silvan Widmer,Mainz 05,de Bundesliga,MF,1810,MID,1,0.9791430211589416,-0.9012784814614258,-0.04612326087863231
Mats Wieffer,Brighton,eng Premier League,DF,1903,DEF,1,0.9519776143536035,-0.8518820457174276,-0.27751858714010935
Iñaki Williams,Athletic Club,es La Liga,"MF,FW",2157,MID,0,0.9999999997090114,2.2303868732310095,0.09779045813560594
Neco Williams,Nottingham Forest,eng Premier League,DF,3204,DEF,0,0.9999719870453396,-0.3361501409109229,-0.24833383722508603
Nico Williams,Athletic Club,es La Liga,MF,1674,MID,0,0.9999999999754614,2.8535037373463332,0.035343901491446054
Estêvão Willian,Chelsea,eng Premier League,MF,848,MID,0,0.9999999994177369,2.8542509676536088,0.08391076715775575
Joe Willock,Newcastle United,eng Premier League,MF,983,MID,0,0.916857403761597,0.24953259455825577,-0.12991289962758604
Callum Wilson,West Ham United,eng Premier League,FW,1251,FWD,0,0.9999999999999929,3.5925138404408865,0.31200291471986036
Harry Wilson,Fulham,eng Premier League,MF,2673,MID,0,0.9999999999999734,2.758924388839968,0.09697629005182853
Patrick Wimmer,Wolfsburg,de Bundesliga,MF,1621,MID,0,0.9102407335784037,0.5032848485998244,-0.1982603657623107
Jonas Wind,Wolfsburg,de Bundesliga,FW,481,FWD,0,0.9999999999974776,2.2232144372838083,0.30143067197415474
Florian Wirtz,Liverpool,eng Premier League,MF,2378,MID,0,0.8888247641377227,0.7029241985511734,0.06489753401528274
Yoane Wissa,Newcastle United,eng Premier League,FW,531,FWD,0,0.9999999752157297,1.6723394318340086,0.22139790938302725
Axel Witsel,Girona,es La Liga,MF,2526,MID,1,0.9971828219123837,-1.1313418863238047,-0.06449944821643275
Marius Wolf,Augsburg,de Bundesliga,MF,1019,MID,0,0.9999999999963656,0.7062226149378391,0.007534886016143531
Nick Woltemade,Newcastle United,eng Premier League,"FW,MF",1902,FWD,0,0.9997341665594006,1.6634729803353476,0.17714864441140957
Jeong Woo-yeong,Union Berlin,de Bundesliga,"MF,FW",1197,MID,0,0.9988541209145576,1.4110158421271979,0.07528039791516805
Chris Wood,Nottingham Forest,eng Premier League,FW,901,FWD,0,0.9999999697615931,1.861604483978514,0.3525386441587114
Joe Worrall,Burnley,eng Premier League,DF,500,DEF,1,0.991852828773058,-2.306275516238942,0.11620040478136553
Granit Xhaka,Sunderland,eng Premier League,MF,2904,MID,0,0.9999335022293153,-0.8714780360981185,-0.09166194617100037
Lamine Yamal,Barcelona,es La Liga,"MF,FW",2262,MID,0,1.0,6.441108917887773,0.031807846595613705
Roman Yaremchuk,Lyon,fr Ligue 1,FW,561,FWD,0,1.0,4.066766534159997,0.28483763270090673
Yehor Yarmoliuk,Brentford,eng Premier League,MF,2659,MID,1,0.9973595983032313,-1.6394175949630672,-0.13826775663345153
Gessime Yassine,Strasbourg,fr Ligue 1,MF,510,MID,0,0.999999999999746,0.8118335703835303,-0.2609057252383073
Ryan Yates,Nottingham Forest,eng Premier League,MF,617,MID,0,0.9999968129986686,-0.19262810107454179,-0.3323857904108535
Terry Yegbe,Metz,fr Ligue 1,DF,1963,DEF,1,0.9951377252320489,-1.882737310523354,0.09584905816215775
Kenan Yıldız,Juventus,it Serie A,"MF,FW",2825,MID,0,1.0,3.491230613189152,0.11730686144646346
Darlin Yongwa,Lorient,fr Ligue 1,"DF,MF",1312,DEF,0,0.8441892392164667,-1.1147671517512845,-0.17760800094276327
Leny Yoro,Manchester Utd,eng Premier League,DF,1740,DEF,1,0.997810611588865,-2.195384791794329,-0.06929765945133996
Ali Yousuf,Nantes,fr Ligue 1,DF,969,DEF,1,0.9984010119401807,-2.0178014467568333,-0.07331887565309335
Illia Zabarnyi,Paris Saint-Germain,fr Ligue 1,DF,2387,DEF,1,0.9964448477700307,-1.9954513104045073,0.09990852439036828
Mattia Zaccagni,Lazio,it Serie A,FW,2104,FWD,0,0.9999999919407827,1.1347983602326537,-0.14700524579070284
Stephan Zagadou,Le Havre,fr Ligue 1,DF,495,DEF,1,0.8899663676913224,-1.178093728683541,0.11242977220182296
Warren Zaïre-Emery,Paris Saint-Germain,fr Ligue 1,"DF,MF",2447,DEF,1,0.8464917966239153,-0.6206445580808614,-0.0021142181897527467
Denis Zakaria,Monaco,fr Ligue 1,"DF,MF",2031,DEF,1,0.9966566299689045,-1.972876342588946,-0.16948414165041195
Arsen Zakharyan,Real Sociedad,es La Liga,MF,458,MID,0,0.9999999999999982,1.5689204496501612,-0.06054346432091848
Nicola Zalewski,Atalanta,it Serie A,MF,1897,MID,0,1.0,1.0350429029698163,-0.17453206673106952
Andre-Frank Zambo Anguissa,Napoli,it Serie A,MF,1258,MID,0,0.6650737159705306,0.6015581601545943,-0.056306168235795186
Nicolò Zaniolo,Udinese,it Serie A,"FW,MF",2257,FWD,0,1.0,3.3300705531125403,-0.1810562956474037
Alessandro Zanoli,Udinese,it Serie A,MF,1280,MID,0,0.9838088186703954,-1.1818823966403105,-0.0600459767744412
Duván Zapata,Torino,it Serie A,FW,1103,FWD,0,0.9999999999978506,3.393764087579614,0.21010659846860333
Gabriele Zappa,Cagliari,it Serie A,"DF,MF",1597,DEF,0,0.8674238497521454,-1.486849867465361,-0.039176621185662175
Davide Zappacosta,Atalanta,it Serie A,MF,2569,MID,0,0.9998472822923687,-0.037783648091125305,0.10697061406599585
Bryan Zaragoza,Celta Vigo,es La Liga,"FW,MF",1131,FWD,0,0.9999999999999876,2.0040843396758863,0.1460427462427444
Oier Zarraga,Udinese,it Serie A,MF,475,MID,1,0.9959701062454327,-1.5297343864489905,-0.1846285005836745
Aaron Zehnter,Wolfsburg,de Bundesliga,"DF,MF",1456,DEF,0,0.6170284359764255,-1.4381455870492077,0.13669530075798464
Jordan Zemura,Udinese,it Serie A,"MF,DF",1127,MID,0,0.9846975734975081,-0.906870089669665,-0.183072426733355
Robin Zentner,Mainz 05,de Bundesliga,GK,876,GK,2,1.0,-1.909860350673516,5.089421975336685
Alessio Zerbin,Cremonese,it Serie A,MF,1646,MID,0,0.9999996727716438,0.6580528706838515,-0.10371396199035605
Cedric Zesiger,Augsburg,de Bundesliga,DF,1816,DEF,1,0.9949138886883273,-1.6607084232568656,-0.054219356833464655
Michael Zetterer,Eintracht Frankfurt,de Bundesliga,GK,1976,GK,2,1.0,-1.9770531325034533,1.2936729006393253
Piotr Zieliński,Inter,it Serie A,MF,2045,MID,0,0.8922577751151033,0.34051853671562826,0.10297309955121489
Jan Ziółkowski,Roma,it Serie A,DF,517,DEF,0,0.729049150872573,-2.100819281037272,-0.4241235523750966
Joshua Zirkzee,Manchester Utd,eng Premier League,"FW,MF",626,FWD,0,0.9999999991957988,2.9303632033835503,0.12341822969115349
Budu Zivzivadze,Heidenheim,de Bundesliga,FW,1142,FWD,0,0.9999999999975273,2.9750410089485597,0.20173140822744662
Nadir Zortea,Bologna,it Serie A,DF,1819,DEF,0,0.7346683512480683,-1.2402776599902396,-0.11694680244876535
Yanis Zouaoui,Le Havre,fr Ligue 1,"DF,MF",2338,DEF,0,0.9999999999994937,-1.029349686127675,-0.17206832471622743
Igor Zubeldia,Real Sociedad,es La Liga,DF,2082,DEF,1,0.988166745901884,-1.989799840075647,-0.060215023270662506
Martín Zubimendi,Arsenal,eng Premier League,MF,2992,MID,1,0.998966387701533,-1.2305432508573964,-0.05059486618707111
Martin Ødegaard,Arsenal,eng Premier League,MF,1369,MID,0,0.9999999999997105,0.731611787993459,0.08820018209392168
